-- phpMyAdmin SQL Dump
-- version 5.1.4-dev+20220410.3300847701
-- https://www.phpmyadmin.net/
--
-- Host: 127.0.0.1
-- Generation Time: Jun 12, 2022 at 12:27 PM
-- Server version: 10.4.24-MariaDB
-- PHP Version: 8.1.4

SET SQL_MODE = "NO_AUTO_VALUE_ON_ZERO";
START TRANSACTION;
SET time_zone = "+00:00";


/*!40101 SET @OLD_CHARACTER_SET_CLIENT=@@CHARACTER_SET_CLIENT */;
/*!40101 SET @OLD_CHARACTER_SET_RESULTS=@@CHARACTER_SET_RESULTS */;
/*!40101 SET @OLD_COLLATION_CONNECTION=@@COLLATION_CONNECTION */;
/*!40101 SET NAMES utf8mb4 */;

--
-- Database: `triumph`
--

-- --------------------------------------------------------

--
-- Table structure for table `admins`
--

CREATE TABLE `admins` (
  `id` int(10) UNSIGNED NOT NULL,
  `name` varchar(191) COLLATE utf8mb4_unicode_ci NOT NULL,
  `email` varchar(191) COLLATE utf8mb4_unicode_ci NOT NULL,
  `image` varchar(255) COLLATE utf8mb4_unicode_ci DEFAULT NULL,
  `mobile` varchar(191) COLLATE utf8mb4_unicode_ci NOT NULL,
  `password` varchar(191) COLLATE utf8mb4_unicode_ci NOT NULL,
  `remember_token` varchar(100) COLLATE utf8mb4_unicode_ci DEFAULT NULL,
  `status` varchar(191) COLLATE utf8mb4_unicode_ci NOT NULL,
  `created_at` timestamp NULL DEFAULT NULL,
  `updated_at` timestamp NULL DEFAULT NULL
) ENGINE=InnoDB DEFAULT CHARSET=utf8mb4 COLLATE=utf8mb4_unicode_ci;

--
-- Dumping data for table `admins`
--

INSERT INTO `admins` (`id`, `name`, `email`, `image`, `mobile`, `password`, `remember_token`, `status`, `created_at`, `updated_at`) VALUES
(1, 'mahmoud', 'admin@admin.com', '214868', '1234567891', '$2y$10$p8fP0uZVZglPkxAYheT4Zu3fspp55a6/3rKzKZDRpfU.3BJd05ZfK', 'xzFP0ZJel2P5IoTmMexuXDPSYOMSSJnhOMUlWnlQNZxfsMlD0FwNAx0mxq9e', 'active', '2022-04-05 11:13:26', '2021-11-04 06:56:00'),
(5, 'mahmoud', 'b@b.com', NULL, '0592123488', '$2y$10$oZ79nsqhxIffD67ACV7xf.V0BBlT5D/7/sdRIITLwXPxswvtZRmZS', NULL, 'active', '2021-06-21 07:20:27', '2022-04-22 05:11:40'),
(6, 'ali', 'a@a.com', NULL, '1234567890', '$2y$10$ey2njugOIQeKfpiU4Ms63OTfQH/mcdz5Aqv30qgCOESg2Tj.lPCFO', NULL, 'not_active', '2022-04-11 08:07:11', '2022-04-11 08:07:37');

-- --------------------------------------------------------

--
-- Table structure for table `admin_roles`
--

CREATE TABLE `admin_roles` (
  `id` bigint(20) UNSIGNED NOT NULL,
  `admin_id` int(11) NOT NULL,
  `role_id` int(11) NOT NULL,
  `created_at` timestamp NULL DEFAULT NULL,
  `updated_at` timestamp NULL DEFAULT NULL,
  `deleted_at` timestamp NULL DEFAULT NULL
) ENGINE=InnoDB DEFAULT CHARSET=utf8mb4 COLLATE=utf8mb4_unicode_ci;

-- --------------------------------------------------------

--
-- Table structure for table `banners`
--

CREATE TABLE `banners` (
  `id` bigint(20) UNSIGNED NOT NULL,
  `image` varchar(191) COLLATE utf8mb4_unicode_ci NOT NULL,
  `link` varchar(191) COLLATE utf8mb4_unicode_ci NOT NULL,
  `status` enum('active','not_active') COLLATE utf8mb4_unicode_ci NOT NULL,
  `created_at` timestamp NULL DEFAULT NULL,
  `updated_at` timestamp NULL DEFAULT NULL,
  `deleted_at` timestamp NULL DEFAULT NULL
) ENGINE=InnoDB DEFAULT CHARSET=utf8mb4 COLLATE=utf8mb4_unicode_ci;

--
-- Dumping data for table `banners`
--

INSERT INTO `banners` (`id`, `image`, `link`, `status`, `created_at`, `updated_at`, `deleted_at`) VALUES
(1, 'D7bxQwTdtd3wLdy31752371653557246_2747334.png', '1', 'active', '2022-05-26 09:13:25', '2022-05-26 06:27:26', NULL),
(2, 'WzYOEB9QwAon2WL38336301653557477_6285964.png', '', 'not_active', '2022-05-26 06:31:17', '2022-05-26 06:35:29', NULL),
(3, 'CAR6d5aZIzk2mN313427801653557718_4451436.png', '', 'active', '2022-05-26 06:35:18', '2022-05-26 06:35:18', NULL);

-- --------------------------------------------------------

--
-- Table structure for table `banner_translations`
--

CREATE TABLE `banner_translations` (
  `id` bigint(20) UNSIGNED NOT NULL,
  `banner_id` int(10) UNSIGNED NOT NULL,
  `locale` varchar(191) COLLATE utf8mb4_unicode_ci NOT NULL,
  `title` varchar(191) COLLATE utf8mb4_unicode_ci NOT NULL,
  `description` text COLLATE utf8mb4_unicode_ci NOT NULL,
  `created_at` timestamp NULL DEFAULT NULL,
  `updated_at` timestamp NULL DEFAULT NULL,
  `deleted_at` timestamp NULL DEFAULT NULL
) ENGINE=InnoDB DEFAULT CHARSET=utf8mb4 COLLATE=utf8mb4_unicode_ci;

--
-- Dumping data for table `banner_translations`
--

INSERT INTO `banner_translations` (`id`, `banner_id`, `locale`, `title`, `description`, `created_at`, `updated_at`, `deleted_at`) VALUES
(1, 1, 'en', 'hello', 'hello world', NULL, NULL, NULL),
(2, 1, 'ar', 'مرحبا', 'مرحبا مرحبا', NULL, '2022-05-26 06:26:19', NULL);

-- --------------------------------------------------------

--
-- Table structure for table `bills`
--

CREATE TABLE `bills` (
  `id` bigint(20) UNSIGNED NOT NULL,
  `provider_id` varchar(191) COLLATE utf8mb4_unicode_ci NOT NULL,
  `price` double NOT NULL,
  `credit` int(11) NOT NULL,
  `exchange_price` varchar(191) COLLATE utf8mb4_unicode_ci NOT NULL,
  `bill_number` varchar(191) COLLATE utf8mb4_unicode_ci NOT NULL,
  `qr_code` varchar(191) COLLATE utf8mb4_unicode_ci NOT NULL,
  `user_id` varchar(191) COLLATE utf8mb4_unicode_ci DEFAULT NULL,
  `status` enum('active','not_active') COLLATE utf8mb4_unicode_ci NOT NULL,
  `created_at` timestamp NULL DEFAULT NULL,
  `updated_at` timestamp NULL DEFAULT NULL,
  `deleted_at` timestamp NULL DEFAULT NULL
) ENGINE=InnoDB DEFAULT CHARSET=utf8mb4 COLLATE=utf8mb4_unicode_ci;

--
-- Dumping data for table `bills`
--

INSERT INTO `bills` (`id`, `provider_id`, `price`, `credit`, `exchange_price`, `bill_number`, `qr_code`, `user_id`, `status`, `created_at`, `updated_at`, `deleted_at`) VALUES
(1, '1', 10, 10, '1', '123', '123', '2', 'not_active', '2022-05-24 05:51:21', '2022-05-29 03:16:06', NULL),
(2, '1', 180, 3, '50', '1234', '1231', '2', 'not_active', '2022-05-24 06:09:13', '2022-05-29 03:14:44', NULL),
(3, '1', 180, 4, '50', '12345', '12312', '2', 'active', '2022-05-24 06:10:16', '2022-05-24 08:20:22', NULL),
(5, '1', 180, 4, '50', '123456', '123123', '2', 'active', '2022-05-24 08:32:00', '2022-05-24 08:50:56', NULL),
(7, '1', 180, 4, '50', '12345678', '12312312', '4', 'active', '2022-05-24 09:33:33', '2022-05-25 02:57:30', NULL),
(8, '1', 180, 4, '50', '123456789', '123123123', '4', 'active', '2022-05-25 02:48:54', '2022-05-25 02:49:42', NULL),
(9, '1', 180, 4, '50', '1234567891', '1231231231', NULL, 'active', '2022-05-25 02:52:04', '2022-05-25 02:53:44', NULL),
(10, '1', 180, 4, '50', '12345644', '1231231244', '9', 'not_active', '2022-05-26 03:59:14', '2022-05-29 02:49:22', NULL),
(11, '1', 180, 4, '50', '12345655', '1231231255', NULL, 'active', '2022-05-26 04:00:33', '2022-05-26 04:10:50', NULL),
(12, '1', 180, 4, '50', '12345666', '1231231266', NULL, 'active', '2022-05-26 05:20:30', '2022-05-26 05:20:30', NULL),
(13, '1', 180, 4, '50', '12345677', '1231231277', NULL, 'active', '2022-05-26 05:20:49', '2022-05-26 09:45:56', NULL),
(14, '1', 180, 4, '50', '1111', '1111', '11', 'active', '2022-05-29 08:48:31', '2022-05-29 08:48:50', NULL),
(15, '1', 180, 4, '50', '2222', '2222', '9', 'active', '2022-05-29 08:50:40', '2022-05-29 08:50:52', NULL),
(16, '1', 180, 4, '50', '2212', '22322', NULL, 'active', '2022-06-05 12:57:33', '2022-06-05 12:57:33', NULL),
(17, '1', 180, 4, '50', '22222', '22222', '1', 'active', '2022-06-05 12:58:12', '2022-06-05 12:58:23', NULL),
(18, '1', 180, 4, '50', '222222', '222222', '1', 'active', '2022-06-05 12:58:46', '2022-06-05 13:00:15', NULL),
(19, '1', 300, 6, '50', '1', '1', '1', 'active', '2022-06-05 13:01:27', '2022-06-05 13:01:44', NULL),
(20, '1', 300, 6, '50', '2', '2', '1', 'active', '2022-06-05 13:04:12', '2022-06-05 13:04:29', NULL),
(21, '1', 300, 6, '50', '3', '3', '9', 'active', '2022-06-05 13:05:13', '2022-06-05 13:05:36', NULL),
(22, '1', 300, 6, '50', '4', '4', '9', 'active', '2022-06-05 13:06:04', '2022-06-05 13:06:20', NULL),
(23, '1', 300, 6, '50', '5', '5', '9', 'active', '2022-06-06 05:29:12', '2022-06-06 05:29:20', NULL),
(24, '1', 180, 4, '50', '21', '21', NULL, 'active', '2022-06-06 05:34:36', '2022-06-06 05:34:36', NULL),
(25, '1', 200, 4, '50', '25', '25', '9', 'active', '2022-06-06 05:35:31', '2022-06-06 05:36:01', NULL),
(26, '1', 300, 6, '50', '6', '6', '9', 'active', '2022-06-06 06:44:23', '2022-06-06 06:44:34', NULL),
(27, '1', 50, 1, '50', '50', '50', '9', 'active', '2022-06-07 05:25:37', '2022-06-07 05:26:00', NULL),
(28, '1', 50, 1, '50', '55', '55', '9', 'active', '2022-06-07 05:26:39', '2022-06-07 05:29:02', NULL),
(29, '1', 100, 2, '50', '100', '100', '9', 'active', '2022-06-07 05:28:40', '2022-06-07 05:29:15', NULL),
(30, '1', 500, 10, '50', '500', '500', '9', 'active', '2022-06-07 07:22:04', '2022-06-07 07:24:13', NULL),
(31, '1', 33, 1, '50', '33', '3333', '9', 'active', '2022-06-07 07:26:23', '2022-06-07 07:26:37', NULL),
(32, '1', 80, 2, '50', '80', '8080', NULL, 'active', '2022-06-07 08:01:42', '2022-06-07 08:01:42', NULL),
(33, '1', 66, 1, '50', '66', '6666', '9', 'active', '2022-06-07 10:25:26', '2022-06-07 10:26:44', NULL),
(34, '1', 987, 20, '50', '987', '987987', '9', 'active', '2022-06-07 10:28:05', '2022-06-07 10:33:09', NULL),
(35, '1', 987, 20, '50', '9879', '9879879', '9', 'active', '2022-06-07 10:34:15', '2022-06-07 10:34:19', NULL),
(36, '1', 963, 19, '50', '963', '963963', '9', 'active', '2022-06-07 10:44:03', '2022-06-07 10:44:24', NULL),
(37, '1', 963, 19, '50', '9632', '9639632', '9', 'active', '2022-06-07 10:45:16', '2022-06-07 10:45:24', NULL),
(38, '1', 9632, 193, '50', '96', '963296', '9', 'active', '2022-06-07 10:46:57', '2022-06-07 10:47:19', NULL),
(39, '1', 444, 9, '50', '111', '444111', '9', 'active', '2022-06-07 10:48:42', '2022-06-07 10:49:01', NULL),
(40, '1', 444, 9, '50', '11111', '44411111', '9', 'active', '2022-06-07 10:50:02', '2022-06-07 10:50:14', NULL),
(41, '1', 44338, 887, '50', '11110', '4433811110', '9', 'active', '2022-06-07 10:51:41', '2022-06-07 10:52:08', NULL),
(42, '1', 44338, 887, '50', '111102', '44338111102', '9', 'active', '2022-06-07 10:59:30', '2022-06-07 10:59:35', NULL),
(43, '1', 44338, 887, '50', '012', '44338012', '9', 'active', '2022-06-07 11:00:13', '2022-06-07 11:00:23', NULL),
(44, '1', 401, 8, '50', '0120', '4010120', '9', 'active', '2022-06-07 11:00:54', '2022-06-07 11:01:10', NULL),
(45, '1', 401, 8, '50', '0110', '4010110', '9', 'active', '2022-06-07 11:01:42', '2022-06-07 11:01:53', NULL),
(46, '1', 250, 5, '50', '650', '250650', '9', 'active', '2022-06-07 11:02:26', '2022-06-07 11:02:34', NULL),
(47, '1', 1322, 26, '50', '555', '1322555', '9', 'active', '2022-06-07 11:06:18', '2022-06-07 11:06:27', NULL),
(48, '1', 1322, 26, '50', '5550', '13225550', '9', 'active', '2022-06-07 11:07:24', '2022-06-07 11:07:28', NULL),
(49, '1', 1322, 26, '50', '55500', '132255500', '9', 'active', '2022-06-07 11:08:43', '2022-06-07 11:08:49', NULL),
(50, '1', 1322, 26, '50', '550', '1322550', '9', 'active', '2022-06-07 11:09:20', '2022-06-07 11:09:29', NULL),
(51, '1', 1322, 26, '50', '520', '1322520', '9', 'active', '2022-06-07 11:11:29', '2022-06-07 11:11:48', NULL),
(52, '1', 1320, 26, '50', '530', '1320530', '9', 'active', '2022-06-07 11:14:04', '2022-06-07 11:14:15', NULL),
(53, '1', 1320, 26, '50', '5300', '13205300', '9', 'active', '2022-06-07 11:14:45', '2022-06-07 11:14:53', NULL),
(54, '1', 0, 0, '50', '000', '000000', '9', 'active', '2022-06-07 11:15:57', '2022-06-07 11:16:05', NULL),
(55, '1', 0, 0, '50', '0001', '0000001', '9', 'active', '2022-06-07 11:16:37', '2022-06-07 11:16:45', NULL),
(56, '1', 0, 0, '50', '0002', '0000002', '9', 'active', '2022-06-07 11:17:16', '2022-06-07 11:17:22', NULL),
(57, '1', 0, 0, '50', '002', '000002', '9', 'active', '2022-06-07 11:17:51', '2022-06-07 11:17:57', NULL),
(58, '1', 0, 0, '50', '02', '00002', '9', 'active', '2022-06-07 11:23:14', '2022-06-07 11:23:38', NULL),
(59, '1', 0, 0, '50', '0', '0000', '9', 'active', '2022-06-07 11:24:32', '2022-06-07 11:24:48', NULL),
(60, '1', 0, 0, '50', '01', '0001', '9', 'active', '2022-06-07 11:25:24', '2022-06-07 11:25:30', NULL),
(61, '1', 0, 0, '50', '010', '00010', '9', 'active', '2022-06-07 11:26:02', '2022-06-07 11:26:09', NULL),
(62, '1', 0, 0, '50', '12', '0012', '9', 'active', '2022-06-07 11:26:55', '2022-06-07 11:27:12', NULL),
(63, '1', 0, 0, '50', '120', '00120', '9', 'active', '2022-06-07 11:27:43', '2022-06-07 11:27:46', NULL),
(64, '1', 0, 0, '50', '1200', '001200', '9', 'active', '2022-06-07 11:28:08', '2022-06-07 11:28:16', NULL),
(65, '1', 0, 0, '50', '1201', '001201', '9', 'active', '2022-06-07 11:29:25', '2022-06-07 11:29:33', NULL),
(66, '1', 0, 0, '50', '99', '0099', '9', 'active', '2022-06-07 11:30:29', '2022-06-07 11:30:35', NULL),
(67, '1', 0, 0, '50', '990', '00990', '9', 'active', '2022-06-07 11:31:35', '2022-06-07 11:31:39', NULL),
(68, '1', 50, 1, '50', '60', '5060', NULL, 'active', '2022-06-07 12:55:58', '2022-06-07 12:55:58', NULL),
(69, '1', 60, 1, '50', '600', '60600', NULL, 'active', '2022-06-07 12:57:02', '2022-06-07 12:57:02', NULL),
(70, '1', 1000, 20, '50', '2000', '10002000', NULL, 'active', '2022-06-07 13:01:02', '2022-06-07 13:01:02', NULL),
(71, '1', 5, 0, '50', '52220', '552220', NULL, 'active', '2022-06-12 06:14:25', '2022-06-12 06:14:25', NULL),
(72, '1', 1, 0, '50', '10', '00110', NULL, 'active', '2022-06-12 06:20:32', '2022-06-12 06:20:32', NULL),
(73, '1', 1, 0, '50', '1022', '0011022', NULL, 'active', '2022-06-12 06:33:39', '2022-06-12 06:33:39', NULL);

-- --------------------------------------------------------

--
-- Table structure for table `contacts`
--

CREATE TABLE `contacts` (
  `id` bigint(20) UNSIGNED NOT NULL,
  `name` varchar(191) COLLATE utf8mb4_unicode_ci NOT NULL,
  `email` varchar(191) COLLATE utf8mb4_unicode_ci NOT NULL,
  `mobile` varchar(191) COLLATE utf8mb4_unicode_ci NOT NULL,
  `message` text COLLATE utf8mb4_unicode_ci NOT NULL,
  `status` enum('active','not_active') COLLATE utf8mb4_unicode_ci NOT NULL,
  `is_read` enum('0','1') COLLATE utf8mb4_unicode_ci NOT NULL,
  `created_at` timestamp NULL DEFAULT NULL,
  `updated_at` timestamp NULL DEFAULT NULL,
  `deleted_at` timestamp NULL DEFAULT NULL
) ENGINE=InnoDB DEFAULT CHARSET=utf8mb4 COLLATE=utf8mb4_unicode_ci;

--
-- Dumping data for table `contacts`
--

INSERT INTO `contacts` (`id`, `name`, `email`, `mobile`, `message`, `status`, `is_read`, `created_at`, `updated_at`, `deleted_at`) VALUES
(1, 'mahmoud tabaza', 'a@a.com', '123456789', 'hello world !!', 'active', '0', '2022-05-26 05:30:01', '2022-05-26 05:30:01', NULL),
(2, 'mahmoud tabaza', 'a@a.com', '123456789', 'hello world !!', 'active', '0', '2022-05-26 05:30:15', '2022-05-26 05:30:15', NULL),
(3, 'mahmoud tabaza', 'a@a.com', '123456789', 'hello world !!', 'active', '0', '2022-05-26 05:30:22', '2022-05-26 05:30:22', NULL),
(4, 'mahmoud tabaza', 'a@a.com', '123456789', 'hello world !!', 'active', '0', '2022-05-26 05:31:49', '2022-05-26 05:31:49', NULL),
(5, 'mahmoud tabaza', 'a@a.com', '123456789', 'hello world !!', 'active', '0', '2022-05-26 05:32:02', '2022-05-26 05:32:02', NULL),
(6, 'mahmoud tabaza', 'a@a.com', '123456789', 'hello world !!', 'active', '0', '2022-05-26 05:32:07', '2022-05-26 05:32:07', NULL),
(7, 'mahmoud tabaza', 'a@a.com', '123456789', 'hello world !!', 'active', '0', '2022-06-01 09:25:07', '2022-06-01 09:25:07', NULL),
(8, 'mahmoud tabaza', 'a@a.comq', '123456789', 'hello world !!', 'active', '0', '2022-06-01 09:25:19', '2022-06-01 09:25:19', NULL),
(9, 'mahmoud tabazaa', 'a@a.com', '123456789', 'hello world !!', 'active', '0', '2022-06-01 09:25:27', '2022-06-01 09:25:27', NULL),
(10, 'mahmoud tabaza', 'a@a.com', '123456789', 'hello world !!', 'active', '0', '2022-06-01 09:52:15', '2022-06-01 09:52:15', NULL),
(11, 'ali', 'ali@gmail.com', '1234567890', 'hello my app', 'active', '0', '2022-06-01 10:05:26', '2022-06-01 10:05:26', NULL),
(12, 'mohammed', 'hashemhejazy7@gmail.com', '05999999', 'helllklklppdkdbjdksbsbsksbsbsj', 'active', '0', '2022-06-07 07:50:08', '2022-06-07 07:50:08', NULL);

-- --------------------------------------------------------

--
-- Table structure for table `failed_jobs`
--

CREATE TABLE `failed_jobs` (
  `id` bigint(20) UNSIGNED NOT NULL,
  `uuid` varchar(191) COLLATE utf8mb4_unicode_ci NOT NULL,
  `connection` text COLLATE utf8mb4_unicode_ci NOT NULL,
  `queue` text COLLATE utf8mb4_unicode_ci NOT NULL,
  `payload` longtext COLLATE utf8mb4_unicode_ci NOT NULL,
  `exception` longtext COLLATE utf8mb4_unicode_ci NOT NULL,
  `failed_at` timestamp NOT NULL DEFAULT current_timestamp()
) ENGINE=InnoDB DEFAULT CHARSET=utf8mb4 COLLATE=utf8mb4_unicode_ci;

-- --------------------------------------------------------

--
-- Table structure for table `gifts`
--

CREATE TABLE `gifts` (
  `id` bigint(20) UNSIGNED NOT NULL,
  `image` varchar(191) COLLATE utf8mb4_unicode_ci NOT NULL,
  `price_by_credit` int(11) NOT NULL,
  `end_date` timestamp NOT NULL DEFAULT current_timestamp() ON UPDATE current_timestamp(),
  `winner_id` int(11) DEFAULT NULL,
  `status` enum('active','not_active') COLLATE utf8mb4_unicode_ci NOT NULL DEFAULT 'active',
  `created_at` timestamp NULL DEFAULT NULL,
  `updated_at` timestamp NULL DEFAULT NULL,
  `deleted_at` timestamp NULL DEFAULT NULL
) ENGINE=InnoDB DEFAULT CHARSET=utf8mb4 COLLATE=utf8mb4_unicode_ci;

--
-- Dumping data for table `gifts`
--

INSERT INTO `gifts` (`id`, `image`, `price_by_credit`, `end_date`, `winner_id`, `status`, `created_at`, `updated_at`, `deleted_at`) VALUES
(1, '7zwRYoXBEug19fv19337261653807483_3702255.png', 10, '2022-06-12 07:19:01', 9, 'not_active', '2022-05-24 05:48:20', '2022-05-29 03:58:29', NULL),
(2, '0K2ScsBPHOGVxRY69236981653807879_5859119.png', 2, '2022-06-12 07:19:01', 9, 'active', '2022-05-08 07:09:26', '2022-05-29 06:27:28', NULL),
(3, 'C2yRIbjIVPhJ7AH51540321653807860_2979952.png', 3, '2022-06-12 07:19:01', 10, 'active', '2022-05-29 04:04:20', '2022-05-29 04:04:20', NULL);

-- --------------------------------------------------------

--
-- Table structure for table `gift_translations`
--

CREATE TABLE `gift_translations` (
  `id` bigint(20) UNSIGNED NOT NULL,
  `gift_id` int(11) NOT NULL,
  `locale` varchar(191) COLLATE utf8mb4_unicode_ci NOT NULL,
  `name` varchar(191) COLLATE utf8mb4_unicode_ci NOT NULL,
  `created_at` timestamp NULL DEFAULT NULL,
  `updated_at` timestamp NULL DEFAULT NULL,
  `deleted_at` timestamp NULL DEFAULT NULL
) ENGINE=InnoDB DEFAULT CHARSET=utf8mb4 COLLATE=utf8mb4_unicode_ci;

--
-- Dumping data for table `gift_translations`
--

INSERT INTO `gift_translations` (`id`, `gift_id`, `locale`, `name`, `created_at`, `updated_at`, `deleted_at`) VALUES
(1, 1, 'en', 'first gift', '2022-05-24 05:49:37', '2022-05-24 05:49:37', NULL),
(2, 1, 'ar', 'الجائزة الأولى', '2022-05-08 07:09:26', '2022-05-24 05:49:37', NULL),
(3, 2, 'en', 'second gift', '2022-05-24 05:50:49', '2022-05-24 05:50:49', NULL),
(4, 2, 'ar', 'الجائزة الثانية', '2022-05-24 05:50:49', '2022-05-24 05:50:49', NULL),
(5, 3, 'en', 'third gift', '2022-05-29 04:04:20', '2022-05-29 04:04:20', NULL),
(6, 3, 'ar', 'الجائزة الثالثة', '2022-05-29 04:04:20', '2022-05-29 04:04:20', NULL);

-- --------------------------------------------------------

--
-- Table structure for table `languages`
--

CREATE TABLE `languages` (
  `id` bigint(20) UNSIGNED NOT NULL,
  `lang` varchar(191) COLLATE utf8mb4_unicode_ci NOT NULL,
  `flag` varchar(191) COLLATE utf8mb4_unicode_ci NOT NULL,
  `created_at` timestamp NULL DEFAULT NULL,
  `updated_at` timestamp NULL DEFAULT NULL,
  `deleted_at` timestamp NULL DEFAULT NULL
) ENGINE=InnoDB DEFAULT CHARSET=utf8mb4 COLLATE=utf8mb4_unicode_ci;

--
-- Dumping data for table `languages`
--

INSERT INTO `languages` (`id`, `lang`, `flag`, `created_at`, `updated_at`, `deleted_at`) VALUES
(1, 'en', '', NULL, NULL, NULL),
(2, 'ar', '', NULL, NULL, NULL);

-- --------------------------------------------------------

--
-- Table structure for table `language_translation`
--

CREATE TABLE `language_translation` (
  `id` bigint(20) UNSIGNED NOT NULL,
  `language_id` int(11) NOT NULL,
  `locale` varchar(191) COLLATE utf8mb4_unicode_ci NOT NULL,
  `name` varchar(191) COLLATE utf8mb4_unicode_ci NOT NULL,
  `created_at` timestamp NULL DEFAULT NULL,
  `updated_at` timestamp NULL DEFAULT NULL,
  `deleted_at` timestamp NULL DEFAULT NULL
) ENGINE=InnoDB DEFAULT CHARSET=utf8mb4 COLLATE=utf8mb4_unicode_ci;

--
-- Dumping data for table `language_translation`
--

INSERT INTO `language_translation` (`id`, `language_id`, `locale`, `name`, `created_at`, `updated_at`, `deleted_at`) VALUES
(1, 1, 'en', 'English', NULL, NULL, NULL),
(2, 1, 'ar', 'إنجليزي', NULL, NULL, NULL),
(3, 2, 'en', 'Arabic', NULL, NULL, NULL),
(4, 2, 'ar', 'عربي', NULL, NULL, NULL);

-- --------------------------------------------------------

--
-- Table structure for table `migrations`
--

CREATE TABLE `migrations` (
  `id` int(10) UNSIGNED NOT NULL,
  `migration` varchar(191) COLLATE utf8mb4_unicode_ci NOT NULL,
  `batch` int(11) NOT NULL
) ENGINE=InnoDB DEFAULT CHARSET=utf8mb4 COLLATE=utf8mb4_unicode_ci;

--
-- Dumping data for table `migrations`
--

INSERT INTO `migrations` (`id`, `migration`, `batch`) VALUES
(1, '2014_10_12_000000_create_users_table', 1),
(2, '2014_10_12_100000_create_password_resets_table', 1),
(3, '2022_02_05_120404_create_settings_table', 2),
(4, '2022_02_05_120430_create_setting_translations_table', 2),
(5, '2022_03_04_115027_create_contacts_table', 2),
(6, '2022_03_06_072541_create_admin_roles_table', 2),
(7, '2022_03_06_072637_create_roles_table', 2),
(8, '2022_03_06_072708_create_permissions_table', 2),
(9, '2022_03_06_072813_create_permission_translations_table', 2),
(10, '2022_03_06_081530_create_role_translations_table', 2),
(11, '2022_03_06_081604_create_role_permissions_table', 2),
(12, '2022_03_07_201822_create_pages_table', 2),
(13, '2022_03_07_201850_create_page_translations_table', 2),
(14, '2022_03_20_132959_create_languages_table', 2),
(15, '2022_03_20_133027_create_language_translation_table', 2),
(16, '0000_00_00_000000_create_websockets_statistics_entries_table', 3),
(17, '2016_06_01_000001_create_oauth_auth_codes_table', 3),
(18, '2016_06_01_000002_create_oauth_access_tokens_table', 3),
(19, '2016_06_01_000003_create_oauth_refresh_tokens_table', 3),
(20, '2016_06_01_000004_create_oauth_clients_table', 3),
(21, '2016_06_01_000005_create_oauth_personal_access_clients_table', 3),
(22, '2019_08_19_000000_create_failed_jobs_table', 3),
(23, '2022_02_28_125214_create_banners_table', 4),
(24, '2022_02_28_125336_create_banner_translations_table', 4),
(25, '2022_05_24_054201_create_gifts_table', 5),
(26, '2022_05_24_054218_create_gift_translations_table', 5),
(27, '2022_05_24_063926_create_varification_codes_table', 6),
(28, '2022_05_24_081326_create_bills_table', 7),
(29, '2022_05_24_093241_create_subscriptions_table', 8),
(30, '2022_05_24_094456_create_wallets_table', 8),
(31, '2022_06_12_092449_create_notifications_table', 9),
(32, '2022_06_12_094500_create_notification_translations_table', 9);

-- --------------------------------------------------------

--
-- Table structure for table `notifications`
--

CREATE TABLE `notifications` (
  `id` bigint(20) UNSIGNED NOT NULL,
  `user_id` int(11) NOT NULL,
  `winner_id` int(11) NOT NULL,
  `type` int(11) NOT NULL COMMENT '1->admin , 2->winner',
  `created_at` timestamp NULL DEFAULT NULL,
  `updated_at` timestamp NULL DEFAULT NULL,
  `deleted_at` timestamp NULL DEFAULT NULL
) ENGINE=InnoDB DEFAULT CHARSET=utf8mb4 COLLATE=utf8mb4_unicode_ci;

--
-- Dumping data for table `notifications`
--

INSERT INTO `notifications` (`id`, `user_id`, `winner_id`, `type`, `created_at`, `updated_at`, `deleted_at`) VALUES
(1, 16, 2, 2, '2022-06-21 10:20:30', NULL, NULL),
(2, 16, 3, 2, '2022-06-07 10:20:33', NULL, NULL);

-- --------------------------------------------------------

--
-- Table structure for table `notification_translations`
--

CREATE TABLE `notification_translations` (
  `id` bigint(20) UNSIGNED NOT NULL,
  `notification_id` int(11) NOT NULL,
  `locale` varchar(191) COLLATE utf8mb4_unicode_ci NOT NULL,
  `title` varchar(191) COLLATE utf8mb4_unicode_ci NOT NULL,
  `message` varchar(191) COLLATE utf8mb4_unicode_ci NOT NULL,
  `created_at` timestamp NULL DEFAULT NULL,
  `updated_at` timestamp NULL DEFAULT NULL,
  `deleted_at` timestamp NULL DEFAULT NULL
) ENGINE=InnoDB DEFAULT CHARSET=utf8mb4 COLLATE=utf8mb4_unicode_ci;

--
-- Dumping data for table `notification_translations`
--

INSERT INTO `notification_translations` (`id`, `notification_id`, `locale`, `title`, `message`, `created_at`, `updated_at`, `deleted_at`) VALUES
(1, 1, 'en', 'hi', 'hiiii', NULL, NULL, NULL),
(2, 1, 'ar', 'م', 'مممممم', NULL, NULL, NULL),
(3, 2, 'en', 'hello', 'hellooooooo', NULL, NULL, NULL),
(4, 2, 'ar', 'ن', 'ننننننننن', NULL, NULL, NULL);

-- --------------------------------------------------------

--
-- Table structure for table `oauth_access_tokens`
--

CREATE TABLE `oauth_access_tokens` (
  `id` varchar(100) COLLATE utf8mb4_unicode_ci NOT NULL,
  `user_id` int(11) DEFAULT NULL,
  `client_id` int(11) NOT NULL,
  `name` varchar(191) COLLATE utf8mb4_unicode_ci DEFAULT NULL,
  `scopes` text COLLATE utf8mb4_unicode_ci DEFAULT NULL,
  `revoked` tinyint(1) NOT NULL,
  `created_at` timestamp NULL DEFAULT NULL,
  `updated_at` timestamp NULL DEFAULT NULL,
  `expires_at` datetime DEFAULT NULL
) ENGINE=InnoDB DEFAULT CHARSET=utf8mb4 COLLATE=utf8mb4_unicode_ci;

--
-- Dumping data for table `oauth_access_tokens`
--

INSERT INTO `oauth_access_tokens` (`id`, `user_id`, `client_id`, `name`, `scopes`, `revoked`, `created_at`, `updated_at`, `expires_at`) VALUES
('0053bb43b3d448d934c61b1ed8834fc12cf01477e33d6260e039642ccb5ca37f289bd32357d395bf', 2, 1, 'mobile', '[]', 1, '2021-12-28 15:35:17', '2021-12-28 15:35:17', '2022-12-28 09:35:17'),
('008450747a676faaa8d4de1b81c3ae8d7fbece3f5cde07b6d3587d11678596e5a31340df68bf51a6', 10, 1, 'mobile', '[]', 1, '2019-12-08 04:06:24', '2019-12-08 04:06:24', '2020-12-07 21:06:24'),
('00905e9fabc228e121669c018dafc4a6b1f44b8186f49f539ca31613004636c605f907b7cc115a22', 10, 1, 'mobile', '[]', 1, '2021-06-14 14:15:50', '2021-06-14 14:15:50', '2022-06-14 14:15:50'),
('00986f1db9c3a901feb5e805d3425e0eda561aa500857dc6b35d79b2eb4bfa1d88e8d6e431f6c159', 17, 1, 'mobile', '[]', 1, '2021-03-16 17:35:59', '2021-03-16 17:35:59', '2022-03-16 12:35:59'),
('00a8e03c38e6b269a5d2f7e4f286dfffd6c6a1dc602be96efa5c892d7229cca18bfc45e57fcd4533', 1, 1, 'mobile', '[]', 0, '2020-03-31 10:37:45', '2020-03-31 10:37:45', '2021-03-31 13:37:45'),
('00c79868455bec16b67addc2089be811e81013ee3f3ea5879c485281186fa1e869a5e5c8112d9918', 9, 1, 'mobile', '[]', 0, '2021-12-02 21:30:56', '2021-12-02 21:30:56', '2022-12-02 15:30:56'),
('00d48bcf95e49026e9cb558275e18523ed0342933ed30de6ff0babcef7baa22e394e9e53591f7ee6', 19, 1, 'mobile', '[]', 0, '2021-06-17 10:02:07', '2021-06-17 10:02:07', '2022-06-17 10:02:07'),
('00e9c18a098eecd11ff367b582ab33c9091b5a1fb068b2b1a3db0cb7b7fbaf9f2af1984fbbf252ea', 17, 1, 'mobile', '[]', 1, '2021-03-14 15:45:30', '2021-03-14 15:45:30', '2022-03-14 10:45:30'),
('00f09f716362d35ad058ef0294799907d40e6eb60206499fb4143d090238ad7367470ecf25c7f4d9', 1, 1, 'mobile', '[]', 0, '2021-12-07 17:55:26', '2021-12-07 17:55:26', '2022-12-07 11:55:26'),
('01131dae54517de90fc3ff32c0576e31b5af19c99bdc755dbb6fb566fcb878e7026b9950ef32069b', 15, 1, 'mobile', '[]', 1, '2021-03-31 11:48:32', '2021-03-31 11:48:32', '2022-03-31 06:48:32'),
('0166fb8af02abae703b33bc4b05dbcc853e345516c133747b9dc6f1d703f835770612f1a4bf56b48', 14, 1, 'mobile', '[]', 0, '2021-06-14 15:20:27', '2021-06-14 15:20:27', '2022-06-14 15:20:27'),
('0177fae5e36a06e152771d751aa17cd3722f98258d2cfaf7d75f9e551c077a2afe04552ae58d90f3', 18, 1, 'mobile', '[]', 0, '2021-03-31 11:56:58', '2021-03-31 11:56:58', '2022-03-31 06:56:58'),
('01a59257ad7d98a44a54c83c10fdddc3274d1bcc594531b7205f1efeabedde4fc66a7147a3247a52', 3, 1, 'mobile', '[]', 0, '2020-05-12 18:31:13', '2020-05-12 18:31:13', '2021-05-12 13:31:13'),
('01bf24145a147f9bbb911c61256ffcd66b7b52c19faf454ed0a4a2b038c7f949b018f88083b064ca', 15, 1, 'mobile', '[]', 1, '2021-03-23 16:21:28', '2021-03-23 16:21:28', '2022-03-23 11:21:28'),
('01c099e88af42cf240e7195b364874d926c9d8ef8470f908689ca11890997c862a13987ce9a51b06', 23, 1, 'mobile', '[]', 0, '2021-03-28 14:02:23', '2021-03-28 14:02:23', '2022-03-28 09:02:23'),
('01d5dcb1d1815f4dcac4e0b3e6f9cb38b9e97fd9d3b04f6cb0b8fd212b30f5eaa1fb817586e8c66c', 9, 1, 'mobile', '[]', 0, '2021-03-04 21:44:45', '2021-03-04 21:44:45', '2022-03-04 15:44:45'),
('01ef7cd49b196de540e1d344545142ec65e0a880fce2b18d3b411f77edfed5b4af7a23c2ef0ef272', 17, 1, 'mobile', '[]', 0, '2021-03-10 14:08:12', '2021-03-10 14:08:12', '2022-03-10 08:08:12'),
('0224f534ca3d54d79bb1479083befa9addb54b8756132b2326917e821e4a1a19d4e437f0d2c64112', 8, 1, 'mobile', '[]', 0, '2019-12-10 23:33:41', '2019-12-10 23:33:41', '2020-12-10 16:33:41'),
('022a066058798420d185237535530aedf7e8c45b27d3f00dd911c41a38b1daabcf9bbd27f501c6d6', 1, 1, 'mobile', '[]', 0, '2019-12-02 18:35:05', '2019-12-02 18:35:05', '2020-12-02 11:35:05'),
('023632b8cbc43c57d47a104f2338a023576ac3e1a3ec0d18defc481b340ac448942d4919048e1a28', 7, 1, 'mobile', '[]', 0, '2021-04-21 15:37:54', '2021-04-21 15:37:54', '2022-04-21 15:37:54'),
('025154491e71ae3ecf473dc470dd4fd1bb5d15729031971ffc2ffafc574b3565bbef2e792c17d15b', 9, 1, 'mobile', '[]', 0, '2022-06-08 10:08:41', '2022-06-08 10:08:41', '2023-06-08 10:08:41'),
('02520fd116a1f1d80973a2fc466f6b2e82d93f5adb6ba4669d41d9e3919758ebff1703df57cae2fc', 9, 1, 'mobile', '[]', 1, '2022-06-08 11:55:50', '2022-06-08 11:55:50', '2023-06-08 11:55:50'),
('0255907705c20266542077fee606dfde1aecfc8a725306f86feb1f37697efa40d0f8520840639576', 7, 1, 'mobile', '[]', 0, '2020-06-07 22:57:25', '2020-06-07 22:57:25', '2021-06-07 15:57:25'),
('0287c0743d4a05e2f297b673bb9b9cdb757638d170e4ece10ce5fb306f3dceb31cb29800b051174d', 1, 1, 'mobile', '[]', 0, '2021-03-16 17:30:51', '2021-03-16 17:30:51', '2022-03-16 12:30:51'),
('02ae4d1b78cc5e55eaa169abbf92d16fd8773a1154c856017ec9a06796660c7b1e7791384c0fa9c3', 19, 1, 'mobile', '[]', 1, '2021-03-17 12:18:52', '2021-03-17 12:18:52', '2022-03-17 07:18:52'),
('02cb3288650d6f1874249a6cbc20b8cb8dff2e275990e687f0c08e0bb636456450056a92aec07f52', 12, 1, 'mobile', '[]', 0, '2021-02-24 02:44:19', '2021-02-24 02:44:19', '2022-02-23 20:44:19'),
('02fa565b231f95b1eaa8a1455d29725213ed9b5dd2024fe06d9d7f4504ddd93e64756cf69588a38c', 23, 1, 'mobile', '[]', 1, '2021-03-19 04:26:09', '2021-03-19 04:26:09', '2022-03-18 23:26:09'),
('0328ae1d0b6a7b2fa9bac487268857e72749285cb4985cd0ed345a74bfa5a8aa552359ac3ee2ffbf', 15, 1, 'mobile', '[]', 0, '2021-03-17 17:44:17', '2021-03-17 17:44:17', '2022-03-17 12:44:17'),
('034851a7434162a52aa582181ad508ed3975f324a73db0f8670b33c94c216e0f4b822890283dfa44', 12, 1, 'mobile', '[]', 1, '2021-02-23 19:00:51', '2021-02-23 19:00:51', '2022-02-23 13:00:51'),
('034f54a02ee611e074e69a2df1c525ef790c835698f234949b43fa3fc9b2d746379a5e50bc51520b', 3, 1, 'mobile', '[]', 0, '2019-12-02 20:01:41', '2019-12-02 20:01:41', '2020-12-02 13:01:41'),
('0357742e3ea26cca2e2bb1272ae9a556bfda88f08c2d9f2859295923430aa7cb09390cbbb7d7d135', 9, 1, 'mobile', '[]', 1, '2022-06-06 11:35:14', '2022-06-06 11:35:14', '2023-06-06 11:35:14'),
('038a8c90d38aacaf1840412a02b5d1afb79b21d1b299dd12b313a1262eca0f148a4d1014b23d3214', 15, 1, 'mobile', '[]', 1, '2021-03-26 03:17:41', '2021-03-26 03:17:41', '2022-03-25 22:17:41'),
('046cfbde2b3b49f249ccf320d2e7fcf499806d573c772c63e0ff318fb1005b6e34015b81c674bf48', 13, 1, 'mobile', '[]', 0, '2021-03-07 14:40:25', '2021-03-07 14:40:25', '2022-03-07 08:40:25'),
('048583518e3fcffaa6a5ee80c0c632647c168e34b6a4c6dcadecb4b2536f17e5eab2e64e2a069a39', 9, 1, 'mobile', '[]', 1, '2022-06-06 08:11:05', '2022-06-06 08:11:05', '2023-06-06 08:11:05'),
('04a514d81ca9fdee43e4288e619593a38d477ee26e64acf6c4380fc182979d14387272dc3a80a4da', 10, 1, 'mobile', '[]', 1, '2019-12-08 03:18:41', '2019-12-08 03:18:41', '2020-12-07 20:18:41'),
('04edccdde21ef97435293260a690c5d5fac2389174df7c0def919cada04429113f83a780a4aa7d6a', 2, 1, 'mobile', '[]', 1, '2022-01-04 19:37:00', '2022-01-04 19:37:00', '2023-01-04 13:37:00'),
('0501e2bd912eca2509ff778b93731223fec2928cc1ec3eed378000479f3b076da6e12ae4f9747985', 9, 1, 'mobile', '[]', 0, '2022-06-05 05:30:03', '2022-06-05 05:30:03', '2023-06-05 05:30:03'),
('0517acc315048dc776b7d767b9e1c0aefbb8ce4e74c5c4874d8b895163394c1b41af18419387d50a', 2, 1, 'mobile', '[]', 1, '2021-12-30 22:08:49', '2021-12-30 22:08:49', '2022-12-30 16:08:49'),
('05273fe19897180021077e7f4b6dca04f179d12b4211c737d5d8925cb2c7548a8d649cebd5cff011', 7, 1, 'mobile', '[]', 0, '2020-06-04 13:16:26', '2020-06-04 13:16:26', '2021-06-04 06:16:26'),
('058044088aab4aa3f980a02e901c00e55cbd9aa35610d77749916d9e21c33c6d59c22636017e4d15', 1, 1, 'mobile', '[]', 0, '2021-12-13 15:41:36', '2021-12-13 15:41:36', '2022-12-13 09:41:36'),
('05958767a6b03f053b0f2aa1f5a9a71318dc1c3019daddd7aaf9fe06a32908eebb42e0298b98c75c', 10, 1, 'mobile', '[]', 0, '2021-06-10 11:37:01', '2021-06-10 11:37:01', '2022-06-10 11:37:01'),
('05da16a24617cc17ed4c813adaa2a24375af137643d2eb24ec10a486692106dc9cbde2b2e678660e', 3, 1, 'mobile', '[]', 0, '2021-02-10 06:30:03', '2021-02-10 06:30:03', '2022-02-10 08:30:03'),
('05f1ac72c0515d355b5ef42c0e14bda8195009e1415b09eeb40ce2bc603f0b03f20e1d55958f9234', 2, 1, 'mobile', '[]', 1, '2022-01-20 16:54:20', '2022-01-20 16:54:20', '2023-01-20 10:54:20'),
('064b07e398ab4f6a861978cdb31c934c806ab59e3b9aaef7e2ec4a5130b5be4284507ccbd67a2ec2', 2, 1, 'mobile', '[]', 0, '2022-01-20 18:45:45', '2022-01-20 18:45:45', '2023-01-20 12:45:45'),
('072487351bd2a51b2a8f78f553f4174ba490c329a89afe0a18d280e8e0b31b6aaf7a854deec2057b', 4, 1, 'mobile', '[]', 0, '2021-02-23 16:59:29', '2021-02-23 16:59:29', '2022-02-23 10:59:29'),
('076e879fdef9d186c842441ddf569d7b6c0ffe92b1a9eb244d33a987127bc430d80a60f6381011ac', 1, 1, 'mobile', '[]', 0, '2022-05-16 09:48:09', '2022-05-16 09:48:09', '2023-05-16 12:48:09'),
('07a2dac63769808bec4e5d39411083ed4e05250927849fbec5b7a58a3a1bc50395ec7d973517711b', 17, 1, 'mobile', '[]', 0, '2021-03-10 14:10:05', '2021-03-10 14:10:05', '2022-03-10 08:10:05'),
('0812ec8d803f39923f15bca7d48be1f6fc501c149de2951beb2d68bba5ec2e18401abf3586c0ec97', 1, 1, 'mobile', '[]', 0, '2022-01-05 15:55:14', '2022-01-05 15:55:14', '2023-01-05 09:55:14'),
('082b9264ff5a36c7f18bc3b86e4ec1f4b652ca6002164b4378147ddaf973858443641f27dfcb02e6', 2, 1, 'mobile', '[]', 1, '2022-01-19 18:41:07', '2022-01-19 18:41:07', '2023-01-19 12:41:07'),
('08436d35008d63ca24de226238cc6e90e75e0ee8ce211e08d7a69183d9d53e7a1ffa4a71baad76b4', 17, 1, 'mobile', '[]', 1, '2021-03-14 13:17:06', '2021-03-14 13:17:06', '2022-03-14 08:17:06'),
('0874458ff9e7c6b298fd259c82145924e617e3d6f693b7671c8a46672e61df926a3e7839ea5e6096', 1, 1, 'mobile', '[]', 0, '2021-04-17 17:24:38', '2021-04-17 17:24:38', '2022-04-17 17:24:38'),
('088a6a705222b7b2cbf6f960bf40c17e29e08322c6aada00c28c7d2c2bd2e01815a670a725ed65c2', 1, 1, 'mobile', '[]', 0, '2021-12-09 15:44:13', '2021-12-09 15:44:13', '2022-12-09 09:44:13'),
('08b714be863995d0c320dee1913de9d7f11d2bcfba7832587840dc726a1b2a76a119f4f23e89a87c', 15, 1, 'mobile', '[]', 0, '2021-03-22 13:10:58', '2021-03-22 13:10:58', '2022-03-22 08:10:58'),
('08ca211f5007de8e5541dcb9ff4acc9386eff029a2afc734eec1085d9d051f483137ae7cb6e2984d', 9, 1, 'mobile', '[]', 0, '2022-06-06 07:33:13', '2022-06-06 07:33:13', '2023-06-06 07:33:13'),
('08dd0605a171432f67eefdba5f12787308c29bee9edc92ffa02c72dec8290a32d273c37585b20518', 9, 1, 'mobile', '[]', 1, '2022-06-01 08:46:53', '2022-06-01 08:46:53', '2023-06-01 08:46:53'),
('0918977b8e8b899bd28b1b03b0f59e5ad398490b217a69c204e203f914ddea49f8d8eeade6db8462', 2, 1, 'mobile', '[]', 0, '2022-01-03 15:40:13', '2022-01-03 15:40:13', '2023-01-03 09:40:13'),
('09201856dea87b4736b2380b9743ddbf859ac064d419768fc5fa70cc9cc9df012411c77b9869a30b', 9, 1, 'mobile', '[]', 1, '2022-06-06 12:40:01', '2022-06-06 12:40:01', '2023-06-06 12:40:01'),
('0937a3e33e5697fbfc80cfd7eb53d6d0c257c8da29084be1a9a6676bbcd32627aef13bd2cf6e0132', 14, 1, 'mobile', '[]', 1, '2021-06-13 10:06:59', '2021-06-13 10:06:59', '2022-06-13 10:06:59'),
('0952c3808e2d0f290e66297ccef499abd8f93e9933f9ad5166203112e0e9fe80c1caaf55036fd811', 1, 1, 'mobile', '[]', 0, '2022-06-01 05:50:19', '2022-06-01 05:50:19', '2023-06-01 05:50:19'),
('095b99aaee4a2d8b657b7f431d4782ee959aa8352400844480a1c283a89db15c5c25f99148db05e7', 18, 1, 'mobile', '[]', 0, '2021-03-31 11:20:21', '2021-03-31 11:20:21', '2022-03-31 06:20:21'),
('09aaadcfe387f4d63d26462b5c4bc97222dc45a0c0ccf62ec9ceebbd819f6448205a235ab32a9f1a', 29, 1, 'mobile', '[]', 1, '2022-01-18 23:31:14', '2022-01-18 23:31:14', '2023-01-18 17:31:14'),
('09ceca2795f3a2d1bedfa265b77b38df9e4947c2d6926e11c9ff5b8bdec587b6b91268a0ec8e27da', 7, 1, 'mobile', '[]', 0, '2021-03-16 17:03:29', '2021-03-16 17:03:29', '2022-03-16 12:03:29'),
('09ed0304481837775e9974cb80a404b4382807ad371a6a0137b493e3926ba51d788d4be795619b2b', 2, 1, 'mobile', '[]', 1, '2022-01-26 16:41:13', '2022-01-26 16:41:13', '2023-01-26 10:41:13'),
('0a2d1792c20cc25ffa7683c95897ede21413543d43125c793607cf0e2fb2ce6fe59ab2cb5ec876fb', 4, 1, 'mobile', '[]', 0, '2022-02-03 18:54:50', '2022-02-03 18:54:50', '2023-02-03 12:54:50'),
('0a303cf6b8e07a6842cdaf8d945192f5b433d26eef22e590c9a81d933b7b79ff6132b928a43e9c17', 1, 1, 'mobile', '[]', 0, '2021-12-02 18:00:35', '2021-12-02 18:00:35', '2022-12-02 12:00:35'),
('0a4764b1323dfa702175f2637a8bc55de9b2c0df06796f347d397366a65c613a615a4df1b73b830f', 9, 1, 'mobile', '[]', 0, '2022-06-01 08:23:10', '2022-06-01 08:23:10', '2023-06-01 08:23:10'),
('0a4a9d32ab25184694d7ea05e38b976fe18867ef7ff78627d7f9598fc037eb4b5cca43fb4d826457', 15, 1, 'mobile', '[]', 0, '2022-01-13 16:32:10', '2022-01-13 16:32:10', '2023-01-13 10:32:10'),
('0a5b0d72bc5b5b885d213669fd9f4d647229f79cce08af25f2b0acfcc2b200aaf4c1aec3579d8973', 2, 1, 'mobile', '[]', 1, '2022-01-03 23:27:13', '2022-01-03 23:27:13', '2023-01-03 17:27:13'),
('0a6dc712327f7502e1dd847322565a7781da6a258aa4eadb0d5cc9b4537fc1becf5267bc273a9a9d', 2, 1, 'mobile', '[]', 0, '2021-02-10 06:14:35', '2021-02-10 06:14:35', '2022-02-10 08:14:35'),
('0aa6befe529432f00bd10bbdc22e4bd660adee3488f8e55dbbec15004ae94b0f6680504a07c8eb15', 1, 1, 'mobile', '[]', 0, '2022-05-24 09:44:37', '2022-05-24 09:44:37', '2023-05-24 12:44:37'),
('0ac81f8ffaf8c1f17a60e01fa2db62a974cd53774a2746f12786996d9f24575227af24033b8c41f0', 29, 1, 'mobile', '[]', 0, '2021-03-28 13:56:50', '2021-03-28 13:56:50', '2022-03-28 08:56:50'),
('0ae51a5d336971a0962baa8cac9f71342d0e8cadf57f0fe6747ee500aab9c66bc4141d52169d0ac8', 3, 1, 'mobile', '[]', 1, '2020-05-31 17:27:50', '2020-05-31 17:27:50', '2021-05-31 10:27:50'),
('0b2c2110e56eef19e2232f1a244d60d3958fc7bbc2a71a31d3a8ab1bf9bd80c3e55c23a1d80e8be0', 15, 1, 'mobile', '[]', 0, '2022-01-09 19:49:59', '2022-01-09 19:49:59', '2023-01-09 13:49:59'),
('0b3b4be7d4a9505f14880d784549a465cf2d7544facce98abbc683d61a37041aed4f0fde66e1b9c8', 12, 1, 'mobile', '[]', 0, '2021-02-25 18:14:35', '2021-02-25 18:14:35', '2022-02-25 12:14:35'),
('0b3b8b415b4e2ef5c9d06e6f89efc76b16ade7d4a19f43a2a55fcf1e07e2e1113f2201d24791b6e9', 31, 1, 'mobile', '[]', 0, '2021-03-31 11:23:40', '2021-03-31 11:23:40', '2022-03-31 06:23:40'),
('0b7126969e22e7ecec07494d067a72d43c6a601525bbeac29ef7ab6eb0cfd38ac80b8283b15b7a33', 1, 1, 'mobile', '[]', 0, '2020-05-02 18:50:32', '2020-05-02 18:50:32', '2021-05-02 13:50:32'),
('0b893a520cd79f316973bb82e4196b717fb8af7358df68293507525a743a9e93ea440f370b83c513', 2, 1, 'mobile', '[]', 0, '2021-12-23 18:54:17', '2021-12-23 18:54:17', '2022-12-23 12:54:17'),
('0b93b5df3572e19ec11a3f616a60b6cfb7117d20ad22bfb8f427160f3c56754a0fd820cec44fb60a', 9, 1, 'mobile', '[]', 0, '2022-06-02 21:44:33', '2022-06-02 21:44:33', '2023-06-02 21:44:33'),
('0baf8c4efcb068af38fe0ec2591b23364447a5b1c962af0d2e45fbdf16e68a61d297d4bada4c256a', 1, 1, 'mobile', '[]', 0, '2021-12-07 16:17:51', '2021-12-07 16:17:51', '2022-12-07 10:17:51'),
('0bb9a9fa2a10a16d0aea6051a95bb88b4dddf1b5dc369c2814bb98c94560ec3b0e5f21bce5ac23b3', 5, 1, 'mobile', '[]', 0, '2021-04-21 13:00:39', '2021-04-21 13:00:39', '2022-04-21 13:00:39'),
('0bc205ad34110d1ce40a0501a76d7bec1e38c1cd9d571b4c827c3fa440d66856c17d9865fb3e599c', 1, 1, 'mobile', '[]', 0, '2021-12-08 09:10:18', '2021-12-08 09:10:18', '2022-12-08 03:10:18'),
('0c15b59318d28c967030d18379010f1f169fde910fef5836e862dd0c06abc985b62c2a96cf1d919a', 9, 1, 'mobile', '[]', 1, '2022-05-31 07:43:46', '2022-05-31 07:43:46', '2023-05-31 07:43:46'),
('0c391d08cc506d591aaa09361e3a0c3aeebb92d95df7bfe3c7959d4cd05d64c961c08dfed6a88dd4', 1, 1, 'mobile', '[]', 0, '2021-12-07 16:16:43', '2021-12-07 16:16:43', '2022-12-07 10:16:43'),
('0c51dd8272754d66a76aba6b511e9b2cfbb91871eb2249a7b935bfeb3315e380766b7e12e96791d6', 7, 1, 'mobile', '[]', 0, '2021-04-21 15:21:28', '2021-04-21 15:21:28', '2022-04-21 15:21:28'),
('0c5d5284d9d0060d4dfb6fa9dfcebc8d5ce8046698858ddd4c4afdf051a37197ada982963eef2fcd', 1, 1, 'mobile', '[]', 0, '2022-06-07 05:56:40', '2022-06-07 05:56:40', '2023-06-07 05:56:40'),
('0c928841f3ad1cfb607b01326e7a52113cae299caec73486f46f41754f7c1f3926c236d1f8936005', 3, 1, 'mobile', '[]', 0, '2019-12-03 20:48:03', '2019-12-03 20:48:03', '2020-12-03 13:48:03'),
('0caa13edee644b356e4c0cca87c7d9cb6d298a20d2cfb7ed36d7c4e9506e5835fb944b1ac8a2f577', 2, 1, 'mobile', '[]', 1, '2022-01-18 00:51:55', '2022-01-18 00:51:55', '2023-01-17 18:51:55'),
('0d006b4ee094131e4123e0a7965759fdcba818187c93e75bd1589bf04e5b2211d52964020e69d444', 10, 1, 'mobile', '[]', 1, '2021-06-17 10:21:28', '2021-06-17 10:21:28', '2022-06-17 10:21:28'),
('0d146411b06ad497eaa5715446039641bdaa56d8ecdd213d18930bf4cb537c4fb99a80c15665047d', 15, 1, 'mobile', '[]', 0, '2021-03-23 17:53:25', '2021-03-23 17:53:25', '2022-03-23 12:53:25'),
('0d63b4444b65ea50403f719321f26d1acb7384b33729585137224d930b46b9437304875213d1d449', 9, 1, 'mobile', '[]', 1, '2022-06-05 05:23:14', '2022-06-05 05:23:14', '2023-06-05 05:23:14'),
('0dc090430419471497fbf5ba8fbf4ea77e3f3e2c5fb6696fe0861e35f39d550542d28a4b634b7dab', 9, 1, 'mobile', '[]', 0, '2022-06-03 14:28:39', '2022-06-03 14:28:39', '2023-06-03 14:28:39'),
('0ddb674efd77711b7065890faca864cdac30f7c54ece2b7c1dc2b06f2e6971a176a23f468fe2ba29', 10, 1, 'mobile', '[]', 0, '2021-11-08 10:19:13', '2021-11-08 10:19:13', '2022-11-08 13:19:13'),
('0dfcf7429dd393d5884a13edf085f42ebf5f8c69c04224d9356861001d60b2cd1cec2db7eb6766a7', 1, 1, 'mobile', '[]', 0, '2021-02-07 05:12:57', '2021-02-07 05:12:57', '2022-02-07 07:12:57'),
('0dffb5182303c1a62f69ed1f9474956015ed7bc38e1c4533cce70a0a2d91dbc64da31363117d33ca', 7, 1, 'mobile', '[]', 0, '2021-05-30 14:44:27', '2021-05-30 14:44:27', '2022-05-30 14:44:27'),
('0ea64b5b0db745d37f4abbcb60f69b65efe310ef9f347536034c1cdda62bc9f6b5b4d39c0a5463f9', 9, 1, 'mobile', '[]', 1, '2022-06-06 12:35:11', '2022-06-06 12:35:11', '2023-06-06 12:35:11'),
('0eb54d09bc87ca41ccc0d606a0e3717320da8199412fb4e66d1705bf74a08bd4dfba681df4cbea42', 1, 1, 'mobile', '[]', 0, '2021-12-12 16:18:38', '2021-12-12 16:18:38', '2022-12-12 10:18:38'),
('0ebb5b8e8abe8c09b02229d07d3bf9e5dd56736f4c44942323ff29c0919272ed939763779c0e6396', 1, 1, 'mobile', '[]', 0, '2021-12-05 22:01:31', '2021-12-05 22:01:31', '2022-12-05 16:01:31'),
('0ed756d7e70e8280f3b8420aeb05ae8e2e5a3c8413da9ec4c554e5bb37004afaf53b1ecc83c377ba', 7, 1, 'mobile', '[]', 0, '2021-04-21 16:23:36', '2021-04-21 16:23:36', '2022-04-21 16:23:36'),
('0eda54f428243f4e8883d9eb9dfafe9e7b10f8a2d04dfa80a9d0f26a930a695eb99193eab0420e8f', 14, 1, 'mobile', '[]', 0, '2021-06-10 13:14:33', '2021-06-10 13:14:33', '2022-06-10 13:14:33'),
('0f10ca78bfaf37cc35b6e9c178e53288af3950d70e78c7bba77646faa455ce5f1d890761029d4f00', 15, 1, 'mobile', '[]', 1, '2021-03-23 16:08:42', '2021-03-23 16:08:42', '2022-03-23 11:08:42'),
('0f24fea0d073422da58b03ad4a88693af8ddd3a2d6686c556ef5ee3cbcec7fd6003714115bfdd49e', 15, 1, 'mobile', '[]', 0, '2021-03-22 13:57:37', '2021-03-22 13:57:37', '2022-03-22 08:57:37'),
('0f69db627d3fdaa42eee7315b9e863ea2771f74a9b89328576f8b6fcd5173baa0e7ada5b93d8f8c9', 2, 1, 'mobile', '[]', 0, '2021-12-30 22:12:36', '2021-12-30 22:12:36', '2022-12-30 16:12:36'),
('1016647d829363b191a5966fc0fd19a5a2dbb882c15ecd4bf33c64530e7301297d64e682043eede0', 9, 1, 'mobile', '[]', 0, '2022-06-06 07:05:36', '2022-06-06 07:05:36', '2023-06-06 07:05:36'),
('102722611c1c2a6d6c7d96d6f3a0e08a9aa6b7c7df66fcfad3d92a59c6ad9f59a62673508249ca46', 2, 1, 'mobile', '[]', 1, '2021-12-29 20:22:20', '2021-12-29 20:22:20', '2022-12-29 14:22:20'),
('10322fa4d696c885e9dcede9df74cca1095fd402b57b7443363fc62f2061c921aceacefa41f3731c', 15, 1, 'mobile', '[]', 0, '2021-03-16 13:18:30', '2021-03-16 13:18:30', '2022-03-16 08:18:30'),
('109f59cf3a412064f070ef09771ed4de4bc1ea6476d790505cd1062300e09b679aa0b116523f745d', 23, 1, 'mobile', '[]', 1, '2021-03-23 15:35:30', '2021-03-23 15:35:30', '2022-03-23 10:35:30'),
('10b486034334ee674724ae766ae453174b10cb96465c5b679ba53b64c2e8f2f450b2379b94b73ed2', 4, 1, 'mobile', '[]', 0, '2021-03-08 13:21:35', '2021-03-08 13:21:35', '2022-03-08 07:21:35'),
('10c7ac462c595b3606b5db9fdb5648e1bca90991021666099a6a7e334b29d43e0b7a3745051420af', 1, 1, 'mobile', '[]', 0, '2022-01-03 21:00:45', '2022-01-03 21:00:45', '2023-01-03 15:00:45'),
('10c8a13a5877ffed93162d3e144b12e8e96ee6f419bc25b0935dbe8ee07a9f19682d82e3629d2199', 4, 1, 'mobile', '[]', 1, '2022-02-03 16:05:47', '2022-02-03 16:05:47', '2023-02-03 10:05:47'),
('10f1ded8a936ee6cdafb1d2369233888590b52fb225fab87ae3aa4dda4861032f5b4427242fced81', 16, 1, 'mobile', '[]', 0, '2019-12-21 15:31:09', '2019-12-21 15:31:09', '2020-12-21 08:31:09'),
('112e399ce4069f15d10b615e457efeb17eb33710fbbb023526896b41c8c2c55357acec630bd729da', 29, 1, 'mobile', '[]', 1, '2022-01-20 19:47:54', '2022-01-20 19:47:54', '2023-01-20 13:47:54'),
('113752d54e152eaf5b846e05933546f8418934ed1edf7dcdaf698a666a4d34af0a63869a4a14b888', 2, 1, 'mobile', '[]', 0, '2021-12-22 15:33:20', '2021-12-22 15:33:20', '2022-12-22 09:33:20'),
('11741570d1c2991be2593d85c2bedecf41e84b9c0443c1de6d2d04a1a4edaf2c777064b331d1e23d', 5, 1, 'mobile', '[]', 0, '2022-01-31 00:20:47', '2022-01-31 00:20:47', '2023-01-30 18:20:47'),
('11825f490fd9f4df7a75801d0f6ecd7f3d2ee195340bc345546f598a74531ca14117d7006c5aefe1', 9, 1, 'mobile', '[]', 1, '2022-06-08 09:49:41', '2022-06-08 09:49:41', '2023-06-08 09:49:41'),
('119aaaf72b7d6d383949455036724801a48292a6650e609d82cebb4a13092945cd4bcc4dfff83e02', 3, 1, 'mobile', '[]', 0, '2019-12-15 22:28:02', '2019-12-15 22:28:02', '2020-12-15 15:28:02'),
('119bbd34be6a55a1ff5ec2712a79ebe633c0b4b60e03d6a6531df07dce7d911de061f98981b4ff41', 9, 1, 'mobile', '[]', 1, '2022-06-04 11:00:28', '2022-06-04 11:00:28', '2023-06-04 11:00:28'),
('11b0348aaf54671f07e9eff15594b67db364c3f6f2d27ee18b96ab437285e38f73cd8d9cc2070882', 1, 1, 'mobile', '[]', 0, '2019-12-16 03:40:12', '2019-12-16 03:40:12', '2020-12-15 20:40:12'),
('11b8a423f9da57024ed1bdcf9b6d63331a5cdcffad7517e1bb4c01fb90a826b35fd24debe434d34f', 1, 1, 'mobile', '[]', 0, '2021-04-17 17:25:12', '2021-04-17 17:25:12', '2022-04-17 17:25:12'),
('120157a2d63ae6efbf6cabf09c23a054372bb099ff6f6cfdc36283c9257eed62cd1f176b4af63127', 2, 1, 'mobile', '[]', 0, '2021-12-22 19:22:33', '2021-12-22 19:22:33', '2022-12-22 13:22:33'),
('1214e610f08732c09c9b98f11d195c7a3c64c048eaf71d857f1780eea284c310143c87419e7f34b7', 19, 1, 'mobile', '[]', 1, '2021-03-17 12:03:37', '2021-03-17 12:03:37', '2022-03-17 07:03:37'),
('121c488704fe324b5e5027c85e9bec318f78fedfa204301fb44f6b6197237a31cd10c60a9c83ac0d', 1, 1, 'mobile', '[]', 0, '2021-12-08 20:54:21', '2021-12-08 20:54:21', '2022-12-08 14:54:21'),
('1249a4ce7f2ba9825fb96b707f7869d567a3125c2a8d054551d01c4db5db12e32842749f52765934', 7, 1, 'mobile', '[]', 0, '2019-12-02 00:59:22', '2019-12-02 00:59:22', '2020-12-01 17:59:22'),
('1279c58c66781574c3509ca811e98c411df18130ef5d378cbf9ddb02c2476ff52cc6b47126fad06b', 29, 1, 'mobile', '[]', 0, '2022-01-24 21:42:15', '2022-01-24 21:42:15', '2023-01-24 15:42:15'),
('12b9796cfea11be63f670281505c47cd2cc9fdf3125dab9ca96e356a164aa584e61b9a22fa5e1feb', 7, 1, 'mobile', '[]', 1, '2020-06-10 23:59:03', '2020-06-10 23:59:03', '2021-06-10 16:59:03'),
('12bca7c17c21ba5b5c10966930c40e868e1c21f252fdb5f89946fe0ac7b19b0e3c91b83a02ec4bad', 4, 1, 'mobile', '[]', 0, '2021-03-08 13:21:07', '2021-03-08 13:21:07', '2022-03-08 07:21:07'),
('12e4298263374ccf74d41dc961958cbf41b1e6f64cd7e2a7884160f7e19a9259ffd30497b97c3027', 15, 1, 'mobile', '[]', 0, '2021-03-23 14:43:36', '2021-03-23 14:43:36', '2022-03-23 09:43:36'),
('1335e7285ac1c84be1e2b24f2091fbf04bbb5f51ba9f9211ea3907eab79c05ae47afa0a5aa2d48a4', 3, 1, 'mobile', '[]', 1, '2019-12-02 17:45:50', '2019-12-02 17:45:50', '2020-12-02 10:45:50'),
('1374b0372187aa48162efc6d3eeff00ffeac3529b4f4443e3204b42c933ffb8536ed9f2a110ef618', 9, 1, 'mobile', '[]', 0, '2022-06-05 11:56:11', '2022-06-05 11:56:11', '2023-06-05 11:56:11'),
('139ba7e66bf9f8623b7c3483919e84d1961b5fecd9a780ebf34c4cc3c907f97f8e64f3567400cd30', 12, 1, 'mobile', '[]', 0, '2019-12-11 22:09:43', '2019-12-11 22:09:43', '2020-12-11 15:09:43'),
('13d48e819e143e36f871c49f1daef62d524ae80b0a6301900fb840b52f14d7e66633b5ad58abcc84', 7, 1, 'mobile', '[]', 0, '2021-04-21 14:04:26', '2021-04-21 14:04:26', '2022-04-21 14:04:26'),
('13fcb3bde2f8bce217c6536be9526d57fc8e8bbe6e63ea8fbd79d5e80df12d07f7c546dd1d9ce372', 1, 1, 'mobile', '[]', 0, '2021-02-07 05:33:36', '2021-02-07 05:33:36', '2022-02-07 07:33:36'),
('14334ce2332c82e3060bbd799096242a3848de4b545d9b4861d3e3e00e0eebb301de4726f8944802', 9, 1, 'mobile', '[]', 0, '2022-05-31 11:40:35', '2022-05-31 11:40:35', '2023-05-31 11:40:35'),
('144ea46b8169662d65cd33b63213e2cdb533df8360e54e4f57338cfb7e91b638fb3a4cb65a3cf4fe', 17, 1, 'mobile', '[]', 1, '2021-03-21 19:32:12', '2021-03-21 19:32:12', '2022-03-21 14:32:12'),
('145771ecf6754bd94eb6e58eb094b67477ee0dca8179792f2675a99b69c00ccea6758b0c89e7ce04', 9, 1, 'mobile', '[]', 0, '2022-06-01 05:29:27', '2022-06-01 05:29:27', '2023-06-01 05:29:27'),
('14d657a65c3e13c1fb492a948731487b0bffe887179cf04ef78e4eeb1866653a72cc9b5b8c21c9a9', 17, 1, 'mobile', '[]', 0, '2021-03-16 17:41:09', '2021-03-16 17:41:09', '2022-03-16 12:41:09'),
('155bff8d09130ec9543fc3fd8c8b722e8836776dabbd86a78e59fb80aa7e4c6a8bd1416fa752f242', 4, 1, 'mobile', '[]', 0, '2021-03-08 13:18:57', '2021-03-08 13:18:57', '2022-03-08 07:18:57'),
('15844af4f619d1ba544da312c77d60a62210ead5632da5ac9d40005be1a7e33626d6f7d3b909e0bd', 12, 1, 'mobile', '[]', 0, '2021-12-13 18:59:06', '2021-12-13 18:59:06', '2022-12-13 12:59:06'),
('1587b645480207650213a6d2a7620f5556997c095f026ec266292274d8423ffc49907cac686a2ca0', 9, 1, 'mobile', '[]', 1, '2022-06-01 08:33:19', '2022-06-01 08:33:19', '2023-06-01 08:33:19'),
('15886b8294980048c5e198e1502a04515243a05c8752b470814757b61b58707d037a0239ba77bad0', 17, 1, 'mobile', '[]', 1, '2021-03-29 18:03:18', '2021-03-29 18:03:18', '2022-03-29 13:03:18'),
('158e05ea81880e0fcc8924a3e6adc7f0c9d88c42f764d9fa4b616a4990d31ddb6d850cfd69c8d511', 3, 1, 'mobile', '[]', 1, '2022-01-31 00:15:08', '2022-01-31 00:15:08', '2023-01-30 18:15:08'),
('16169297286274fbd97af704ae8433955c0d3f08f7426c4dcdb861ddf6fe564dfe7e7efde7439bfa', 2, 1, 'mobile', '[]', 0, '2021-12-26 15:48:56', '2021-12-26 15:48:56', '2022-12-26 09:48:56'),
('161dc7b4531f0c93ba150194e1369068bcbb32e37462db91aabc2958dd2c5212267220d851daaec1', 1, 1, 'mobile', '[]', 0, '2020-05-28 19:04:58', '2020-05-28 19:04:58', '2021-05-28 12:04:58'),
('164004edf5852090477bfadcc874999798056a74ff8eea7ecefbd0f8a92fcf4f67f6f6bead6506d6', 1, 1, 'mobile', '[]', 0, '2019-12-04 21:03:18', '2019-12-04 21:03:18', '2020-12-04 14:03:18'),
('1701ac08b4a9c5bc9c62f691a28021529c22f1710e8c662247c3e2b42ed6b0736e0c25b1960e2be7', 1, 1, 'mobile', '[]', 0, '2022-01-06 16:26:01', '2022-01-06 16:26:01', '2023-01-06 10:26:01'),
('1733756e6fb5ef451fea3997917fdbf2132d03dc9d5c954a3706a32e23d7a511676411346646ff4a', 7, 1, 'mobile', '[]', 0, '2021-05-31 08:50:49', '2021-05-31 08:50:49', '2022-05-31 08:50:49'),
('173b95755e8c9d8fd3e0e6cb2d595f4efa4e72ce5593df3d44f7bb57d850c5d684adfbac738e803b', 1, 1, 'mobile', '[]', 0, '2022-05-31 11:48:33', '2022-05-31 11:48:33', '2023-05-31 11:48:33'),
('17cca2b061dfc6a0d1e6da1bf74ddaa3c45ebc1bc1a564400830ca7f88c3c744ef84305e9e09a68c', 9, 1, 'mobile', '[]', 0, '2022-06-06 07:22:57', '2022-06-06 07:22:57', '2023-06-06 07:22:57'),
('17f5127a894cafb7688b5283ce64cc5b52abc2a68c1bce248def1ada36fe67ed8158828cb6112fdd', 32, 1, 'mobile', '[]', 0, '2021-03-31 11:36:32', '2021-03-31 11:36:32', '2022-03-31 06:36:32'),
('181aaf221a8f0271d53df99edb89bd4f0550dc18a78cd6f6d1f3d23c60dc5d234a37ca007ea5e184', 9, 1, 'mobile', '[]', 0, '2022-06-05 05:49:24', '2022-06-05 05:49:24', '2023-06-05 05:49:24'),
('1881f2fa105d6d57fb6cc5c6583b0b32462cd44a93d7844554d8a73669e3ed7302f2834a115afd4d', 1, 1, 'mobile', '[]', 0, '2021-12-07 03:41:47', '2021-12-07 03:41:47', '2022-12-06 21:41:47'),
('18a25696f800b050771c3caec79a611bbfb7d2209c4365972691ab4e91671ace74873f3425301beb', 10, 1, 'mobile', '[]', 1, '2021-06-27 09:25:14', '2021-06-27 09:25:14', '2022-06-27 09:25:14'),
('18e3e2355ba0995beae79da8e539f108a96d6ca0771c960bc3815fbffebe690aac1512717bc326e1', 15, 1, 'mobile', '[]', 0, '2021-03-24 16:59:21', '2021-03-24 16:59:21', '2022-03-24 11:59:21'),
('18e6131bb80f86fac262dd99f8796e8d671bbd8e7475846d45094c3b5ea60ee90e2d50e78b7aaefe', 12, 1, 'mobile', '[]', 0, '2021-03-16 19:23:42', '2021-03-16 19:23:42', '2022-03-16 14:23:42'),
('18ffef81f57700542353397d2f2582143002b6d8a4582c37c08ada3fc6176ce43e01f15b2ed92726', 7, 1, 'mobile', '[]', 0, '2021-04-21 14:59:02', '2021-04-21 14:59:02', '2022-04-21 14:59:02'),
('19524051bba04988702ba0c5988f11c8bdf7aa84f03c4fec79038f2073040f9c1aa5bc65dd855193', 2, 1, 'mobile', '[]', 1, '2022-01-18 21:03:16', '2022-01-18 21:03:16', '2023-01-18 15:03:16'),
('19603e3363c4cfa11543f7b92f599bf0ea8f3e3aa5e5b2bf30f324cccbd83e0b7fe0a0fdbebfbfaf', 15, 1, 'mobile', '[]', 1, '2021-03-15 18:07:15', '2021-03-15 18:07:15', '2022-03-15 13:07:15'),
('199bf9ee5fdba2feb94437f984848e4771fe21eee0a53eae2f161a179952a3c04df768a49e46635f', 4, 1, 'mobile', '[]', 0, '2022-05-26 03:37:08', '2022-05-26 03:37:08', '2023-05-26 06:37:08'),
('19cd64edba7171b42713fb355ca47c0735846ba6046021c94cb54737705eea753a3eca75e8b018af', 2, 1, 'mobile', '[]', 1, '2022-01-19 00:45:33', '2022-01-19 00:45:33', '2023-01-18 18:45:33'),
('1a1d17de8bbabd62a52668141dd5dea7c484c01762941bcfeb251cc42b35cd647d9a29b4e35d18f6', 2, 1, 'mobile', '[]', 0, '2021-12-20 20:57:59', '2021-12-20 20:57:59', '2022-12-20 14:57:59'),
('1a953e28bfc2f57e6802a825118fbb7c65cac37d40ed3887a5ab5c1665a595fa76139646b4f89d13', 3, 1, 'mobile', '[]', 0, '2020-05-12 19:13:21', '2020-05-12 19:13:21', '2021-05-12 14:13:21'),
('1aade785161fff02b37a05fa61bf0d2bb7252215e474505f1945798c1710c0128afc99bf65197609', 10, 1, 'mobile', '[]', 0, '2021-06-16 15:28:07', '2021-06-16 15:28:07', '2022-06-16 15:28:07'),
('1ab7f1591a21bf814145c84d81158932a4819be0db44126cb31f62106461786b2752506a0699b7e8', 11, 1, 'mobile', '[]', 0, '2021-05-31 11:51:19', '2021-05-31 11:51:19', '2022-05-31 14:51:19'),
('1ae0969f9b3b568d5331af9fe74c89e29303d1b7b13b5db1fd958d2ca536a287b1dffc1cd8754a61', 7, 1, 'mobile', '[]', 1, '2020-06-07 18:22:25', '2020-06-07 18:22:25', '2021-06-07 11:22:25'),
('1ae5c7751ee7331630ada9581ca8dcec974f3833a1ec9412f97a3d25efd33ca9ea999cd02b5882fb', 1, 1, 'mobile', '[]', 0, '2020-06-04 16:30:37', '2020-06-04 16:30:37', '2021-06-04 09:30:37'),
('1b1547f347a8c64b9be012e491c8870535814bfe742fdf0a57b69f5923bf00b0fa68b1d356538676', 9, 1, 'mobile', '[]', 1, '2022-06-05 05:29:44', '2022-06-05 05:29:44', '2023-06-05 05:29:44'),
('1b751c0c907fc1b33a2211f16ae7e4d0ba0c6ce0c046f605a72621fedf85f5f7118f96ba4444e3cf', 9, 1, 'mobile', '[]', 1, '2022-06-06 12:46:24', '2022-06-06 12:46:24', '2023-06-06 12:46:24'),
('1b7f5d1b4ba1b0d8a9c452c34a3a497e6d20565c40e252cc233cacc9edb64c83a4feaab9169bfb93', 7, 1, 'mobile', '[]', 0, '2021-04-21 16:24:20', '2021-04-21 16:24:20', '2022-04-21 16:24:20'),
('1b9e9e8eb719bc23efc4fe3592892117d27048a712ed91498b376c7727714ec653a5925a6839cbc6', 3, 1, 'mobile', '[]', 0, '2019-12-02 15:41:14', '2019-12-02 15:41:14', '2020-12-02 08:41:14'),
('1bec6dc189a1913f93473e13868fb0eb0327ad8cff43d04d599ffce75ef8f5c81116f5b8f11f0b03', 15, 1, 'mobile', '[]', 0, '2022-01-06 16:29:03', '2022-01-06 16:29:03', '2023-01-06 10:29:03'),
('1c21e2cd6f5af323bd340424bfa9665a5dd2dc079d5ac05aa47e70d4a49d7095070ec12767e42075', 8, 1, 'mobile', '[]', 0, '2019-12-15 22:17:17', '2019-12-15 22:17:17', '2020-12-15 15:17:17'),
('1c2b5c0c297c2b5949228809748170fc24094c64248bcdee21d1ba52ec869de571e11ac0fa19445e', 12, 1, 'mobile', '[]', 0, '2021-03-04 19:17:55', '2021-03-04 19:17:55', '2022-03-04 13:17:55'),
('1c2e72927b7c3a015967adfd41450efabc1032cb59b7595c77229680339bcbca4ea2b644f18c1f6c', 2, 1, 'mobile', '[]', 0, '2022-01-11 06:09:27', '2022-01-11 06:09:27', '2023-01-11 00:09:27'),
('1c7e3079c617f9ba94eeb350180cd04b767a6fa4909b11706d48114368a011d7b7a0a40d327f6b51', 3, 1, 'mobile', '[]', 1, '2019-11-28 21:50:46', '2019-11-28 21:50:46', '2020-11-28 14:50:46'),
('1cee18282996e08d7521ce121b4556747600de05005184e06138f19eb5d210ff610100cf05f8df9d', 7, 1, 'mobile', '[]', 1, '2020-06-10 22:28:59', '2020-06-10 22:28:59', '2021-06-10 15:28:59'),
('1d07e67a6fd6ffb6304dc1bc667044b14978f05d32e5d2126e129824c314c2498718f8cbe8ab0a65', 10, 1, 'mobile', '[]', 1, '2021-06-27 10:09:34', '2021-06-27 10:09:34', '2022-06-27 10:09:34'),
('1d15a693be81f57e509c2b664632048eca59ef3b2ba5644e9fe02f203727972d090d8dc00a5183e9', 9, 1, 'mobile', '[]', 1, '2022-06-06 12:23:55', '2022-06-06 12:23:55', '2023-06-06 12:23:55'),
('1d46cd12663a5ad84c15b20a385a732b66bfdd720f87fef6ca6d51c37c5a59ab22f1cfa5a265d1f3', 1, 1, 'mobile', '[]', 0, '2020-05-02 18:49:18', '2020-05-02 18:49:18', '2021-05-02 13:49:18'),
('1d4c103cff7bab0e80289ce60b38f8b1f40f2a7f8c1fc3a70e4fb58d819f5e2c81cb73b0e4887b65', 10, 1, 'mobile', '[]', 0, '2021-12-12 19:18:21', '2021-12-12 19:18:21', '2022-12-12 13:18:21'),
('1d85e0666911473f10fde92638dbee0c8a5fe6d29f1ac4667eeb22f4496198af22f8c298f86120e7', 2, 1, 'mobile', '[]', 0, '2021-12-17 11:39:29', '2021-12-17 11:39:29', '2022-12-17 05:39:29'),
('1d969fc9c8199005e509840f2c0679ef51ae24de8aed85f04c61b06cd0d6c3273f16852c9f7f77a4', 9, 1, 'mobile', '[]', 1, '2022-06-06 12:39:21', '2022-06-06 12:39:21', '2023-06-06 12:39:21'),
('1da7d98032d8fce01e1b2246a8e8bd5aadf95e6c7f781b4f5b616c8fba5cdd6a7183d566859f6acc', 9, 1, 'mobile', '[]', 1, '2022-06-06 11:32:53', '2022-06-06 11:32:53', '2023-06-06 11:32:53'),
('1e1044a8181605d78b2478387552c6c24c3e145c4eb0038f527ca613820dab7206c24075c662b448', 2, 1, 'mobile', '[]', 1, '2022-01-03 23:34:06', '2022-01-03 23:34:06', '2023-01-03 17:34:06'),
('1e530fa781b47e26ff9dd5313e6a63750e4f094bd4aadc02dfb48626c8d61aa1ff049af45edd325c', 15, 1, 'mobile', '[]', 1, '2021-12-30 18:10:36', '2021-12-30 18:10:36', '2022-12-30 12:10:36'),
('1efebeb6de368e956f200bcbeafc14e444367031c869ed5c1e86621982d2deabdac01622df88eac0', 3, 1, 'mobile', '[]', 0, '2019-11-28 16:37:40', '2019-11-28 16:37:40', '2020-11-28 09:37:40'),
('1f071711dc5ea5111b75e044bcc5c4e00961299ae9e9702a4db5992710eb0ff8f41c90bca753eaf6', 15, 1, 'mobile', '[]', 0, '2022-05-31 08:28:48', '2022-05-31 08:28:48', '2023-05-31 08:28:48'),
('1f1da0b87ec10c04d10ff0c16f845a8456fb5660ca60bc882ddedbb83faf843a95fb1fd452ba4994', 9, 1, 'mobile', '[]', 0, '2022-06-05 05:23:02', '2022-06-05 05:23:02', '2023-06-05 05:23:02'),
('1f284ed8e78d78d744c667864b8831689bd2fdede43ed973472cfbcea9cf819da90d5a53f1a48fc3', 2, 1, 'mobile', '[]', 1, '2021-12-29 20:24:40', '2021-12-29 20:24:40', '2022-12-29 14:24:40'),
('1f36e9fc20af48ea3f9207aee25661907b0fabf25bb0c1198a5550ebfa6adac4046b8846eb161def', 1, 1, 'mobile', '[]', 1, '2022-05-24 03:11:32', '2022-05-24 03:11:32', '2023-05-24 06:11:32'),
('1f3d62c94d28a8bc7cef88d19b79f3d044a12aa0bcd09f3c86aab86cea5ebb1e31a2cad3e353f9d4', 2, 1, 'mobile', '[]', 1, '2022-01-18 00:35:39', '2022-01-18 00:35:39', '2023-01-17 18:35:39'),
('1f45e96a61aec8cf2024d7fe51063e6cbca523c0fe2d06cd3be494595a3dabea199a99ecc246dd0f', 24, 1, 'mobile', '[]', 0, '2021-03-23 11:52:19', '2021-03-23 11:52:19', '2022-03-23 06:52:19'),
('1f5ba0aa9a439f32a5525bfb00a2eff5ae36089a38c11792e28cfaa87ccdeadc695e8a70ad8f6521', 15, 1, 'mobile', '[]', 1, '2021-03-16 17:29:52', '2021-03-16 17:29:52', '2022-03-16 12:29:52'),
('1f6ec737e4cd915cfedfc101cce0dd5cfa3f26a011e1b30aa1115febfb28716b8fabde6075ea2bec', 15, 1, 'mobile', '[]', 0, '2021-03-22 17:44:07', '2021-03-22 17:44:07', '2022-03-22 12:44:07'),
('1f93753d4f61177a1398abd9ae054a96b0ec49e019fef36ee596d53c755c384a6e1c9e5bc5cc5c7d', 14, 1, 'mobile', '[]', 1, '2021-06-17 09:48:18', '2021-06-17 09:48:18', '2022-06-17 09:48:18'),
('1fc9a23318d01db65c08defb72fdfd03dc60a26ec851c93964b1ca2878b9e765b632c7f42a6cb461', 9, 1, 'mobile', '[]', 0, '2022-05-31 10:06:50', '2022-05-31 10:06:50', '2023-05-31 10:06:50'),
('1fdb6dcd5a78328b0ec73d81fed9b33c6dadba27f25ba5f21c9843e5e62fcb99cb7253d1f7a79a21', 1, 1, 'mobile', '[]', 0, '2019-11-28 23:06:35', '2019-11-28 23:06:35', '2020-11-28 16:06:35'),
('1fe121d4d0daa88b7998fcafeed39f8d6d1b704386b17496f299a4eaf581c49b053539fa79d095a9', 1, 1, 'mobile', '[]', 0, '2020-03-31 10:40:06', '2020-03-31 10:40:06', '2021-03-31 13:40:06'),
('202d810e62f2a750be696fbc93876d6293117986b83840271ab6c65c2c51b582ab95b00b4d1eca7c', 12, 1, 'mobile', '[]', 1, '2021-03-08 12:54:07', '2021-03-08 12:54:07', '2022-03-08 06:54:07'),
('205ca54c4f935416b2f338595729dc58cf4c0c4a6be8fcadadc261e5478a2bac62f9fa2884a5856c', 3, 1, 'mobile', '[]', 0, '2019-12-01 03:33:43', '2019-12-01 03:33:43', '2020-11-30 20:33:43'),
('20759b30442ab3b2555d5584e176bac2afb6d2c79868e8da6c65444b095fb2e8f16e958c21cd6672', 9, 1, 'mobile', '[]', 1, '2022-06-04 10:18:45', '2022-06-04 10:18:45', '2023-06-04 10:18:45'),
('20945f9616aeadf38f5d73798ab1f787ecdd8a18db2604cad1c119dbafa267465561425e6d263dfe', 9, 1, 'mobile', '[]', 0, '2022-05-30 06:59:51', '2022-05-30 06:59:51', '2023-05-30 06:59:51'),
('20ae0189f0212200b3d96953a41326338aff56203479fc7bb73c60b26cb8db14031d305ac65423d3', 4, 1, 'mobile', '[]', 0, '2022-05-17 02:25:35', '2022-05-17 02:25:35', '2023-05-17 05:25:35'),
('20b6230b58c069fa2e648c25d863e05e7ec1c1125802f75e91f93700227100eb0de14c4ef526bc8c', 15, 1, 'mobile', '[]', 0, '2021-03-09 09:24:48', '2021-03-09 09:24:48', '2022-03-09 03:24:48'),
('20d334c6dce7df51d36741d8d3bc767b9457590f54ccd0bee63cb29766fab555a6d3509879781ac1', 1, 1, 'mobile', '[]', 0, '2021-12-05 19:33:56', '2021-12-05 19:33:56', '2022-12-05 13:33:56'),
('20e6d4085e708a8627ab5aa3e4693aff3870f2e38250173390d2a2fc86b940498d21c6c6309ea6c6', 4, 1, 'mobile', '[]', 1, '2022-02-03 15:59:36', '2022-02-03 15:59:36', '2023-02-03 09:59:36'),
('20ea54e0e8c86dbe09fb5b07e8121308f9af6fce92ae98c094d5c1f6e8f324737469b59ffaeba151', 2, 1, 'mobile', '[]', 1, '2022-01-18 23:32:11', '2022-01-18 23:32:11', '2023-01-18 17:32:11'),
('20eb353bec0546151f542f3ca4b7d82df9301de66a066d79590731709a5d13c18f4b1473a78ac302', 2, 1, 'mobile', '[]', 0, '2021-12-13 21:43:32', '2021-12-13 21:43:32', '2022-12-13 15:43:32'),
('215672da63241eb44a442fb042d6a0f07360ec39ca4ccc3f11e0cf00edab1db7928e31bc3da69874', 8, 1, 'mobile', '[]', 1, '2019-12-10 23:24:53', '2019-12-10 23:24:53', '2020-12-10 16:24:53'),
('21b3d9cc2052250b7b4a00be8c295e8183bca51a11173b7418e64edfb0dba12672bd2309af291338', 2, 1, 'mobile', '[]', 1, '2022-01-19 19:50:16', '2022-01-19 19:50:16', '2023-01-19 13:50:16'),
('21ca140b0d7635a1434cb492416031a4000e5c26257b0028553d45a70fd32ef00c3377a7b97ab7be', 16, 1, 'mobile', '[]', 0, '2022-06-09 13:02:44', '2022-06-09 13:02:44', '2023-06-09 13:02:44'),
('21dcbc7be65f163b150fd1ce0170b294e879e662e6c96773680c86676158011cfd32bacb3b5c2f1e', 30, 1, 'mobile', '[]', 0, '2022-01-19 00:49:43', '2022-01-19 00:49:43', '2023-01-18 18:49:43'),
('21e0e710f7f1c0726df5a0addd665d8b005034aa178cc6e5ca1d4088a5fe5e4c62dd28f8ac627891', 19, 1, 'mobile', '[]', 1, '2021-03-17 12:35:41', '2021-03-17 12:35:41', '2022-03-17 07:35:41'),
('21ec60983e93acbff086fd15e387d4fc0799887c1388e1c0555586b43af8e7c37100722446bb82b3', 3, 1, 'mobile', '[]', 0, '2020-05-12 19:36:22', '2020-05-12 19:36:22', '2021-05-12 14:36:22'),
('222a28bc9d8e78ca02feb8e98c3b7a9e782a992e1eb72d00721f104c25ed6dce2e735886701d0497', 9, 1, 'mobile', '[]', 0, '2022-06-05 12:25:04', '2022-06-05 12:25:04', '2023-06-05 12:25:04'),
('2232e376265587423fc4ce8cf4844f654e786318fc4cefbe41bcbf8feb42989154c0fe3fe6580974', 2, 1, 'mobile', '[]', 0, '2021-12-13 22:26:55', '2021-12-13 22:26:55', '2022-12-13 16:26:55'),
('22a7ae2fa5533589366594a0472cbf19bf01085c5a4bd9a2b210522dded089efac084585a08a3be6', 7, 1, 'mobile', '[]', 1, '2020-06-07 02:33:34', '2020-06-07 02:33:34', '2021-06-06 19:33:34'),
('231933bb99af78d4aa335fe7a86ab1dc31a165f40964cf66b660ad95b56c080fc5f144611e63112a', 3, 1, 'mobile', '[]', 0, '2020-04-30 21:16:32', '2020-04-30 21:16:32', '2021-04-30 16:16:32'),
('2334de86a31667e644ac0e2dd03773e8049fb2f742ba1d1e24ee7a09b7abceecc62ff8d00a890ef5', 18, 1, 'mobile', '[]', 0, '2021-02-07 10:36:42', '2021-02-07 10:36:42', '2022-02-07 12:36:42'),
('23407ae2010a4dccd497143fcde8e7473788564c6b81feac8dc40fae622091c18f3c9f850ea30727', 29, 1, 'mobile', '[]', 0, '2022-01-19 18:24:17', '2022-01-19 18:24:17', '2023-01-19 12:24:17'),
('234eb477365040172fed9cc7461b8cfdc77c3bf6c2fbaf5c2996cd9af7fd2478a31054322359840f', 2, 1, 'mobile', '[]', 1, '2022-01-18 00:45:55', '2022-01-18 00:45:55', '2023-01-17 18:45:55'),
('237499507e89fc0fba57233cfe1dc93699b456fd5ef943b407c6f8b8b3bd6738220ff14663f92e73', 1, 1, 'mobile', '[]', 0, '2021-02-07 05:24:01', '2021-02-07 05:24:01', '2022-02-07 07:24:01'),
('237984750928a23a339e74d4f563593fcfa6ee1292d8db65caf0e2aeba0fb97ff2df54eb825840a6', 23, 1, 'mobile', '[]', 0, '2021-03-30 14:39:50', '2021-03-30 14:39:50', '2022-03-30 09:39:50'),
('2397a9a94b7919a6215924f60b1f74f4a8e56089b6bb53f14a5627670c100813e78a5fb74419d78f', 1, 1, 'mobile', '[]', 1, '2019-11-27 07:23:56', '2019-11-27 07:23:56', '2020-11-27 00:23:56'),
('2457d1ce9b4834005e3eead8c53493dc3b09ba08cb9415993dcad07a53ee2a1861d44539af902605', 6, 1, 'mobile', '[]', 0, '2019-11-29 21:39:50', '2019-11-29 21:39:50', '2020-11-29 14:39:50'),
('248f4cff7fe1c2c7a99f4da28cd296523a943bd79598550b7e07f8dfcd44d62a70c3bb2e7888a3f0', 2, 1, 'mobile', '[]', 0, '2021-12-22 15:48:55', '2021-12-22 15:48:55', '2022-12-22 09:48:55'),
('24b2da8d60d183c54f1228985e6372625a2f6d1a40d18decbbd26c9f6825862d6d09f6411f5ac186', 1, 1, 'mobile', '[]', 0, '2021-12-07 19:24:41', '2021-12-07 19:24:41', '2022-12-07 13:24:41'),
('24bfc7ba59300accbc875913d3c0ecb88fb478cffa65abfc5e40d76c7052885373e4ec49790ebae4', 18, 1, 'mobile', '[]', 1, '2021-03-17 11:03:21', '2021-03-17 11:03:21', '2022-03-17 06:03:21'),
('24da7ff6dc27b5fd133ee9f23e5c6206626513f6d14ab2de04e693f4dd215fd1317fc6c45322e63d', 3, 1, 'mobile', '[]', 0, '2019-12-15 22:25:19', '2019-12-15 22:25:19', '2020-12-15 15:25:19'),
('24ed007642e6084f966f4da620c0de1e879f27cb314f11772c522b4e23f9b051b0f2665491542590', 15, 1, 'mobile', '[]', 0, '2021-03-08 20:20:01', '2021-03-08 20:20:01', '2022-03-08 14:20:01'),
('24f27cd20ba73bae028084f69bef350c4421e8b1a2a798d78e3cc47f60eaa837700cee9deccf3070', 12, 1, 'mobile', '[]', 0, '2021-03-03 16:29:13', '2021-03-03 16:29:13', '2022-03-03 10:29:13'),
('253953030a80729db1fd83eae9c0b899485f0f684f02a546f88000ddb9402de78c883ec3a9b538bc', 1, 1, 'mobile', '[]', 0, '2022-01-09 21:47:54', '2022-01-09 21:47:54', '2023-01-09 15:47:54'),
('253e3dfe5bbe2afaf6feeb2ff941e8f64af17ed0f8632bd88d5c1c40325a315101290f01bc23625f', 1, 1, 'mobile', '[]', 0, '2021-12-08 18:04:07', '2021-12-08 18:04:07', '2022-12-08 12:04:07'),
('256079ca925da05491b04fab189b5eeafe6f693e1edddc0d8eb540db47ba93e0e130994f1b458e3c', 23, 1, 'mobile', '[]', 1, '2021-03-28 14:10:34', '2021-03-28 14:10:34', '2022-03-28 09:10:34'),
('2566722c1ee0fa0f0900ba21be2b6eaa3dfb04e94d06809bb2462094622f5a7e94367a0e97b5e254', 3, 1, 'mobile', '[]', 1, '2019-11-28 16:41:54', '2019-11-28 16:41:54', '2020-11-28 09:41:54'),
('259b7122de62beb942367cdae9c5fbb056fd73345e4214dd79a768acca6bf1305d7bb70578510625', 6, 1, 'mobile', '[]', 1, '2022-01-31 19:01:54', '2022-01-31 19:01:54', '2023-01-31 13:01:54'),
('25d86063b5455534b18506aa6499542db9eb35bd3db363cd9d95d5f363ee86c31e54b341f0b63682', 1, 1, 'mobile', '[]', 0, '2021-12-08 15:45:49', '2021-12-08 15:45:49', '2022-12-08 09:45:49'),
('25f8ac95852ff5ad6da35c42186aaafa8e649e4bc280f61cfd9b6e6d46d981a071f7f4de2fb2f81e', 2, 1, 'mobile', '[]', 0, '2021-12-14 19:20:18', '2021-12-14 19:20:18', '2022-12-14 13:20:18'),
('260b91558c306864309934f8229901fa880a15a19c9f8e2369488302b4fc9d370b90c038c23dc3ec', 12, 1, 'mobile', '[]', 1, '2019-12-11 17:53:08', '2019-12-11 17:53:08', '2020-12-11 10:53:08'),
('2617107bcc7b9c21655b714fa53306c01a589e7bef846514ed1f8b57fb0a962b0ec7d5813f534a46', 2, 1, 'mobile', '[]', 0, '2021-12-14 19:22:06', '2021-12-14 19:22:06', '2022-12-14 13:22:06'),
('2624d5514eb862f827fd71141466ebdbec8361289f8badad419512a0a8570ae43e2fd2f095d3c3b0', 12, 1, 'mobile', '[]', 0, '2021-03-19 01:29:26', '2021-03-19 01:29:26', '2022-03-18 20:29:26'),
('265df8d4e0fd2acefe12ed1c7cf31b64cab0ed4f311e606b75c77d93dfc42e1936f12356e5de72e7', 3, 1, 'mobile', '[]', 1, '2019-12-13 02:03:44', '2019-12-13 02:03:44', '2020-12-12 19:03:44'),
('268e95ec645a89572c5b4581b36b944a077fd96ed6072b5de545dbb9d0af955797a427f28a91eb2c', 3, 1, 'mobile', '[]', 0, '2021-05-23 08:43:24', '2021-05-23 08:43:24', '2022-05-23 08:43:24'),
('26a3fe58a27c04bbd7aa3a2c597d632d7714864e4fc279e1b5b7be47e54df0d1bbca4ebd05e1667d', 3, 1, 'mobile', '[]', 0, '2019-12-02 17:45:27', '2019-12-02 17:45:27', '2020-12-02 10:45:27'),
('26cacb3404546d21bdcd3174968c5065706020d0bd35fecb9edb914c266d336b65c349127bb4a622', 9, 1, 'mobile', '[]', 1, '2022-06-06 11:17:13', '2022-06-06 11:17:13', '2023-06-06 11:17:13'),
('26f19a0df8459781bfaaae28a0b0bed2d8b5e21de20966b4f930861899f661b62c2accafd8681173', 9, 1, 'mobile', '[]', 0, '2022-06-01 08:38:00', '2022-06-01 08:38:00', '2023-06-01 08:38:00'),
('27153edc776fb7f19953b4bd7e838828eb4c6be0a60e3c03074ae7da6220e407a2cfd404376da97d', 1, 1, 'mobile', '[]', 0, '2020-06-10 22:30:44', '2020-06-10 22:30:44', '2021-06-10 15:30:44'),
('27154987a020e9e67bb250e37e3aed8312bfb6ef53282679d31e6d2350c12889c522381fe6f08d57', 15, 1, 'mobile', '[]', 0, '2021-03-22 14:53:58', '2021-03-22 14:53:58', '2022-03-22 09:53:58'),
('2754447558a67bb4b9ca73f4d9d1fdda40f214da82c2e6ca1d9b0679bf87ea39ca9387b7bb00148f', 7, 1, 'mobile', '[]', 0, '2020-06-09 20:54:52', '2020-06-09 20:54:52', '2021-06-09 13:54:52'),
('2771f69fedb87380f9b69defc2dd5e55fa991b2bb3c2a42f71716a64a5237132ba89ddbe07e38892', 17, 1, 'mobile', '[]', 0, '2021-03-31 10:23:57', '2021-03-31 10:23:57', '2022-03-31 05:23:57'),
('27a7943ccdb75d7873af097429538611927f2ba622c88bc438a041787c0dd7b019145214f3200992', 2, 1, 'mobile', '[]', 1, '2022-01-19 01:50:45', '2022-01-19 01:50:45', '2023-01-18 19:50:45'),
('27f6ad729d97403f091432cb4a1c3cbe462fde223c91534ac749f9185b5862dc934d5550ef2140d3', 1, 1, 'mobile', '[]', 0, '2021-11-30 09:02:12', '2021-11-30 09:02:12', '2022-11-30 11:02:12'),
('27f93c8eb81265dcbfddb7c4d0080f398ab97d02456ca154ed3dfa333f5236ec61405b849b096cfd', 33, 1, 'mobile', '[]', 1, '2021-04-04 12:24:35', '2021-04-04 12:24:35', '2022-04-04 07:24:35'),
('282c51096ff19a47e3f47358f7b9b67758c5d57305391dbfc96958b6cf3248c1309a2b94d3a6ba8c', 2, 1, 'mobile', '[]', 0, '2019-12-02 18:46:59', '2019-12-02 18:46:59', '2020-12-02 11:46:59'),
('284504725da6a4aced1016e762a8557b4cfad04040b34732f92c6617d47902996cc03fcdaec1f51c', 2, 1, 'mobile', '[]', 1, '2022-01-10 20:56:18', '2022-01-10 20:56:18', '2023-01-10 14:56:18'),
('2881483c81d4c24ee07d2549e21ef09a143ac7d0d4665148a724aa668a3d618cb3da9ffc8564444a', 3, 1, 'mobile', '[]', 0, '2019-12-01 03:37:20', '2019-12-01 03:37:20', '2020-11-30 20:37:20'),
('28ac811894ec8ea30d0c474f7fc1df499a0e9e46c4b4c9104ee45d00634bee5c64b0e4ab4c92e10a', 1, 1, 'mobile', '[]', 1, '2022-01-03 22:28:08', '2022-01-03 22:28:08', '2023-01-03 16:28:08'),
('28c32790c71aa30fb471e3b078024f98c10522cb5d75915c706b1f890f93f1da524929370ea865fa', 12, 1, 'mobile', '[]', 0, '2021-03-17 11:53:14', '2021-03-17 11:53:14', '2022-03-17 06:53:14'),
('2902fd3b6141ab6d9c457496a64f3b6b8334add884ec4ea2715e9a48122f7881f4362c7b3399b909', 7, 1, 'mobile', '[]', 0, '2021-04-21 14:41:58', '2021-04-21 14:41:58', '2022-04-21 14:41:58'),
('295908c31595b754a67e457acbef665c57ff0b8fd16d1ba09e58a5e27c15c2a9b32b4b6866345556', 15, 1, 'mobile', '[]', 0, '2021-03-22 14:02:15', '2021-03-22 14:02:15', '2022-03-22 09:02:15'),
('29ca0600804139079867b470695dcefd035a507c0fe519a57310ea3c3a98e815bc35e18bcc43acf8', 9, 1, 'mobile', '[]', 0, '2021-03-15 18:11:41', '2021-03-15 18:11:41', '2022-03-15 13:11:41'),
('29cb2763b9e651f03992cff1ed5070164b7ca5ca593348e73cf5d40a3dd604e19ff03a74b089e16f', 27, 1, 'mobile', '[]', 1, '2021-11-08 12:36:16', '2021-11-08 12:36:16', '2022-11-08 15:36:16'),
('29d340983fef2d39cbe7b9cce9ae251666d3700b6ca5dbf1fa9a07b414bc0df83c3e2208dd1a3ee6', 3, 1, 'mobile', '[]', 0, '2020-04-28 22:33:05', '2020-04-28 22:33:05', '2021-04-28 17:33:05'),
('29e4da31243c8ed055ca38420c4a0d468ef8fde47fee0d29a908ef55b82206564d998dd3ce930f9f', 1, 1, 'mobile', '[]', 0, '2019-12-02 18:17:13', '2019-12-02 18:17:13', '2020-12-02 11:17:13'),
('29f6e8eb05fdf370e0cd2f4e2cf65fc18ffac731cfd56ba104122eb82a29595ca4ba7faaf2484dac', 18, 1, 'mobile', '[]', 0, '2021-03-31 11:37:53', '2021-03-31 11:37:53', '2022-03-31 06:37:53'),
('2a00bfb56ae0617df81db9dc42d1592516d6516f105c0078592610c17deade256463b88fa1845bf5', 4, 1, 'mobile', '[]', 1, '2020-06-10 04:09:20', '2020-06-10 04:09:20', '2021-06-09 21:09:20'),
('2a247ecddd048c283c4c8912787408572150064046368d51c9fb3952afff783b7f6b3fe7dc9a03e7', 4, 1, 'mobile', '[]', 0, '2021-03-08 13:19:37', '2021-03-08 13:19:37', '2022-03-08 07:19:37'),
('2a30446a8ab35b4ef3f166331917d4a15308d9e13de5ffa94cd7e6294d2f355b63289fc21efeac39', 15, 1, 'mobile', '[]', 0, '2021-03-08 20:19:53', '2021-03-08 20:19:53', '2022-03-08 14:19:53'),
('2a3cd2ae22e7a72b7f3de5fb359c3088a1e2be7c5cd31f27489467e5e386547702854bb57860560b', 2, 1, 'mobile', '[]', 1, '2022-01-02 18:46:38', '2022-01-02 18:46:38', '2023-01-02 12:46:38'),
('2a3d73c6fc008f0dd9e6223b796b8748d5fc52347fa3c6966009ffea3d66e0a7c0609665f62330d7', 25, 1, 'mobile', '[]', 0, '2021-03-23 13:52:27', '2021-03-23 13:52:27', '2022-03-23 08:52:27'),
('2a57433d541226c7b23e2ad3140bae12fc9ae7fe8c74d3854f83c6a61ccc74ceb31a305f6be4b04f', 12, 1, 'mobile', '[]', 1, '2021-02-24 03:38:47', '2021-02-24 03:38:47', '2022-02-23 21:38:47'),
('2a6228962938ddd0032cacf1db5ecfe8ebef49e94fdf403b5583c5f74c8e049f94bda92f0ce7d394', 1, 1, 'mobile', '[]', 1, '2019-11-27 07:54:01', '2019-11-27 07:54:01', '2020-11-27 00:54:01'),
('2a8cf5c46be418fc53132578bbae721b829bd83ee2de34b8a0a3c3218271ab74d4087868f5abd6a6', 1, 1, 'mobile', '[]', 1, '2022-06-08 06:35:02', '2022-06-08 06:35:02', '2023-06-08 06:35:02'),
('2ab0c5179b1c38f4342dec0935a3032bd45058c1fd96ee078f090c02a268723f6b5c12d3280c3b85', 2, 1, 'mobile', '[]', 0, '2021-12-24 02:11:02', '2021-12-24 02:11:02', '2022-12-23 20:11:02'),
('2ae350bf196324f01ebd36f7bd81e3bb97c3e157f098c049e5f4af653af82bf226bdb2b7c1bdecff', 1, 1, 'mobile', '[]', 0, '2021-03-16 17:31:11', '2021-03-16 17:31:11', '2022-03-16 12:31:11'),
('2af0e818e4a381526adc026c4fb69c81bc9fcb02de254a38ae86ab19199667e543c10261b2f1d266', 9, 1, 'mobile', '[]', 1, '2022-06-04 16:11:14', '2022-06-04 16:11:14', '2023-06-04 16:11:14'),
('2b065c35441bdb4f1af2d89a7d48c500083810577013a5403a39b82e8f04ce7c12f2165a9de04fee', 2, 1, 'mobile', '[]', 0, '2022-01-14 01:47:01', '2022-01-14 01:47:01', '2023-01-13 19:47:01'),
('2b0efff0fa771e36f3642309ef99194ade79300b74da795ba64603f0e783258532eb1399fe5088eb', 2, 1, 'mobile', '[]', 0, '2021-12-23 16:39:19', '2021-12-23 16:39:19', '2022-12-23 10:39:19'),
('2b0f10fa3027180860616324bb1684fbad6257f50a99198c34f7f8e57e9b9f3342ab29b53481987b', 1, 1, 'mobile', '[]', 1, '2022-05-16 09:13:37', '2022-05-16 09:13:37', '2023-05-16 12:13:37'),
('2b328e3482c1eee0deb38eff74720eef0593a06bd4ba26f72fd62fdbd5638c5797d55c8b70e6b3d1', 1, 1, 'mobile', '[]', 0, '2021-12-05 16:01:07', '2021-12-05 16:01:07', '2022-12-05 10:01:07'),
('2bb6ff37bd62291ea41cc7e4056bfb25ea7d97cc3e39d0bffd28fb5f9a0c1d14c1fba552c16658e4', 15, 1, 'mobile', '[]', 1, '2022-01-04 19:34:09', '2022-01-04 19:34:09', '2023-01-04 13:34:09');
INSERT INTO `oauth_access_tokens` (`id`, `user_id`, `client_id`, `name`, `scopes`, `revoked`, `created_at`, `updated_at`, `expires_at`) VALUES
('2bb7d64334981a6d14e3f91f3e4de34ec27dba8f9d48cfb315670096f1f7cd7ff7829c69e7d69f8e', 18, 1, 'mobile', '[]', 1, '2022-01-12 20:44:27', '2022-01-12 20:44:27', '2023-01-12 14:44:27'),
('2bfcd4aedebfcfe8c674f57db173725d88d840ee8be65b05069f23502473b6105fb7c21dcc803e9d', 29, 1, 'mobile', '[]', 1, '2021-11-08 11:43:53', '2021-11-08 11:43:53', '2022-11-08 14:43:53'),
('2c016fc9bfcf36ce5ea337e07ded29b93a00ba60fe8d066b5f7b00e1e5c6bbdefe9d52e8dc2887c6', 9, 1, 'mobile', '[]', 0, '2022-05-31 09:52:06', '2022-05-31 09:52:06', '2023-05-31 09:52:06'),
('2c16ef7f3a393c6b0b1673f3b8a6b19738b3c1570301db1f24e7336b34c4b64600dc723568b81927', 1, 1, 'mobile', '[]', 0, '2020-06-10 22:00:14', '2020-06-10 22:00:14', '2021-06-10 15:00:14'),
('2c62f88e953c65bfda0b2e6f47aeb60ca4ac21b21d262ff2dadd56f946081dad598413d9a61d61d8', 26, 1, 'mobile', '[]', 1, '2021-08-24 12:31:04', '2021-08-24 12:31:04', '2022-08-24 12:31:04'),
('2c8d897352d62da437cdc0ed97f38b48bd5abac8acc6ae02f549def479fd4afb7b5329414780e7cf', 3, 1, 'mobile', '[]', 1, '2019-11-27 18:32:13', '2019-11-27 18:32:13', '2020-11-27 11:32:13'),
('2c92c5b78b1d860981ea9f303a7bd38f08629296636a51f8a9a41fd64377b924948d64d8fbeb6c1e', 1, 1, 'mobile', '[]', 0, '2021-12-06 21:42:09', '2021-12-06 21:42:09', '2022-12-06 15:42:09'),
('2cc1acc0b79d604ef26537e7a45cc6abfb5ed931e2ecf765ec0cb50d14abad20f5dda7b1ae6b4777', 1, 1, 'mobile', '[]', 0, '2022-01-02 21:43:56', '2022-01-02 21:43:56', '2023-01-02 15:43:56'),
('2cc3e019bc64b64e6b7c59676936fdd21f343d31f463a3b6cc466c3d5389d9de8128f0332500fdef', 15, 1, 'mobile', '[]', 1, '2021-03-16 20:38:58', '2021-03-16 20:38:58', '2022-03-16 15:38:58'),
('2ccadf80738c439aa7fc12c883333b89a6855900a82c9fc895daef34319a44d9a48ebbcbdf9bb515', 23, 1, 'mobile', '[]', 1, '2021-03-21 17:26:50', '2021-03-21 17:26:50', '2022-03-21 12:26:50'),
('2cede44e20bf8fae6ae284d154c1fbd5fe5564a73e8456bb6146e644810173fff35cbe0471f3e464', 2, 1, 'mobile', '[]', 0, '2021-12-22 15:50:18', '2021-12-22 15:50:18', '2022-12-22 09:50:18'),
('2d017091a825ec986334960cc7f501fa6c8af0640c3b722495bf7eabb1dfafb5adcb0908f4c18bf3', 1, 1, 'mobile', '[]', 0, '2022-05-26 03:35:41', '2022-05-26 03:35:41', '2023-05-26 06:35:41'),
('2d17330e1f5fa38d238c6680875c0c24a6e9c9af6a90f323e3edd0ea7975eaf3033bc09454c8fdd2', 9, 1, 'mobile', '[]', 0, '2022-05-31 09:32:31', '2022-05-31 09:32:31', '2023-05-31 09:32:31'),
('2d32c3e7f911a97f2d1947c38793303b6a69d5caf665aef467f49bd1c1f10360599b348b86b6210c', 10, 1, 'mobile', '[]', 0, '2021-05-31 11:44:11', '2021-05-31 11:44:11', '2022-05-31 14:44:11'),
('2d34c539c6552143b13baa0a099aa6940931286830920d683b11dc5e2c6cbc56a81fc6322f2f38b7', 1, 1, 'mobile', '[]', 0, '2021-11-28 13:26:28', '2021-11-28 13:26:28', '2022-11-28 15:26:28'),
('2d9fdda1a546d6de3b31fb7da40264fc796495b18599b744ec40e4c553e9e2bec4c93dfaa48a4566', 15, 1, 'mobile', '[]', 1, '2021-03-22 17:56:29', '2021-03-22 17:56:29', '2022-03-22 12:56:29'),
('2db701bc290de90814e2839e094451d3cc1fc56655383f30bd8640ec69c61d4067781c9922d543e7', 12, 1, 'mobile', '[]', 0, '2021-03-17 11:48:57', '2021-03-17 11:48:57', '2022-03-17 06:48:57'),
('2dd785debd1206362c95167890ff0b67a1e340f13ad89a9b01fd115448da7b301e6f02ad95157833', 9, 1, 'mobile', '[]', 0, '2022-06-01 08:40:17', '2022-06-01 08:40:17', '2023-06-01 08:40:17'),
('2de9b0e5ad2d4dc7a9999447e07f6801caa390a6c48970c37599c2387930667c8ba46c1cc88beeda', 9, 1, 'mobile', '[]', 1, '2022-06-08 10:02:49', '2022-06-08 10:02:49', '2023-06-08 10:02:49'),
('2e5ef10a1183d31fec2991c8ff2c99d3d67c6cde65adc898b8aaee7003dbf75683eb9c87e2a4fe43', 3, 1, 'mobile', '[]', 0, '2019-12-01 19:43:37', '2019-12-01 19:43:37', '2020-12-01 12:43:37'),
('2ea38d402de114574e646a2e4af3c51417ad683053d4a62e03278ea47ce00ac37e246dc383bc6e36', 2, 1, 'mobile', '[]', 0, '2021-12-22 15:48:26', '2021-12-22 15:48:26', '2022-12-22 09:48:26'),
('2ec98dd74782f25221b3cd8904a004b7d41e8fae2e538545ecf672a0e8bf136ac4da4a85f77bd5c7', 23, 1, 'mobile', '[]', 1, '2021-03-22 01:12:02', '2021-03-22 01:12:02', '2022-03-21 20:12:02'),
('2ed4f9c9018289fcc5f610ce5a4d392d8f13d4854fc6473acb62187b322199f3c733a8c07e823bc1', 12, 1, 'mobile', '[]', 0, '2021-03-18 05:58:20', '2021-03-18 05:58:20', '2022-03-18 00:58:20'),
('2f6ead6f623fdaedcdc0984c728970e7846c5e97e35f7e210c9e604099f147a73df8f8b1288eeaac', 1, 1, 'mobile', '[]', 1, '2022-01-26 16:42:05', '2022-01-26 16:42:05', '2023-01-26 10:42:05'),
('2fafc6af326afa7dd774f952b00371531c393bc36d1210247cc5910609a5aa77d5435ffa2b4f300e', 9, 1, 'mobile', '[]', 1, '2021-03-15 19:02:08', '2021-03-15 19:02:08', '2022-03-15 14:02:08'),
('30f2e18c3415e9a809f5c81da84574366122beaeb4d080639809563c6e6eca73143c11ae080bc9ae', 1, 1, 'mobile', '[]', 1, '2022-01-26 16:04:44', '2022-01-26 16:04:44', '2023-01-26 10:04:44'),
('310186d0fd9ec365805ab1093fe91f3e6a40cba7823e5c9a45915ec86218ea89d89a2cc293b3b477', 12, 1, 'mobile', '[]', 0, '2021-03-17 11:56:12', '2021-03-17 11:56:12', '2022-03-17 06:56:12'),
('3182f904c6b9d10f52f98d66721e1b160e90a6b7305fad056f8e83fcfcac120a6ef8ceacaa990dc1', 17, 1, 'mobile', '[]', 1, '2021-03-14 13:18:15', '2021-03-14 13:18:15', '2022-03-14 08:18:15'),
('31b02924c64292f42c8463b953b4a24618b5bc688d6d797709262bc489039ce945ae0588d28d9deb', 10, 1, 'mobile', '[]', 0, '2021-06-09 11:18:28', '2021-06-09 11:18:28', '2022-06-09 11:18:28'),
('31b80bf57737b8cd75080192ad32ed9b0cbe477a4273df0e3a63bb1c91ccad899872ed3604207810', 1, 1, 'mobile', '[]', 1, '2022-06-07 07:54:55', '2022-06-07 07:54:55', '2023-06-07 07:54:55'),
('31bf77122cebca2768cd57d45b185d149eaa66c696cfd84840724a3c0941f82d08e1d9b9bd296f89', 7, 1, 'mobile', '[]', 0, '2020-06-04 13:14:39', '2020-06-04 13:14:39', '2021-06-04 06:14:39'),
('31c6ade092ee3229f6b94b5ad50632703c4200a933204cc8216c4c98a77a81f38b734dc26395432f', 15, 1, 'mobile', '[]', 1, '2021-03-24 22:08:04', '2021-03-24 22:08:04', '2022-03-24 17:08:04'),
('31c9313accd738112aa6922dcc5452ab6c7f63e66a824ccd490f71b87205cb3d0fdb89fb8d3c09d8', 1, 1, 'mobile', '[]', 0, '2022-06-05 12:55:46', '2022-06-05 12:55:46', '2023-06-05 12:55:46'),
('31cd93cfe4a1bfa0f006a99a17590394f8aa9b1e0d4333fc86d2f82d9b72caf7beb27f4b117ecbf4', 12, 1, 'mobile', '[]', 0, '2021-03-16 16:52:27', '2021-03-16 16:52:27', '2022-03-16 11:52:27'),
('3220f20f41304054f71ecd44f1ada753dcf478ec8cdd6fe21c1ef48fb7e63bc74f472ab1e64ddc54', 1, 1, 'mobile', '[]', 0, '2021-02-07 05:00:26', '2021-02-07 05:00:26', '2022-02-07 07:00:26'),
('3233a542d9c91957366b620848e7740a11538709f1d66fac8b162f9e9106a8b33113ebe391e1cab9', 2, 1, 'mobile', '[]', 0, '2021-12-20 22:09:21', '2021-12-20 22:09:21', '2022-12-20 16:09:21'),
('3240a4db875a6772f996cf455e2084916ec3b3624975341c5653bd74eeab58e9067c4e12524411d6', 24, 1, 'mobile', '[]', 0, '2021-03-23 17:15:14', '2021-03-23 17:15:14', '2022-03-23 12:15:14'),
('3243ea492faac03a252907fa98d162a99d589d1819a9bcfaf44ed346a7cafd90e2b4f04c280a516b', 7, 1, 'mobile', '[]', 0, '2021-05-17 22:38:14', '2021-05-17 22:38:14', '2022-05-17 22:38:14'),
('32a16ee714d652195c60ef60855e87ff439e5c14b73d5ef1f5cd87d2800c54d451c0df1ee7790f22', 27, 1, 'mobile', '[]', 0, '2021-03-24 19:43:23', '2021-03-24 19:43:23', '2022-03-24 14:43:23'),
('32aff56abf6436dbaee161bbbc069d324ac991427438804a87ffb2b0a97a42ec2efd44726803a2b3', 12, 1, 'mobile', '[]', 0, '2021-03-16 14:00:19', '2021-03-16 14:00:19', '2022-03-16 09:00:19'),
('32b3c3963f2d84442511bb316a0bc9a33e65976431f9e091fd8cd9f7427a91df41c66a620e779dc3', 1, 1, 'mobile', '[]', 0, '2021-12-06 16:12:53', '2021-12-06 16:12:53', '2022-12-06 10:12:53'),
('32c099e36ab14d2c57a3f76cff5823b39cd3a5118179ab61de541bc43938319e6849b148d144b9b8', 12, 1, 'mobile', '[]', 0, '2021-03-16 17:21:13', '2021-03-16 17:21:13', '2022-03-16 12:21:13'),
('3366fcf2da5586ca8be1c98fb8b4a79e5fdb45356942faaa05b212ad803b648c9730d9e256b35b96', 23, 1, 'mobile', '[]', 1, '2021-03-23 16:53:33', '2021-03-23 16:53:33', '2022-03-23 11:53:33'),
('33aaa95428a00a6b36caab9e816f7e5ad5edbf9f29eaf105bbc5aa987ababb53e6a9ad0c86ef7ee6', 15, 1, 'mobile', '[]', 0, '2021-03-09 13:20:35', '2021-03-09 13:20:35', '2022-03-09 07:20:35'),
('33cf89056ccc377342dc3a42e26bcf0fe2a4934d6d7a5819ac996ecb96df2500cba406a77b724573', 2, 1, 'mobile', '[]', 1, '2022-01-14 23:10:36', '2022-01-14 23:10:36', '2023-01-14 17:10:36'),
('33f3ea25ebef89079f4ef7a39611c5b74366706a31cb33c5eaa1141c6d2df0e2c230e0324e51b9ba', 7, 1, 'mobile', '[]', 0, '2021-04-21 14:06:48', '2021-04-21 14:06:48', '2022-04-21 14:06:48'),
('34435ab8b5f339adf44c737b3b2c21320242a0506b4b516ccd818951926b169219694327e33dd94c', 7, 1, 'mobile', '[]', 0, '2021-04-21 14:14:12', '2021-04-21 14:14:12', '2022-04-21 14:14:12'),
('3473651ddc223e50080930d23752a13fcb6e359c59dec28819d56fefa9a3354ab8a362cc45b25ecb', 16, 1, 'mobile', '[]', 1, '2021-06-16 12:06:17', '2021-06-16 12:06:17', '2022-06-16 12:06:17'),
('347ba3fb9f019ff2b169b5b6f81879af4eb4b8f8378c35fc3b8794f4f303ce7f70dbc6a996f82ab5', 3, 1, 'mobile', '[]', 0, '2020-04-26 20:57:36', '2020-04-26 20:57:36', '2021-04-26 15:57:36'),
('348240e31a8ada7adcf77ed72b0bd557ddb5cf68ba2ecd1c113f02624fb903350989edad3e62fb68', 3, 1, 'mobile', '[]', 1, '2019-11-29 15:52:06', '2019-11-29 15:52:06', '2020-11-29 08:52:06'),
('34e51c51c745673aa945e66dc4e63946281921ec6c288aadfc912363f2db02559797be04bbfd6667', 14, 1, 'mobile', '[]', 0, '2021-06-09 12:02:17', '2021-06-09 12:02:17', '2022-06-09 12:02:17'),
('34e6ead1e82bc9a53e2af383835757f8031ebd0d6c4269ec0d16c1e4890e339aff3cb7297a1f5b74', 18, 1, 'mobile', '[]', 0, '2021-02-07 10:36:11', '2021-02-07 10:36:11', '2022-02-07 12:36:11'),
('34e97a9c070720bd19c52b2a0c7aa5bbb3255c407a90b7f6fd578a3c223a2aad4f749d3e2c388805', 23, 1, 'mobile', '[]', 0, '2021-03-23 14:29:26', '2021-03-23 14:29:26', '2022-03-23 09:29:26'),
('34fce590a735fa4e15c5faf44fd270cb7c31d4a52c9c8bd9a714599ea9625757789d15f70ae93123', 2, 1, 'mobile', '[]', 0, '2022-01-18 15:59:10', '2022-01-18 15:59:10', '2023-01-18 09:59:10'),
('35480eded5d6d1fdd3acd57e67fcbe3ac5abb52551ca811c5f5991ff8f55cf012098f5aef43d2e07', 10, 1, 'mobile', '[]', 0, '2021-06-14 14:43:10', '2021-06-14 14:43:10', '2022-06-14 14:43:10'),
('35a30086d411796387e6ed11d2d4bd22ca34c77be527ab2efde3ddd2b7ddc40c97a4572df2d10561', 13, 1, 'mobile', '[]', 0, '2021-03-07 14:39:01', '2021-03-07 14:39:01', '2022-03-07 08:39:01'),
('35a5b43604dc7a8a1ddac8495b413992f4d69a7652ef99e1a6465e2d76bde096109bc69c11107e5d', 9, 1, 'mobile', '[]', 1, '2022-06-06 11:06:22', '2022-06-06 11:06:22', '2023-06-06 11:06:22'),
('35e1f5402e3234742be187eb1e360d3f0e8b326c29842a6a2c91e6c2dc0c49c08da7034a667063eb', 23, 1, 'mobile', '[]', 1, '2021-03-19 03:57:49', '2021-03-19 03:57:49', '2022-03-18 22:57:49'),
('360b68227f4d402760d32974f930d2f8232bb75b910617d6a1f7957cc778e726d621708e0e5ffb8b', 34, 1, 'mobile', '[]', 0, '2021-04-08 19:20:02', '2021-04-08 19:20:02', '2022-04-08 14:20:02'),
('3614c4e30fcac566b04110f5dfd061ce027a33d4a663c4266e4682c9c1f74d53c8bf62afd80dbf2c', 4, 1, 'mobile', '[]', 0, '2022-05-25 02:33:30', '2022-05-25 02:33:30', '2023-05-25 05:33:30'),
('3638b4c01e94d0130bb54214185e97f84fe0ae7a65cec26db843fe68e052a62b2f511da42ff4f533', 15, 1, 'mobile', '[]', 0, '2021-03-22 17:31:12', '2021-03-22 17:31:12', '2022-03-22 12:31:12'),
('364b60b7bd8b99e663ef83675529bc1ee3adcf3a716c6b4b336ee4bb93141381268e8601ba5e89bb', 10, 1, 'mobile', '[]', 1, '2020-06-17 23:53:50', '2020-06-17 23:53:50', '2021-06-17 16:53:50'),
('368f47fe95e39f6273d0071b9af04b95cd356db3f103b04dcfa4e5821b7ccc575cccb20079eef074', 1, 1, 'mobile', '[]', 0, '2021-12-09 23:05:09', '2021-12-09 23:05:09', '2022-12-09 17:05:09'),
('36df875f863ca12ddb67e9ec512b334f03c52d53cb0304f82517b2316b197a06f516d4355fba940b', 12, 1, 'mobile', '[]', 1, '2021-02-24 02:51:35', '2021-02-24 02:51:35', '2022-02-23 20:51:35'),
('36ff22ba120aa2742ef00e8fa947e1ab0d962bc3ccb3d15c2582e8846b14016b7e38bf7207306bb4', 9, 1, 'mobile', '[]', 0, '2022-05-31 10:15:42', '2022-05-31 10:15:42', '2023-05-31 10:15:42'),
('370dd2742bf2dfbd5e956bbe135911cd49ebb5a2fc32766313b317d78bb0df953c87d318d0357116', 7, 1, 'mobile', '[]', 0, '2021-04-23 18:32:28', '2021-04-23 18:32:28', '2022-04-23 18:32:28'),
('3745080319a69952dedf8dcb6580940e61c9b25c1857ae203fac75aadf507661a8f5d9bcb9bb6006', 15, 1, 'mobile', '[]', 0, '2021-03-17 17:24:29', '2021-03-17 17:24:29', '2022-03-17 12:24:29'),
('374e23dc7c76da9a8f705aa67577b3ea220749325e76ccc285624987f87435d29a9dbb03e1e8a0a3', 27, 1, 'mobile', '[]', 1, '2021-08-24 12:31:30', '2021-08-24 12:31:30', '2022-08-24 12:31:30'),
('37e3eddc554f6afd1d09ab891df93a958e7178b7d817cf7b80efb7b2d1f0fc5d4e89a5a9bdcdfd19', 14, 1, 'mobile', '[]', 0, '2021-06-13 10:52:17', '2021-06-13 10:52:17', '2022-06-13 10:52:17'),
('381bfa98c7bd105ec42c92bd21c5ab06d2ecc66c3fe24bd45dabaf11a91b0a4af2a351bd18e750ce', 1, 1, 'mobile', '[]', 0, '2022-05-24 03:23:47', '2022-05-24 03:23:47', '2023-05-24 06:23:47'),
('383611da3a484fad577179653d132a5c62f8d46b425349f2aceb75074a62335131379269d48ed23d', 3, 1, 'mobile', '[]', 1, '2019-12-12 17:42:13', '2019-12-12 17:42:13', '2020-12-12 10:42:13'),
('383b58ed4747fd8bbee5cab7fb7b79d6e2648a9cc7f86a2a44ff6548732879c463f779c2a3e9b161', 17, 1, 'mobile', '[]', 0, '2021-06-16 12:12:14', '2021-06-16 12:12:14', '2022-06-16 12:12:14'),
('384318d8279b03fdcaf0176d0230e971a7a90db12f35c4df2e504157eff68bfeeb6c0a6f84ed7679', 9, 1, 'mobile', '[]', 0, '2022-06-01 20:07:53', '2022-06-01 20:07:53', '2023-06-01 20:07:53'),
('386a11dcb1a79ea7f4841ff9ae20c6d8a365fda2c5a1ade4adb0705385da0080a28c9117dd78dfb2', 23, 1, 'mobile', '[]', 1, '2021-03-28 12:35:38', '2021-03-28 12:35:38', '2022-03-28 07:35:38'),
('386c43e68662efff857c8c46cd15df485e13b6b8b0f80d949e6a2e72dcc9cd6f321eb1712dd563fd', 1, 1, 'mobile', '[]', 0, '2022-06-07 05:56:58', '2022-06-07 05:56:58', '2023-06-07 05:56:58'),
('387b6868ae5f38f7a20b958ea0c6b61ced8adccf21b33166a2a98a2da4149dd6d10a0476949926db', 29, 1, 'mobile', '[]', 1, '2022-01-20 22:13:25', '2022-01-20 22:13:25', '2023-01-20 16:13:25'),
('388faf4fa667d9e6abf21465dfe98c3b1d78b901aed66fb6b609f45524cb24997d49d6c33d4bfc1a', 1, 1, 'mobile', '[]', 0, '2021-12-02 17:38:26', '2021-12-02 17:38:26', '2022-12-02 11:38:26'),
('389ebf972b23af94feb7a0164dd4c8dc15412db08f54c242c2a94e55fc3f0d303957cda2c109aaf0', 1, 1, 'mobile', '[]', 0, '2021-03-16 17:30:03', '2021-03-16 17:30:03', '2022-03-16 12:30:03'),
('389fb2fc84ba7dba912bd4b8b2020ded1bb2e7163653f368dfe81b6c2e4f13ed5101db62bf90213f', 7, 1, 'mobile', '[]', 0, '2020-06-15 03:19:26', '2020-06-15 03:19:26', '2021-06-14 20:19:26'),
('38c5a90c1a90f9ba8616d366b345b63da23717cb997e981d0749c1383e6e94d1fd86aaba0df05bac', 1, 1, 'mobile', '[]', 0, '2022-05-24 09:47:10', '2022-05-24 09:47:10', '2023-05-24 12:47:10'),
('38cb25d067bfbb6c24c4db4247c8b34719500d0f667ea6ca232810d3a9066b216e547def6b12dfcd', 23, 1, 'mobile', '[]', 1, '2021-03-26 03:18:17', '2021-03-26 03:18:17', '2022-03-25 22:18:17'),
('390cd0ff24ee2d8026d7d7505d7a7ccb5da15fa54c4a8979b7fa30fd2235a6e26d38049cdb3532bd', 6, 1, 'mobile', '[]', 0, '2022-05-16 09:01:11', '2022-05-16 09:01:11', '2023-05-16 12:01:11'),
('3915923a2d902cb0960f1360ec1b5aac1255c39d137375dd974f8893628bc564efea9c095f764e38', 2, 1, 'mobile', '[]', 0, '2021-12-27 15:34:42', '2021-12-27 15:34:42', '2022-12-27 09:34:42'),
('3915c2de8306d73fbff9c79ab54cd95582455274fe1a4bcdcf60efe323b52656ac23e6821e399686', 10, 1, 'mobile', '[]', 0, '2021-06-21 14:53:09', '2021-06-21 14:53:09', '2022-06-21 14:53:09'),
('3917a2cd4565b6fdbd4bb925265d95b3b941b8746d3fca73ebb28f49838ff9d11214236db4332b43', 2, 1, 'mobile', '[]', 1, '2022-01-18 00:31:29', '2022-01-18 00:31:29', '2023-01-17 18:31:29'),
('394e7e6a6fc5f219e69bbd18678ac4b86382e7be7adc7c91b8485a2af4811ec1f92cae2c1716ff4a', 10, 1, 'mobile', '[]', 0, '2021-06-10 14:51:24', '2021-06-10 14:51:24', '2022-06-10 14:51:24'),
('3974b3a04f444384a052d0a069f0d5082fd2d38457b72254a5e6ee894716158524b38193c0df4d25', 9, 1, 'mobile', '[]', 0, '2022-06-01 08:25:52', '2022-06-01 08:25:52', '2023-06-01 08:25:52'),
('39b8c821f4e9b1b9e3a9a8bc369fd2a8b8743ee42f0fd588b6c9bda1c29655a7dd8c63430b0286d5', 9, 1, 'mobile', '[]', 0, '2022-06-06 07:28:43', '2022-06-06 07:28:43', '2023-06-06 07:28:43'),
('39c638d325c207dabb4a169bb95f7767921555d8547759821b1501ddb8858d1accacdc82f4e1bbed', 9, 1, 'mobile', '[]', 1, '2022-06-01 08:46:20', '2022-06-01 08:46:20', '2023-06-01 08:46:20'),
('3ab86838967dfda7166006183b146b739c03b1df3a86f18ba8be88d89d5a48bf602282a43fe9b198', 2, 1, 'mobile', '[]', 1, '2022-01-12 21:06:46', '2022-01-12 21:06:46', '2023-01-12 15:06:46'),
('3abeeafa8abc3953e29141621144e8dc9a1df1cb379ddeedfd803b192dbfa438f4b5dd056dcc34c8', 2, 1, 'mobile', '[]', 0, '2022-01-10 21:56:23', '2022-01-10 21:56:23', '2023-01-10 15:56:23'),
('3ad6d3e60235ac10e3fc09f57cdc0fb3148e26611c85897bcdb8942d3c6d61c2ac465e9ee7682fd5', 2, 1, 'mobile', '[]', 0, '2022-01-11 05:34:44', '2022-01-11 05:34:44', '2023-01-10 23:34:44'),
('3aebd1b16e30a3385c8882f3fe89fa3534f1eeff90a505dbfd76d95a9aedca6b745c98e304bcd0b7', 2, 1, 'mobile', '[]', 1, '2022-01-03 21:21:32', '2022-01-03 21:21:32', '2023-01-03 15:21:32'),
('3afa8923ef771684766ae2a467a8534a76b4842bd5007bdb6f62e7dc23cf1a632b875bf36b904ca4', 2, 1, 'mobile', '[]', 0, '2021-12-26 17:57:13', '2021-12-26 17:57:13', '2022-12-26 11:57:13'),
('3b673c9fc81ef97614ed7a2f28f7765a6d4db038574775d49fdebf20d50bb34c14716d217786f2e5', 9, 1, 'mobile', '[]', 1, '2022-06-08 10:39:48', '2022-06-08 10:39:48', '2023-06-08 10:39:48'),
('3cf96e0e3dabb0f4d034a60c5041523ded7118215cd1f5f7e6cf9f6659b60fd99e8d7a6064ec42fa', 27, 1, 'mobile', '[]', 1, '2022-01-10 16:21:57', '2022-01-10 16:21:57', '2023-01-10 10:21:57'),
('3d6133d48433e04c7b6b9827cd1d0b3b91e2a68c3e109d70206de6030e98ff45ae0e9bf7a28bbba5', 27, 1, 'mobile', '[]', 0, '2021-03-24 19:39:52', '2021-03-24 19:39:52', '2022-03-24 14:39:52'),
('3d9ff5a5ed69ddb7b1c6f5dcb599329f5a36e19a8000342217a37cdc5aa952cfccb84c0e86ad22fe', 1, 1, 'mobile', '[]', 0, '2021-12-08 18:02:51', '2021-12-08 18:02:51', '2022-12-08 12:02:51'),
('3dc11c4cb184ec4bffa3e3f03ddbfb0aa9a6c770fbaf74e5341aab6b2423fe528859350be2642017', 2, 1, 'mobile', '[]', 1, '2022-01-04 19:38:45', '2022-01-04 19:38:45', '2023-01-04 13:38:45'),
('3defd57a3af8b889fe0a30eef5fb8a83bb74f131bdecf6909793cb1590ae4cc202dffadb7db58fd0', 2, 1, 'mobile', '[]', 0, '2021-12-22 18:14:11', '2021-12-22 18:14:11', '2022-12-22 12:14:11'),
('3e283568d3e0d92e47330670c967cda666058399aefe934e7806186d8ea18cc151e65a5d5b60cc56', 1, 1, 'mobile', '[]', 0, '2021-12-05 22:11:38', '2021-12-05 22:11:38', '2022-12-05 16:11:38'),
('3e3fdf2bcc8fd8cb9ec6250e07ec4521ce9a0353e8de7956a68d57f07067797dc414fc89db0ad7dd', 1, 1, 'mobile', '[]', 0, '2021-12-12 20:08:01', '2021-12-12 20:08:01', '2022-12-12 14:08:01'),
('3e5e1101745380a62274a78a6fced2285df302c488f7c2880b0c552c3c32ec883bf33506485a2484', 1, 1, 'mobile', '[]', 0, '2021-12-09 19:23:03', '2021-12-09 19:23:03', '2022-12-09 13:23:03'),
('3e6ce8e1ebb4035b3607b67adabf0271e696d6056e05d13199d89a43ecc7fc6dd1479de6f878aae0', 4, 1, 'mobile', '[]', 0, '2022-05-25 03:09:29', '2022-05-25 03:09:29', '2023-05-25 06:09:29'),
('3ea6e2c905fc183f76add1d192aa7564e8e7fe5cd263ce14f77e93b18be475b7da34bd755bd2226f', 1, 1, 'mobile', '[]', 0, '2021-12-07 18:19:37', '2021-12-07 18:19:37', '2022-12-07 12:19:37'),
('3eb530db2437076944d70390c9338ca51a58e7db0a10774d44bbd01a6d5d998e940f789f2439f34f', 1, 1, 'mobile', '[]', 0, '2022-06-07 08:35:40', '2022-06-07 08:35:40', '2023-06-07 08:35:40'),
('3ecb111a89b29596a5fffb34ee41c57dbb49381deccbace6a6ce9dbc1a0fc9aa9902a1a821eb2d95', 15, 1, 'mobile', '[]', 1, '2021-03-08 02:16:35', '2021-03-08 02:16:35', '2022-03-07 20:16:35'),
('3ed9843488c1bcef9fcca7986c33c621ad1a0d4526164a5f5e5c97f5678001e117ba12833cab125f', 1, 1, 'mobile', '[]', 0, '2021-04-17 17:27:42', '2021-04-17 17:27:42', '2022-04-17 17:27:42'),
('3f1942a6e018b940dcec1deba0d146db7d5d134cac4adec16235058da0b60d453e38ea2f82d08dc0', 7, 1, 'mobile', '[]', 0, '2021-04-21 14:13:51', '2021-04-21 14:13:51', '2022-04-21 14:13:51'),
('3f4b81e26d8f099b8d0fc8311ee9c114ce18d226807e9393ea20449197ac4ddc888dbd6b8b6a807a', 2, 1, 'mobile', '[]', 0, '2022-01-02 17:26:10', '2022-01-02 17:26:10', '2023-01-02 11:26:10'),
('3f507731ec7830623e68f742f88f7f0bc02b3ac441fc1dcc66697e69c3598dbd36395f471730d9a1', 2, 1, 'mobile', '[]', 1, '2022-01-23 15:30:03', '2022-01-23 15:30:03', '2023-01-23 09:30:03'),
('3f77005f622ec8493eef5ae64773b2c7841ec38ed27b6ca8ff44cb610674829a62c5de646fbb718e', 1, 1, 'mobile', '[]', 0, '2020-03-31 10:45:38', '2020-03-31 10:45:38', '2021-03-31 13:45:38'),
('3f9cbe81107592784abd4b700d3dabba216cec1a0d9a16e016758edccdc728cbea46c7bd45dfb858', 1, 1, 'mobile', '[]', 0, '2022-06-08 11:42:32', '2022-06-08 11:42:32', '2023-06-08 11:42:32'),
('3ff885893e721a2fc494b6b5e7f0e619097a8671bbcd244123f978e1f1a3a98e34e583f5f989820c', 12, 1, 'mobile', '[]', 0, '2021-02-24 02:50:29', '2021-02-24 02:50:29', '2022-02-23 20:50:29'),
('400804536ab815004a7d5ccf8409c275c83f1f9da40b3341436a6911d259b089fada3655d8cb6181', 3, 1, 'mobile', '[]', 0, '2022-02-02 22:40:50', '2022-02-02 22:40:50', '2023-02-02 16:40:50'),
('40089f8f65d51f60f355fec0523256588b18f1568df2c0e32820f1ceb0dd2d5db00cd42bbee0ae76', 1, 1, 'mobile', '[]', 0, '2021-12-08 21:57:41', '2021-12-08 21:57:41', '2022-12-08 15:57:41'),
('404074e366b41315d1cbec7e3ea5985dac1f2f358416a32adfe27afd75e6e740675f453c7910d074', 1, 1, 'mobile', '[]', 0, '2022-06-06 07:09:27', '2022-06-06 07:09:27', '2023-06-06 07:09:27'),
('405cddbbb8ac153a7daea7da12c20778c9d29f42123dff255736dd3056950e8ccea6a02a66877250', 1, 1, 'mobile', '[]', 0, '2020-03-31 10:02:00', '2020-03-31 10:02:00', '2021-03-31 13:02:00'),
('407dc5179c9ee62bcbbbf3e94c85c9700f39f5a0f0efdd2f8c6a2ffa0999f9bc4a2e2756d7bf4167', 2, 1, 'mobile', '[]', 0, '2021-12-14 21:07:44', '2021-12-14 21:07:44', '2022-12-14 15:07:44'),
('40ee0ffca285cd339f0e265aaae0688091df8c98a7acb05223c0bf7a7151e533c6d373c9db425ff3', 15, 1, 'mobile', '[]', 1, '2021-03-29 16:34:56', '2021-03-29 16:34:56', '2022-03-29 11:34:56'),
('40f09ff029ade9f802a318a54f5b2236fe6dc0f69422500de703bf607f6a3d2761ab11b70816b3d1', 7, 1, 'mobile', '[]', 0, '2021-04-21 16:28:11', '2021-04-21 16:28:11', '2022-04-21 16:28:11'),
('41454de72f9b6656e30303fdaeaaba51818e4f833ed1f20ac53a22d048ae7216fb3892285a10e715', 17, 1, 'mobile', '[]', 1, '2021-03-16 18:21:33', '2021-03-16 18:21:33', '2022-03-16 13:21:33'),
('41527b852423a67e79be9065256dd5fa88ced80f83c42fad5348bc9c15312038d41b7ee96aaa46f2', 9, 1, 'mobile', '[]', 1, '2022-06-01 08:18:56', '2022-06-01 08:18:56', '2023-06-01 08:18:56'),
('415d2cc5218be6ebff603b5c2795f3df4b2a91f2dc9117298f64c6ff6338c0343cf5b4316ea2157f', 17, 1, 'mobile', '[]', 0, '2021-03-24 14:13:23', '2021-03-24 14:13:23', '2022-03-24 09:13:23'),
('416e152850417793d551a92e412cf9f881334e7d3785e8a90dd7dc6bae74f0038d3e09efeacd4f2f', 15, 1, 'mobile', '[]', 0, '2021-03-08 20:22:36', '2021-03-08 20:22:36', '2022-03-08 14:22:36'),
('41dc50afc88a7f2c7611fb584eb065e584979d50ad897b31cba43b9929132bc0c02eb22d012a8cba', 12, 1, 'mobile', '[]', 0, '2021-03-04 16:35:21', '2021-03-04 16:35:21', '2022-03-04 10:35:21'),
('4210321808e23f6617b4474743fb1fc1379c26a422c5c5f7bf7a1ba1a30ec74ca1e820c9de867000', 1, 1, 'mobile', '[]', 0, '2021-12-12 16:14:05', '2021-12-12 16:14:05', '2022-12-12 10:14:05'),
('4211e076ed819fdd7aa527d7e0eb2ff98576e396c9a2e7344a728bf2864d96f2e53d6992217636e7', 15, 1, 'mobile', '[]', 1, '2021-03-17 17:59:11', '2021-03-17 17:59:11', '2022-03-17 12:59:11'),
('422244078658ed2d6d20c4a6d0b99d979904f219f161e2dade6f0c3698e95a9e677aaec3f7649797', 10, 1, 'mobile', '[]', 0, '2021-05-31 13:02:40', '2021-05-31 13:02:40', '2022-05-31 16:02:40'),
('4236047368d350667cdb6d8bc2a6426dcf69eccf8779f055e5c3f70ecd660a229fbcaa91f75c95e7', 3, 1, 'mobile', '[]', 0, '2022-02-03 16:06:42', '2022-02-03 16:06:42', '2023-02-03 10:06:42'),
('426a689af1f9bb4335c31a99fcd39a884afb1fda1297166f3942e63a71b5de3a24605ae7ec173ea8', 1, 1, 'mobile', '[]', 0, '2020-04-22 21:41:16', '2020-04-22 21:41:16', '2021-04-22 16:41:16'),
('429d002c7e616d2cb80cefb3a004aac293461aa680f808a35034de376724283c8aabf9fa18b40612', 9, 1, 'mobile', '[]', 1, '2022-06-06 11:31:37', '2022-06-06 11:31:37', '2023-06-06 11:31:37'),
('429d460e74652767ae3d57a0e305c9d4d446b1cf1fe11182341a6f697b0c14ee1e619501eced504f', 29, 1, 'mobile', '[]', 1, '2022-01-19 19:52:15', '2022-01-19 19:52:15', '2023-01-19 13:52:15'),
('42d137f05beab04494040fe9a46e7727d1dfb5dd63ded773aefbdfcbd71fafed45ca05d66d6ab2c9', 1, 1, 'mobile', '[]', 1, '2022-06-08 07:01:09', '2022-06-08 07:01:09', '2023-06-08 07:01:09'),
('4366460a94e4e81ab7fe7c3fc6354ada20936be73e0e51f2f1c4b1fbd2bed1dbd0ede135ad2589d0', 1, 1, 'mobile', '[]', 0, '2021-12-06 21:39:18', '2021-12-06 21:39:18', '2022-12-06 15:39:18'),
('4375b29fa5a25cf8d58161f3eeb675b3d5d183d540ab8f27e422f84a4970dc7f8de7efa12e324cbe', 3, 1, 'mobile', '[]', 1, '2022-01-26 19:18:49', '2022-01-26 19:18:49', '2023-01-26 13:18:49'),
('440a6f0a0c754712f9f2b6d180e82df34e0f7567424424acf995de0231f7264c88ab5f29536f2b6a', 12, 1, 'mobile', '[]', 1, '2021-02-23 18:08:57', '2021-02-23 18:08:57', '2022-02-23 12:08:57'),
('441197d6044109d247ae943e66f5b55ca3007a4da989c31995d574428d4e0d5fa9dcb19ab859b03b', 19, 1, 'mobile', '[]', 1, '2022-02-03 18:48:58', '2022-02-03 18:48:58', '2023-02-03 12:48:58'),
('44655fe823fd19d16f6943e6f0c492f21c53652a2e26013488d142b9dccd32a5b7a5665864263bb2', 15, 1, 'mobile', '[]', 1, '2021-03-15 18:05:29', '2021-03-15 18:05:29', '2022-03-15 13:05:29'),
('44b612d907d10f6df8c87d67ec0526b86db939b2ee875d6ab6c385a6aef41878bbea9aabfb9069c0', 2, 1, 'mobile', '[]', 0, '2019-11-28 23:11:52', '2019-11-28 23:11:52', '2020-11-28 16:11:52'),
('44c94662ea8307bf112ebc7b730a4414aa878f9dd09a0acfa5257d3a4961b4a633cc3c340f2ed796', 1, 1, 'mobile', '[]', 0, '2022-05-24 06:07:24', '2022-05-24 06:07:24', '2023-05-24 09:07:24'),
('44cd07e7fbd05c6ec148c78d9c5861206ab3c10829acf4d310223fb76e82f4d57812aedb0d8caa84', 9, 1, 'mobile', '[]', 1, '2022-06-06 07:25:12', '2022-06-06 07:25:12', '2023-06-06 07:25:12'),
('452eef921b9cf94fc718f8cf7d6d84c36269de7dd7aadf539874804c98405d8e20c93e5c5f914878', 1, 1, 'mobile', '[]', 0, '2021-03-16 17:34:38', '2021-03-16 17:34:38', '2022-03-16 12:34:38'),
('4540cc8f227adb1bce8f375d2281686d7d3326c3de79477364d9d541ae8ba98b771e0213e010fab8', 19, 1, 'mobile', '[]', 0, '2021-03-17 12:03:22', '2021-03-17 12:03:22', '2022-03-17 07:03:22'),
('45c2077e4447b9faa52405f37b354282ff28440e335c8e78bdf5d792800fed11bfc4998f283db632', 1, 1, 'mobile', '[]', 0, '2021-12-07 04:03:15', '2021-12-07 04:03:15', '2022-12-06 22:03:15'),
('45cdac2f2dba2e91d116422f1b7e9919dbb92f7c71ef797f399b4ee07b466e40737705af72b97888', 5, 1, 'mobile', '[]', 0, '2022-01-31 00:11:42', '2022-01-31 00:11:42', '2023-01-30 18:11:42'),
('45dc7b8232d24b09161392e0a32b2ca08503abc42cb978fbccb1968b90d66817f3bee24ceef04466', 9, 1, 'mobile', '[]', 0, '2022-06-07 09:14:58', '2022-06-07 09:14:58', '2023-06-07 09:14:58'),
('4627ab4d55f76d08d3448b8c6a77de8d021f17068f45388af14d0fdbeaf3615630aacd51bc3cb936', 2, 1, 'mobile', '[]', 0, '2021-12-29 20:18:33', '2021-12-29 20:18:33', '2022-12-29 14:18:33'),
('4646e78cb07e087c5e0a76fae80a2d6b6e6150de2c2aeb4f487e76202cb5f935cc84973744729600', 7, 1, 'mobile', '[]', 0, '2020-06-10 22:25:03', '2020-06-10 22:25:03', '2021-06-10 15:25:03'),
('46b70c3bf775504969b4258e3b80467d7f6b989f24219e0a4b823915aab85686e498a476eace7900', 2, 1, 'mobile', '[]', 0, '2021-12-20 15:42:41', '2021-12-20 15:42:41', '2022-12-20 09:42:41'),
('46c493d16cdd9d2507b736d8c4a4d3d0223f67612418e5307bcc8e213b5a9ab368b75778e6c1e4fc', 2, 1, 'mobile', '[]', 1, '2022-01-18 21:15:39', '2022-01-18 21:15:39', '2023-01-18 15:15:39'),
('46edc5f1ccf181ec6595a88f4951553262d661c58bb65b037f0b944f61c00d05c1d676301f767f19', 15, 1, 'mobile', '[]', 0, '2022-01-10 20:05:12', '2022-01-10 20:05:12', '2023-01-10 14:05:12'),
('471226989ef0a983fdef7ec1b9d74e65fc10e6e206240c15cf75c7a9fa383e7848d44614030ae21c', 2, 1, 'mobile', '[]', 0, '2019-12-16 18:30:22', '2019-12-16 18:30:22', '2020-12-16 11:30:22'),
('4741c3a81c5fd6e5e1d192c3549fabdcbb3f80c6da434271a5a5489cdf899efe531e65fcc91bfaa2', 28, 1, 'mobile', '[]', 1, '2021-08-26 09:18:23', '2021-08-26 09:18:23', '2022-08-26 09:18:23'),
('475a8d893a1d35826aeb536fd6a9be024fc950bd438a9cf630d262131739277688d18396ddf9208e', 9, 1, 'mobile', '[]', 1, '2022-06-06 09:15:13', '2022-06-06 09:15:13', '2023-06-06 09:15:13'),
('4762370fbdf0fd2ed37f76a8298dcd5e3eeb0e2fb008699636b47b89307f5f0592577dd318978b2c', 7, 1, 'mobile', '[]', 0, '2020-06-03 23:49:07', '2020-06-03 23:49:07', '2021-06-03 16:49:07'),
('479a65ec708b4bfeda0fd5f0012d32229fd7fdbf767c23e948fe73c11e993d29c6b9f3c9bcd101b9', 9, 1, 'mobile', '[]', 0, '2022-05-31 07:33:37', '2022-05-31 07:33:37', '2023-05-31 07:33:37'),
('47bd48ccc2dacaa64c6eedcf4bc4d1a6783285d11ad179e22fa2b953dceaae02c0df5b08f9224455', 2, 1, 'mobile', '[]', 0, '2022-01-05 22:17:35', '2022-01-05 22:17:35', '2023-01-05 16:17:35'),
('47e95808619e328d6851ae94295053c9abb74a6e9a0c29b693ab315a6598451f7942d4b35c0bfcce', 2, 1, 'mobile', '[]', 0, '2019-12-09 18:30:31', '2019-12-09 18:30:31', '2020-12-09 11:30:31'),
('48079458812c89f5a409f3f6a723de0e183e7c82050a17f5ca49e4ed69cc0c5f312153625bd62f2f', 9, 1, 'mobile', '[]', 1, '2022-05-31 07:33:40', '2022-05-31 07:33:40', '2023-05-31 07:33:40'),
('4812dbe69214d9cbfce5f0f5b9358f4f308d8e70ba4bef697bc68f6da4f49686e22ca2596e2b900c', 8, 1, 'mobile', '[]', 0, '2021-12-02 21:12:54', '2021-12-02 21:12:54', '2022-12-02 15:12:54'),
('48174600113f955ede46eb58fa2e978e12ebba50b088973f7b9de2a2a2ca28de35048f0127e025d6', 4, 1, 'mobile', '[]', 1, '2022-02-02 20:07:34', '2022-02-02 20:07:34', '2023-02-02 14:07:34'),
('497c17290a84f83d05157c287a525ac94a955c4414ff74e06683c7ad50fc2cd99286bb5a3a15e3cf', 8, 1, 'mobile', '[]', 0, '2019-12-02 16:24:58', '2019-12-02 16:24:58', '2020-12-02 09:24:58'),
('49cab2fba7d786672de517ce2ba065053848609daa94e9046012cad64b9281b438a852bef22c1207', 9, 1, 'mobile', '[]', 0, '2022-06-05 12:37:04', '2022-06-05 12:37:04', '2023-06-05 12:37:04'),
('4a66377e10a0baf18106dca0c0a747ad0b37b6fb82e8e5e3d504860fbe0f7bf9596e0cba345dc589', 17, 1, 'mobile', '[]', 0, '2021-03-10 14:08:25', '2021-03-10 14:08:25', '2022-03-10 08:08:25'),
('4a694bd2a5e7862c42db9f1bb63bd32cad9bc0a25276420177eb974657514ab96a2b9ce2126c22e5', 9, 1, 'mobile', '[]', 1, '2022-06-06 07:22:35', '2022-06-06 07:22:35', '2023-06-06 07:22:35'),
('4ad47b7b1ccb70a147476f83a27f68581140d23a4c1d043bc82ab51fb0139341ee49b23a6e5db5b2', 4, 1, 'mobile', '[]', 0, '2022-05-26 03:37:30', '2022-05-26 03:37:30', '2023-05-26 06:37:30'),
('4ae3d7aba38802d54e76b9e66acbbb404fef2397d0c25dea886a62c14c9bdcf8ecbdd957e5af17e7', 1, 1, 'mobile', '[]', 0, '2022-05-26 03:32:56', '2022-05-26 03:32:56', '2023-05-26 06:32:56'),
('4b1a3510069081f27957dd0b329f7ab5b053800c84189021c5c54a9c43a0a7ed97179d45ad2a20f9', 18, 1, 'mobile', '[]', 1, '2022-01-04 19:55:16', '2022-01-04 19:55:16', '2023-01-04 13:55:16'),
('4b51f54162c7acae032f6c044562872be2c2a2eba50b377e2596eaebecaf819dcacf31c3858b3581', 29, 1, 'mobile', '[]', 1, '2022-01-18 15:13:44', '2022-01-18 15:13:44', '2023-01-18 09:13:44'),
('4bce0720a136ecc441217bb9a037bfc12c0a4de95b2834d0b1c636cd2cb40e7e8fa47137dc820bd5', 9, 1, 'mobile', '[]', 1, '2022-06-06 12:12:46', '2022-06-06 12:12:46', '2023-06-06 12:12:46'),
('4be8322a5dc8c82e863631caa3c4d10e7cc7a15b83071988509511d288f80a890e99977665ac2536', 15, 1, 'mobile', '[]', 0, '2021-03-17 11:47:41', '2021-03-17 11:47:41', '2022-03-17 06:47:41'),
('4bfaede020deecf49e0e20fb27dd8c1827be4321d31055567beac1f3ee134a05a8a295d758392258', 9, 1, 'mobile', '[]', 0, '2019-12-05 00:53:44', '2019-12-05 00:53:44', '2020-12-04 17:53:44'),
('4c55f9a04d4cc457c998e3a9aa63efc8bd7e65d313b370e59b8987cd4f6865982efc369d54292283', 15, 1, 'mobile', '[]', 1, '2021-03-16 17:48:45', '2021-03-16 17:48:45', '2022-03-16 12:48:45'),
('4c62ddc5f55ad6fbfd191f07828f01a3a1e2539b05bce37eb9a255c6e0deaa308599382c141e42ca', 15, 1, 'mobile', '[]', 0, '2021-03-09 09:26:15', '2021-03-09 09:26:15', '2022-03-09 03:26:15'),
('4c7ff6ea61fe8ae5ce18a6f838dd1b332e5fde674f75953d2df8471ccdcc2e12dddee0c1ce66abec', 4, 1, 'mobile', '[]', 0, '2021-03-08 13:20:03', '2021-03-08 13:20:03', '2022-03-08 07:20:03'),
('4cc2aa55746514dcb9f1db73fb7ed4ac2d8c6718e2a05dbb55d52d2ebeffb46e8b387475625534d1', 1, 1, 'mobile', '[]', 1, '2022-06-07 06:48:11', '2022-06-07 06:48:11', '2023-06-07 06:48:11'),
('4d12e1ba754efd65d943a62df2dfcfb34fdca8bee0c3f122da9e7a54e89aee1d1a02228f5d3668db', 12, 1, 'mobile', '[]', 0, '2021-02-23 19:01:29', '2021-02-23 19:01:29', '2022-02-23 13:01:29'),
('4d1fb9fbe6930947ccab3dbc44b010a9d1dfaea826c79a15b69d2f17a0ad6a733b7993a8ee1afb56', 7, 1, 'mobile', '[]', 0, '2021-04-21 14:27:23', '2021-04-21 14:27:23', '2022-04-21 14:27:23'),
('4d8545ebc921ce9362c3c9929013a5b3e96f55665171427cb25608b422d1ad9efca62785dab43bf2', 4, 1, 'mobile', '[]', 0, '2022-05-24 09:20:07', '2022-05-24 09:20:07', '2023-05-24 12:20:07'),
('4dabbd5993667a33708f0ef8963d6f16b38cc11059f4dc81b0bd21563181417e3978dc820b30adc0', 2, 1, 'mobile', '[]', 1, '2022-01-18 19:55:06', '2022-01-18 19:55:06', '2023-01-18 13:55:06'),
('4e052e7e196f6a36fd65866e95b769a941d7630583969a6a1006ebc71034d6df3e1f6aa472589997', 29, 1, 'mobile', '[]', 1, '2022-01-20 16:54:51', '2022-01-20 16:54:51', '2023-01-20 10:54:51'),
('4e40894b4a924358387010a86d83b0c232c83d27f9d9b99948eb8ae6c2716bf1fdc98da405507ebb', 1, 1, 'mobile', '[]', 0, '2020-05-02 18:51:52', '2020-05-02 18:51:52', '2021-05-02 13:51:52'),
('4e966bad8d511af396e3e3f3411ae526f8de212aa6e3cc026292f1f0bc498d796be25cb7e0dbbdc3', 1, 1, 'mobile', '[]', 1, '2022-01-26 18:59:45', '2022-01-26 18:59:45', '2023-01-26 12:59:45'),
('4eac240b5b574d9f92c29874355ac58a778b5844482650235d56cbee5d9917813e75d49a982773cb', 9, 1, 'mobile', '[]', 0, '2022-05-26 03:53:53', '2022-05-26 03:53:53', '2023-05-26 06:53:53'),
('4f058056e68a95119b28368a7f3e6ff7916863f1c1d58899b9567b074aa46f9f59e2f1725365cae6', 9, 1, 'mobile', '[]', 1, '2022-06-06 11:25:29', '2022-06-06 11:25:29', '2023-06-06 11:25:29'),
('4fbe62b333e4cb4578b926b79d476335eaf434919c849b583d3c3d700ad762a87a069940192b4288', 1, 1, 'mobile', '[]', 1, '2022-06-08 11:31:30', '2022-06-08 11:31:30', '2023-06-08 11:31:30'),
('504993000300c3c3788a929b1ef1ef97c6ce95181338d6a4face14bc98c5c4ee186c190885a8178b', 3, 1, 'mobile', '[]', 0, '2022-01-26 16:37:14', '2022-01-26 16:37:14', '2023-01-26 10:37:14'),
('50617bf7d8af62986d87df72a189332b42471c50767a4406c6fd2f2be0c12e63a7c0fe3fd0d28f4d', 9, 1, 'mobile', '[]', 1, '2022-05-31 12:21:00', '2022-05-31 12:21:00', '2023-05-31 12:21:00'),
('5086b7137165ea71d2cf49588e6ffd9742f13fa307a1c1ac2682c4071b6d3ee8ca352392991ed401', 29, 1, 'mobile', '[]', 1, '2022-01-18 00:34:39', '2022-01-18 00:34:39', '2023-01-17 18:34:39'),
('509fe5b82f178c4027824f9ac54a62e58551b2f6c4b4ae8121227d4449c53524a79b7fb0c6b19ff2', 10, 1, 'mobile', '[]', 0, '2021-06-14 10:35:32', '2021-06-14 10:35:32', '2022-06-14 10:35:32'),
('50ad727b395a8ea0db281b0d5d2770e8140ff4dbcce6b90e39b6d4633325095b5835fb9346470cbb', 28, 1, 'mobile', '[]', 1, '2021-08-25 15:09:33', '2021-08-25 15:09:33', '2022-08-25 15:09:33'),
('50b674402ef6e19ba71513110ac5fff6d1a2c6b543663f13ada1dbb238b51f0dbef3c28be639b6d3', 4, 1, 'mobile', '[]', 1, '2022-01-31 00:03:11', '2022-01-31 00:03:11', '2023-01-30 18:03:11'),
('51067fb2b516e0920585e7f7d9f4ec21357670deba44b19a47cd583643b50ccd87ad90457c826c7e', 1, 1, 'mobile', '[]', 0, '2022-01-09 21:45:52', '2022-01-09 21:45:52', '2023-01-09 15:45:52'),
('5117632bc72ac21b5372505455b73c9dd055419b96d7acacd3c1aba613cfa2907d7c62457b95a625', 8, 1, 'mobile', '[]', 1, '2019-12-10 22:55:19', '2019-12-10 22:55:19', '2020-12-10 15:55:19'),
('51b83aed0528ada030e4854855304f5069373130d395cd5aedfd0e90157a1b4e5d539c6ad44a65fd', 14, 1, 'mobile', '[]', 0, '2021-06-10 14:48:19', '2021-06-10 14:48:19', '2022-06-10 14:48:19'),
('5206d6b488f8e1998832df226ea69a734e1cddd879ba64e5379ff39c4d5b3a57eb0946cf59720f79', 7, 1, 'mobile', '[]', 0, '2021-04-21 15:59:47', '2021-04-21 15:59:47', '2022-04-21 15:59:47'),
('5242af8c78b979f982d7570f69998f3fbb60b8517e379b9958101b5e36fb64abf11313980c90816d', 2, 1, 'mobile', '[]', 1, '2022-01-10 21:08:12', '2022-01-10 21:08:12', '2023-01-10 15:08:12'),
('528816cc34ab496aeac4efa7860eaa045316f16e3b6eb615f04e35795bab48d7d449b9303994da26', 10, 1, 'mobile', '[]', 0, '2021-06-13 11:48:40', '2021-06-13 11:48:40', '2022-06-13 11:48:40'),
('52a99c272ef8a4238e40fdcc55df7981dbc3dd225d6edc1b5366558b16b5fd03efade4b162ea3949', 1, 1, 'mobile', '[]', 0, '2021-03-16 17:34:14', '2021-03-16 17:34:14', '2022-03-16 12:34:14'),
('52fde8bb680e88a75ed46f8a2790a9a1cbbcac0ed38e901329e0eaa5be0b52bba12769a45bd675c3', 4, 1, 'mobile', '[]', 1, '2022-02-02 21:21:52', '2022-02-02 21:21:52', '2023-02-02 15:21:52'),
('531037265d4596834f20aa414ebc97f1c23be32c46cf880981fd5a9550943afdac20ea69f724eb31', 16, 1, 'mobile', '[]', 0, '2022-06-06 07:12:24', '2022-06-06 07:12:24', '2023-06-06 07:12:24'),
('531db0b140a156e48af3c1bed55548467e25632306d24eb6123ac3dd5dbd56429b067e168d607911', 10, 1, 'mobile', '[]', 0, '2021-06-17 10:44:35', '2021-06-17 10:44:35', '2022-06-17 10:44:35'),
('53558115254f945a4d689bb4f8922b801f6f47577a46996822ed5cc6e376650bf35aa0ec4861335e', 2, 1, 'mobile', '[]', 0, '2021-12-18 22:04:32', '2021-12-18 22:04:32', '2022-12-18 16:04:32'),
('536c13d60048a3d62f88f217bd99231860fe1c9a31041e77bf68405a779daa12b02391dd014da828', 37, 1, 'mobile', '[]', 1, '2022-01-19 19:44:10', '2022-01-19 19:44:10', '2023-01-19 13:44:10'),
('53a8e94417af769850708dc9d3ffa4aeb1d5e178e37393a021c25a5517ac863cc00395306b8b8c0d', 1, 1, 'mobile', '[]', 0, '2021-12-01 10:41:56', '2021-12-01 10:41:56', '2022-12-01 12:41:56'),
('53d7781756f80dc4a5a97f395237a56617c7385dc470f63100a11710763a3de994a1527c000bc2c5', 1, 1, 'mobile', '[]', 0, '2021-04-17 17:45:10', '2021-04-17 17:45:10', '2022-04-17 17:45:10'),
('53d7c5e088a7d523b89c32cd047cbc97bd13edef625c0f8cc926b5f9ca424a01c5f1d28f6324c226', 7, 1, 'mobile', '[]', 0, '2021-04-21 14:35:36', '2021-04-21 14:35:36', '2022-04-21 14:35:36'),
('53de98ef280bc9444d66ff82b238c3036a645e423be76012424b44a6d87e11e6267f90ace7b70b3e', 9, 1, 'mobile', '[]', 1, '2022-06-06 12:37:18', '2022-06-06 12:37:18', '2023-06-06 12:37:18'),
('53e1f71f493a1040803a2c3e6792601cb895164786fd18858b58a50e6fe9c5b29f20a6c312d7e8cb', 1, 1, 'mobile', '[]', 0, '2021-12-05 17:35:30', '2021-12-05 17:35:30', '2022-12-05 11:35:30'),
('541ce440c4697a9e9a9f3f13ab4960b7ee937f11a34cdd803f7053f1acbf8c6a08b9ced8476d76c6', 2, 1, 'mobile', '[]', 0, '2021-12-14 22:45:39', '2021-12-14 22:45:39', '2022-12-14 16:45:39'),
('542e2929e6da9c4c74c10dd1d7fcabc1ab345d3740139c3d11b034c1f234dd19d793bb6721aa894f', 1, 1, 'mobile', '[]', 0, '2022-01-09 21:46:12', '2022-01-09 21:46:12', '2023-01-09 15:46:12'),
('5445e471a6a17b8a013c0c79551bfc884608c144de83981794773856b8e4bae76304e92b29fbec7f', 1, 1, 'mobile', '[]', 0, '2019-12-09 05:29:24', '2019-12-09 05:29:24', '2020-12-08 22:29:24'),
('545f643dc526774ac501c6d21a4393417401800469dd9058af4189663f9d1660589c2bb5cb3b5b3c', 1, 1, 'mobile', '[]', 0, '2022-06-07 06:02:37', '2022-06-07 06:02:37', '2023-06-07 06:02:37'),
('5463e6c89b09852d7a227f5d877474cb735a0418f009b267cc7580b1bb0cdea728ae9d7e05ac0fda', 7, 1, 'mobile', '[]', 0, '2021-04-21 14:13:54', '2021-04-21 14:13:54', '2022-04-21 14:13:54'),
('54738e27c63072a23dad9e2a47010f15027eb8427cc30d1286df13535731b69e16de331f8850ef18', 9, 1, 'mobile', '[]', 0, '2022-06-06 05:32:12', '2022-06-06 05:32:12', '2023-06-06 05:32:12'),
('547833b91fb0888baba2a7a61e1dda79a8183bdb33cf2e6b433d1d2d6d77149cb4a0ed47d448295b', 7, 1, 'mobile', '[]', 0, '2020-06-10 20:01:27', '2020-06-10 20:01:27', '2021-06-10 13:01:27'),
('548a96ae7434fae9659fe98384673941eddaa64cd6b8778f39d225123139d0e0fb90c0050a4ad6ef', 7, 1, 'mobile', '[]', 0, '2021-04-21 14:08:03', '2021-04-21 14:08:03', '2022-04-21 14:08:03'),
('55505fe128352d7a1aba1f61490c96b027f3e2a3db957a102338af26addc5a3c052e85990546cceb', 14, 1, 'mobile', '[]', 0, '2022-05-30 13:04:43', '2022-05-30 13:04:43', '2023-05-30 13:04:43'),
('555de8521e33e5803ec574e8e24cd24cadec32073c82a288e5c9471d2465c29eee71eade8e7022fc', 2, 1, 'mobile', '[]', 1, '2022-01-12 21:01:25', '2022-01-12 21:01:25', '2023-01-12 15:01:25'),
('55737acf44f1efe8b324a5b9d32b21026f29c80efe8ac3ecad744eea4ec110956a4dac042c6cc7f0', 1, 1, 'mobile', '[]', 0, '2022-06-07 05:56:15', '2022-06-07 05:56:15', '2023-06-07 05:56:15'),
('557e3b66cd5c44313d83758aa1f51a9fa2935373b45a9f8fd2a78cffd13e7eb21dfe40efae390065', 17, 1, 'mobile', '[]', 1, '2021-03-14 15:43:59', '2021-03-14 15:43:59', '2022-03-14 10:43:59'),
('55aee7c1e558f3e87d965b1c1f2dab41694d6dfe84613e7dc475f451059c3b7dad6e4e2e4a9e14fd', 9, 1, 'mobile', '[]', 1, '2022-06-06 11:29:48', '2022-06-06 11:29:48', '2023-06-06 11:29:48'),
('5609ca775a0750516ff2e13f7e8ae66f4a412fb03a5cab74344fa3fe729e923d55a70673ab145b41', 10, 1, 'mobile', '[]', 1, '2021-06-02 09:02:48', '2021-06-02 09:02:48', '2022-06-02 12:02:48'),
('56478d72e185d8adc1362c493c76620f55ae4759e0287abbdfd410beca332e480253dfdb676f8f7e', 9, 1, 'mobile', '[]', 1, '2022-06-06 12:40:19', '2022-06-06 12:40:19', '2023-06-06 12:40:19'),
('5691b7ffac2c68ed665c9b089e74a85bde89895a554ad2a271de59c6494c76eb70401d87e2fbc887', 23, 1, 'mobile', '[]', 0, '2021-03-31 09:47:57', '2021-03-31 09:47:57', '2022-03-31 04:47:57'),
('56a5d1f07ab56a16412d07f7deef360b6d70685e7ef8e63b39ed60dda6e9cfe58cf8967d89fae212', 9, 1, 'mobile', '[]', 0, '2022-06-04 11:00:28', '2022-06-04 11:00:28', '2023-06-04 11:00:28'),
('56b6f2b6ac9633b7d68c654965ee0a68e4456339a3c3ee89d6dc586857f9bd519dc177fb57e40344', 15, 1, 'mobile', '[]', 0, '2021-03-23 16:14:34', '2021-03-23 16:14:34', '2022-03-23 11:14:34'),
('56b705a14632773e383f2fab9ee62e405f7dad502dcafa9ea8e7a903256b73f368fef18603845b4b', 9, 1, 'mobile', '[]', 1, '2022-05-31 07:44:53', '2022-05-31 07:44:53', '2023-05-31 07:44:53'),
('56da0c67b40a57081c69aaddc53dd25a044203b384c8f9f5287603130f9f50fa73820213d79c81bc', 12, 1, 'mobile', '[]', 0, '2021-02-24 02:47:11', '2021-02-24 02:47:11', '2022-02-23 20:47:11'),
('56e12e4d04f718d6bca3149a835da3c033098e44746842ca84f5e6d13c3374769b415329c5f290bf', 2, 1, 'mobile', '[]', 1, '2022-01-19 20:39:32', '2022-01-19 20:39:32', '2023-01-19 14:39:32'),
('572b87b5e4a77a1912e6127041d36eca296e0a10a04df89f9e4aae372eb3405257fb10a0c2ed4ae5', 4, 1, 'mobile', '[]', 0, '2022-05-26 03:36:30', '2022-05-26 03:36:30', '2023-05-26 06:36:30'),
('572cd4272bf3db094c423cb20b071b0632b57b7f02e663d501221cb7397e27a7487e2870529b2bd6', 17, 1, 'mobile', '[]', 1, '2021-03-16 17:42:18', '2021-03-16 17:42:18', '2022-03-16 12:42:18'),
('572ceedc189cc4cbea665e8b68374b0c00738bad2fdf3d5ddc8a02dd07b1b1c1fb0ad88ed10a353c', 15, 1, 'mobile', '[]', 0, '2021-03-09 09:53:21', '2021-03-09 09:53:21', '2022-03-09 03:53:21'),
('5741cf5447b570d9ee3901442d986660704cf3575792231ef917fb51f16faa48ca3b4c28b040c59a', 22, 1, 'mobile', '[]', 1, '2021-06-21 11:18:40', '2021-06-21 11:18:40', '2022-06-21 11:18:40'),
('5754fc02da166615252890e497e42a8a7810a0040f661549c7551619558cc504cbb421eb6c0a04c3', 1, 1, 'mobile', '[]', 0, '2022-06-07 05:57:54', '2022-06-07 05:57:54', '2023-06-07 05:57:54'),
('57d2508a2edee18c99d2e2e66834a6dbb8a17f11adbcae1252e141066f831677bce7a576123388c7', 7, 1, 'mobile', '[]', 0, '2021-05-30 15:04:31', '2021-05-30 15:04:31', '2022-05-30 15:04:31'),
('57e4ef87e1c21889ef48ad2545dca8de9896b4b02a651f444dd7dd0078ebd9301370bb8f310b5fee', 18, 1, 'mobile', '[]', 0, '2021-03-17 17:40:27', '2021-03-17 17:40:27', '2022-03-17 12:40:27'),
('57f41a1473718f2aba85b092de7abdb8727207f6a2def7b0089c3c92500abfdbb1804d19620f6ca8', 7, 1, 'mobile', '[]', 1, '2020-06-10 22:36:29', '2020-06-10 22:36:29', '2021-06-10 15:36:29'),
('57fe40a9cd25bdd7fb63ba71b09ecaef4b5bbec22b2b642c5ab3b951fa38c885c048a1fd06d88265', 14, 1, 'mobile', '[]', 1, '2019-12-12 20:05:05', '2019-12-12 20:05:05', '2020-12-12 13:05:05'),
('58a2eb5abd6b34e9ebae5d549f73969620c261d26a791c0517c38f60e9d0d1677f5f093849d85b39', 4, 1, 'mobile', '[]', 0, '2021-03-22 14:54:00', '2021-03-22 14:54:00', '2022-03-22 09:54:00'),
('58c3f89cc521a48e0c6c453e061b39e2e0100078066e81b4dcb2b146e873ea7760c10d5fbb8acc11', 23, 1, 'mobile', '[]', 0, '2021-03-28 17:47:47', '2021-03-28 17:47:47', '2022-03-28 12:47:47'),
('58cfc6f1127b4ed9eda0d235ed684b76a699f6f65606f8656f44d73ebb078570c030fe2c5dfc7064', 1, 1, 'mobile', '[]', 0, '2022-01-09 21:47:33', '2022-01-09 21:47:33', '2023-01-09 15:47:33'),
('5925056df0841352ea09b0ddc083907eecace17f8ec6b3f4e27d9621040d5983686084fdf561dc8a', 1, 1, 'mobile', '[]', 1, '2021-05-31 11:39:36', '2021-05-31 11:39:36', '2022-05-31 14:39:36'),
('5940337352c111fc442be61d444915a9c2c6d2e537cea6b07f1de5c9e41da877be9b133076775b77', 18, 1, 'mobile', '[]', 1, '2022-01-12 21:00:56', '2022-01-12 21:00:56', '2023-01-12 15:00:56'),
('5983f9672981d2e036a26bd9c2b361e52fd1693801b1d06ad5e053ed2a9c0aa1c1e16a7ee1ba0172', 1, 1, 'mobile', '[]', 0, '2019-12-10 01:34:37', '2019-12-10 01:34:37', '2020-12-09 18:34:37'),
('59b791cf9fa240d94529d475446e1a27224a800ed317ec51d8f88a2b8ce9764ff5096315b28f47c5', 1, 1, 'mobile', '[]', 0, '2021-03-17 11:50:28', '2021-03-17 11:50:28', '2022-03-17 06:50:28'),
('5a6afae3819620518a8087592c17d27d8fe7c10dcb74a3b9875115251515aecb6663948dd11a5515', 2, 1, 'mobile', '[]', 0, '2021-12-15 11:03:33', '2021-12-15 11:03:33', '2022-12-15 05:03:33'),
('5a7169229733e0b16618c586064b208153f118a870f6ceabeeff3e6fb11ecc85deaf1c1992993abd', 2, 1, 'mobile', '[]', 1, '2022-01-18 15:14:58', '2022-01-18 15:14:58', '2023-01-18 09:14:58'),
('5a7f0a7dd5b50fc40cfe930918e525742a37f11a1532c0d214fb8f34a045bd71e5fa6c001ff2ff4c', 9, 1, 'mobile', '[]', 1, '2022-06-01 08:28:18', '2022-06-01 08:28:18', '2023-06-01 08:28:18'),
('5a9a73ffe5f75fb040670e02c57bc92b6ef3ccc11e078db014cac945509d48aec36e9d128d387480', 15, 1, 'mobile', '[]', 1, '2022-01-04 19:38:07', '2022-01-04 19:38:07', '2023-01-04 13:38:07'),
('5ab0130097d5b11922fcc83689261c3a6af4307561b922700f8a7c4162b66755fe7d20ee160cd201', 7, 1, 'mobile', '[]', 0, '2021-04-21 14:13:53', '2021-04-21 14:13:53', '2022-04-21 14:13:53'),
('5b05acb12cfc84f5e8f188bd2bb2e7245171f52d78970b9ce1e8413780f252cc7beeb1e7e0f3adff', 4, 1, 'mobile', '[]', 0, '2021-02-10 06:57:28', '2021-02-10 06:57:28', '2022-02-10 08:57:28'),
('5b8613d373f3474609443d49aad84b30069bfdb5cf00f936775a2a38ebd133b0529d0fd5beb49186', 12, 1, 'mobile', '[]', 0, '2021-03-16 17:20:00', '2021-03-16 17:20:00', '2022-03-16 12:20:00'),
('5c3f0472c98b0476ae8b35eb969f4fbeff31b7cfcbb5b5a66603fbc0f0342c6fe9c3b879c61b0af7', 30, 1, 'mobile', '[]', 0, '2021-03-28 14:24:36', '2021-03-28 14:24:36', '2022-03-28 09:24:36'),
('5c481810209a7dbc2aa5323bf1357245624edfdaa7bf7ad411cf300df63182aecacdc5e87810737c', 4, 1, 'mobile', '[]', 1, '2022-02-02 20:07:57', '2022-02-02 20:07:57', '2023-02-02 14:07:57'),
('5c65b26e2143596782b2e6c31da3fa29daaaef98396b47f93c7916a02a8b26bab86b6fc57130f43c', 4, 1, 'mobile', '[]', 0, '2022-05-26 03:23:50', '2022-05-26 03:23:50', '2023-05-26 06:23:50'),
('5c960fd9d1ea870bf6ef14eb0211d69f521c4192ed22c4c7f9ed59fa4e0ccce8a0c5cc52e3742720', 15, 1, 'mobile', '[]', 1, '2022-01-04 19:39:00', '2022-01-04 19:39:00', '2023-01-04 13:39:00'),
('5ca88999a66ee6df552df878492e9c8dc23263d375ab33148b2ede8878bcf8cb78a9bdbcc0362c70', 29, 1, 'mobile', '[]', 0, '2022-01-14 23:14:34', '2022-01-14 23:14:34', '2023-01-14 17:14:34'),
('5d23a1428b09b3ec4ad401ef2b4f4f8bb50699bd095526c1a028df5ca1a5c800fa4ef73b11bbb5fb', 1, 1, 'mobile', '[]', 1, '2022-06-08 07:16:58', '2022-06-08 07:16:58', '2023-06-08 07:16:58'),
('5d517da3ab3089788bbd0625cf3a948bb49b6e44e54e56c7335069d0bd76ed0f57f51d2612802823', 2, 1, 'mobile', '[]', 1, '2022-01-18 21:16:46', '2022-01-18 21:16:46', '2023-01-18 15:16:46'),
('5d7a6a211490b8c6d0d41d51bea11f65192d6e2eae81f1a78e1a522053114f35345c56fd1e824823', 2, 1, 'mobile', '[]', 1, '2022-01-18 23:45:03', '2022-01-18 23:45:03', '2023-01-18 17:45:03'),
('5d812de2ecea2b31c2a2208f0680815b1b088450735eb8aedb3fb14449d0e16d356a072c888bd433', 1, 1, 'mobile', '[]', 0, '2021-12-09 22:59:08', '2021-12-09 22:59:08', '2022-12-09 16:59:08'),
('5da1aa352496af83ad9de2f40ae4411f636d9c0c3b7ac1edb3a00cbc5297c04b68de4a2caf6212aa', 3, 1, 'mobile', '[]', 0, '2020-04-30 18:17:16', '2020-04-30 18:17:16', '2021-04-30 13:17:16'),
('5dab59f3f2d3287a5005aeed03ed06fdcb6ba8a5fca222c85b63016abde35bacecb28ce589f7fe17', 18, 1, 'mobile', '[]', 0, '2021-03-31 11:38:46', '2021-03-31 11:38:46', '2022-03-31 06:38:46'),
('5e07fd9ba1e29d4d5ba9cd0560470d5241a0cbd0fb8c97f499892de616bae37e7e62211a0516c570', 3, 1, 'mobile', '[]', 0, '2020-05-05 05:03:48', '2020-05-05 05:03:48', '2021-05-05 00:03:48'),
('5e332b37889e0052dac4c19ae608dd76d6e6eda27e1ddd42bb9c2cc2165b16180c3ad3cfb5124635', 1, 1, 'mobile', '[]', 0, '2021-12-13 16:03:15', '2021-12-13 16:03:15', '2022-12-13 10:03:15'),
('5e9b88a389b3c8733363407b1e5add956352e943b715becc732a69ece70dba79c3baaf380ad04628', 9, 1, 'mobile', '[]', 1, '2022-06-04 15:08:15', '2022-06-04 15:08:15', '2023-06-04 15:08:15'),
('5ecd07906919820b691528a902bfbd5921e035b32a35f32cb66caf3543db1c098228a9fc6327c4a2', 17, 1, 'mobile', '[]', 0, '2021-03-14 13:16:55', '2021-03-14 13:16:55', '2022-03-14 08:16:55'),
('5edf56dd552f92fdbb98df1ebdd7d855664fe416d02a84ec81fbfd325b209ffc7db4a2c502076cde', 9, 1, 'mobile', '[]', 1, '2022-06-06 10:40:14', '2022-06-06 10:40:14', '2023-06-06 10:40:14'),
('5f3b1e7e4bc95e0736292149bb67849da3f7f19df56133b01a8f21091050c11e43445c6751e78181', 3, 1, 'mobile', '[]', 0, '2019-12-01 02:34:54', '2019-12-01 02:34:54', '2020-11-30 19:34:54'),
('5f4a6c57a31e6326c56452f96e0a04b6478d6e89e967c2f30524a03141cd06e42c1631a18d9035f1', 4, 1, 'mobile', '[]', 0, '2020-04-26 22:40:14', '2020-04-26 22:40:14', '2021-04-26 17:40:14'),
('5f5de879b15f57f0bfc0ca2b37cae61bfa209561259ce8d9b7add3c9ac2c4365d95462c22c87b1bf', 18, 1, 'mobile', '[]', 0, '2021-03-31 11:18:02', '2021-03-31 11:18:02', '2022-03-31 06:18:02'),
('5f9438198f536aa09d3850001d29882cfa56f794725c989ba7390c63eb128bd8021b41752caff3b6', 3, 1, 'mobile', '[]', 0, '2020-04-28 22:24:36', '2020-04-28 22:24:36', '2021-04-28 17:24:36'),
('5fd23279f018c43486b74c958b0e863eb5cadaab1927ad3a922bf04885312a4860efb29be1734ae3', 9, 1, 'mobile', '[]', 0, '2019-12-05 00:02:22', '2019-12-05 00:02:22', '2020-12-04 17:02:22'),
('5fe11edb70528bf438c4c334d60ac22a784bd07cd8cd4499dab82e665cf797622034efc4a0364656', 10, 1, 'mobile', '[]', 1, '2021-06-27 10:10:09', '2021-06-27 10:10:09', '2022-06-27 10:10:09'),
('6020ec003eb3303fc419173527dea1354530de54b3211e252b073d62d96e782c0ba015c82681367a', 1, 1, 'mobile', '[]', 0, '2021-12-06 15:40:23', '2021-12-06 15:40:23', '2022-12-06 09:40:23'),
('6067a0448f1fa3b741a4ffd089b1a902978449af2a2edcaf51fa6b155ab3032a60ad0067f07d2382', 7, 1, 'mobile', '[]', 0, '2021-04-21 15:55:53', '2021-04-21 15:55:53', '2022-04-21 15:55:53'),
('60b63b62c3257f408b52964726ed7707d05cc66045345e128afdf6364f5688ba1088f28771ece686', 1, 1, 'mobile', '[]', 1, '2022-06-08 11:23:29', '2022-06-08 11:23:29', '2023-06-08 11:23:29');
INSERT INTO `oauth_access_tokens` (`id`, `user_id`, `client_id`, `name`, `scopes`, `revoked`, `created_at`, `updated_at`, `expires_at`) VALUES
('60befcfaff3eb3c21f2cc9144f91e98471237e1d1d2b19ffc1f5425474168d35df648de1ae1b39c1', 3, 1, 'mobile', '[]', 0, '2019-11-28 16:14:28', '2019-11-28 16:14:28', '2020-11-28 09:14:28'),
('60fe2baf21f549f5ea8739727ed7fd7a3cfb9dc63e8714aeaffd0b829351dec39457476aa3c7b637', 23, 1, 'mobile', '[]', 0, '2021-03-28 13:52:29', '2021-03-28 13:52:29', '2022-03-28 08:52:29'),
('6130ff08a27794c459e0b53709f4926e8f6cb52a52005f0b73211b14aac03cc20bed1a3692ab264d', 29, 1, 'mobile', '[]', 1, '2022-01-19 01:26:10', '2022-01-19 01:26:10', '2023-01-18 19:26:10'),
('616ee0d05c0749949b72be85ded83b88e34b30673fbbdea1fca69afa102df4909abaaedf19c7a5f7', 1, 1, 'mobile', '[]', 0, '2021-12-07 15:45:22', '2021-12-07 15:45:22', '2022-12-07 09:45:22'),
('61e5611a53c60af9676786cd3c326b1c8ea04fd02ffc9394fbbf061f702af3a19cdb5ee9b18a8e47', 12, 1, 'mobile', '[]', 1, '2021-03-16 17:21:43', '2021-03-16 17:21:43', '2022-03-16 12:21:43'),
('61efcbaa075895174b68d2e9cc09d6b7c81ef137e64c679c25e8b2148bd59011c874bdbd81d546aa', 15, 1, 'mobile', '[]', 0, '2021-03-21 12:55:30', '2021-03-21 12:55:30', '2022-03-21 07:55:30'),
('6249c331845c2b8fea1a650dab754623e00d36c19510477424e90d8b54c26874271263f4ae00b358', 7, 1, 'mobile', '[]', 1, '2020-06-10 22:28:18', '2020-06-10 22:28:18', '2021-06-10 15:28:18'),
('62acc8de62a95fdebc183c024ad891da71f1349443bb4499eb7ea5359e03106e6f224b8b8fbe6aae', 15, 1, 'mobile', '[]', 1, '2021-03-23 18:29:38', '2021-03-23 18:29:38', '2022-03-23 13:29:38'),
('63349d1d61d407ca997a40735855b383f135783b48b01566943840a393395201701542bbabc11a3e', 1, 1, 'mobile', '[]', 1, '2022-06-07 06:21:10', '2022-06-07 06:21:10', '2023-06-07 06:21:10'),
('6343aeff83d3a2dca31b5cfca19c0e0ab91d8df10b6332031422d31b8bcd8e72bc798abe127db370', 13, 1, 'mobile', '[]', 0, '2019-12-11 18:47:41', '2019-12-11 18:47:41', '2020-12-11 11:47:41'),
('638193670515146d2179cebb45774ebf797ad191b4eac88b4a999c52515a8b398ff78e90b2c78c66', 3, 1, 'mobile', '[]', 0, '2019-12-13 02:14:39', '2019-12-13 02:14:39', '2020-12-12 19:14:39'),
('63c9b71b88c4281adea81c4eb5cd742f7adec90e0f2301ebafd6c90e03f0060969379c38e31f5526', 7, 1, 'mobile', '[]', 0, '2020-06-10 22:35:50', '2020-06-10 22:35:50', '2021-06-10 15:35:50'),
('63fbcd2ea5466c236ba708f90f72be577c9e3c051b59598d6ef80efdb05aedf1955271ffab29d93b', 1, 1, 'mobile', '[]', 1, '2019-11-27 17:07:01', '2019-11-27 17:07:01', '2020-11-27 10:07:01'),
('640b78353714ee94afc55013a54e20e73708076f1e457d40ee19ec74e51982d2ddf456a57dd323d4', 7, 1, 'mobile', '[]', 0, '2021-04-21 14:46:33', '2021-04-21 14:46:33', '2022-04-21 14:46:33'),
('6433cb5013999c7ddfcf18fa109adf5896a6ae44ae3e84fd0698bf99d21dccc5556c76ebaa24c5cf', 1, 1, 'mobile', '[]', 0, '2021-11-29 07:43:32', '2021-11-29 07:43:32', '2022-11-29 09:43:32'),
('644446de6b6223d98c6f17014751461300b88b0e03c75ef13e21502abc41a649d3aff5f097c5a62d', 1, 1, 'mobile', '[]', 1, '2022-06-07 06:11:03', '2022-06-07 06:11:03', '2023-06-07 06:11:03'),
('645be57af1cda11ff6df89f4e7edc395395c2a6f6c1c85ac98f2e9345bf553e0370c1cd5be617b15', 10, 1, 'mobile', '[]', 0, '2021-06-16 14:56:56', '2021-06-16 14:56:56', '2022-06-16 14:56:56'),
('64a05c34d1988c372e13dfaefdab24a1727a20474c4a786949a7780f1626d601270bd920b574dc5f', 17, 1, 'mobile', '[]', 0, '2021-03-14 12:02:35', '2021-03-14 12:02:35', '2022-03-14 07:02:35'),
('64b6dcd821a6f60b93ef0674a9f0c3a473b296d543f59de570b18542759eba9c79e0387e35103694', 1, 1, 'mobile', '[]', 0, '2021-03-17 11:50:21', '2021-03-17 11:50:21', '2022-03-17 06:50:21'),
('64d5c21c626cf3ae27b1dc00dab044d01d24208014740d895aeadaf9de81192a7d08b572e0182b8b', 2, 1, 'mobile', '[]', 1, '2022-01-04 19:38:23', '2022-01-04 19:38:23', '2023-01-04 13:38:23'),
('6528db4031efc312307fc898f090664b46c79b8604f2ada916db5f6d5ab99162fa7b03fba04b0e59', 1, 1, 'mobile', '[]', 0, '2019-12-02 19:14:35', '2019-12-02 19:14:35', '2020-12-02 12:14:35'),
('655208b41a07327f328034c532a5537dc5864b7de9545fcbc147b4c96875c0daa167be0dfa7321a8', 1, 1, 'mobile', '[]', 0, '2021-12-09 20:14:44', '2021-12-09 20:14:44', '2022-12-09 14:14:44'),
('655b9e3a33c618d394f53f96410cd89a63466c820f7489229023f3d9e77c0f2530b88140279d4c75', 10, 1, 'mobile', '[]', 0, '2021-06-15 10:46:40', '2021-06-15 10:46:40', '2022-06-15 10:46:40'),
('655dc4aa8340980a7d28f4c16344968cc81622d58f8aff58bba8707c69b374bf5367820f3d09e073', 1, 1, 'mobile', '[]', 0, '2021-12-08 18:57:38', '2021-12-08 18:57:38', '2022-12-08 12:57:38'),
('661428a3ca8226dbcdf4fb808f084a58b169e97653eb37d378f065b774a1e5c63026d81df0fa241c', 4, 1, 'mobile', '[]', 0, '2022-05-17 02:26:51', '2022-05-17 02:26:51', '2023-05-17 05:26:51'),
('6629d6bace61071493c0e3f57801af5b41067ad62c54c4820589ee1ac75a9457ac1a4ccab39f4b14', 10, 1, 'mobile', '[]', 0, '2021-06-10 14:29:36', '2021-06-10 14:29:36', '2022-06-10 14:29:36'),
('669066326ee2b7162226698fdc6fdcebeb26beb8a565a25ba20f744917c89cd38d10b46b4ec85abc', 1, 1, 'mobile', '[]', 0, '2020-03-31 10:34:26', '2020-03-31 10:34:26', '2021-03-31 13:34:26'),
('670d5269c11931c0831dbb6c84472eac4854ebab04e549637a8ffba155191759050189ef63dd4742', 1, 1, 'mobile', '[]', 0, '2020-04-28 20:39:45', '2020-04-28 20:39:45', '2021-04-28 15:39:45'),
('670fcf72eb15265c88b9fa710113865a961daef16c2e2e9f3b66cf715f6deb075eaadc44175819bc', 15, 1, 'mobile', '[]', 0, '2021-03-14 16:28:24', '2021-03-14 16:28:24', '2022-03-14 11:28:24'),
('6734cff9dede734fa1ac5f6fd2aa49096ec00009db1552f806a54bbf0dc31364b317cdab3106c610', 9, 1, 'mobile', '[]', 1, '2022-06-04 10:17:00', '2022-06-04 10:17:00', '2023-06-04 10:17:00'),
('6759c6af9a7f785efbc5c05b6233fbe03dc54e76fcdc208c3f943c1f79dc9b41d3d5d8a2c9ed62b7', 1, 1, 'mobile', '[]', 0, '2021-12-09 22:42:13', '2021-12-09 22:42:13', '2022-12-09 16:42:13'),
('675f7491e120cef126b4b2f5b420a8e48b9e2ba703f69a690d9c75656f1ce2fd3f699fd4b9a29c42', 4, 1, 'mobile', '[]', 0, '2019-11-27 22:17:11', '2019-11-27 22:17:11', '2020-11-27 15:17:11'),
('6787b0c8765ba0245b6e08dd75a304f27e44754908628637191e14d40c2a3d84adaa7459dd9e1c27', 1, 1, 'mobile', '[]', 0, '2022-05-24 03:21:48', '2022-05-24 03:21:48', '2023-05-24 06:21:48'),
('67b6637009ea892d24ede2c0b53d310c917849c281e4927ade0042fdcf6fb817ba68db09a9af032c', 1, 1, 'mobile', '[]', 1, '2022-06-07 08:08:29', '2022-06-07 08:08:29', '2023-06-07 08:08:29'),
('67e3e828cf431b8a0176a6361a38fa64ac0f0719f4e1b77bf00071e1ea5f926f65ecfb97de0ce191', 29, 1, 'mobile', '[]', 0, '2022-01-20 19:51:28', '2022-01-20 19:51:28', '2023-01-20 13:51:28'),
('67e6e69a005a2a1b4ba1ecee282ff02a91af3237448ca3ac7fa484a878e3a966a1812b86e55a01fe', 15, 1, 'mobile', '[]', 0, '2021-03-23 18:15:26', '2021-03-23 18:15:26', '2022-03-23 13:15:26'),
('6858d5992698636eac9e9df3b020058200e77e2c1c0d7a5a03ce99254de56a28aef804ef73efa24a', 23, 1, 'mobile', '[]', 1, '2021-03-24 15:37:47', '2021-03-24 15:37:47', '2022-03-24 10:37:47'),
('6867b587335389fd127625f8306c84fea2c5c3ad3758565779d9aa6ca9d3e72a70f86e7ed2a3d98f', 2, 1, 'mobile', '[]', 1, '2022-01-10 20:05:22', '2022-01-10 20:05:22', '2023-01-10 14:05:22'),
('68a04fdd6d5aee07d2a94ece6f820a3c44b51f34903a101c2a0ff601e8389893b3cdeb4617e7b6ea', 16, 1, 'mobile', '[]', 0, '2022-06-08 12:10:31', '2022-06-08 12:10:31', '2023-06-08 12:10:31'),
('68a1e61823c2a57e8d4f27325bc38827d3512f733837c445b3e1d7df335e383fe3699147a6cd29bc', 15, 1, 'mobile', '[]', 0, '2021-03-22 14:56:58', '2021-03-22 14:56:58', '2022-03-22 09:56:58'),
('68c1b4763e8e6a02e01dc824485c407e3c5f0f426e90d12a43e791de5f405e2a44445c7179236c8e', 12, 1, 'mobile', '[]', 0, '2021-02-24 02:51:26', '2021-02-24 02:51:26', '2022-02-23 20:51:26'),
('68c3b49f9266d77c5dfc32c7868f64eef80d2a32cc54806cc2a95eb811dfdcefdb63da2bd6737ba6', 2, 1, 'mobile', '[]', 0, '2021-12-14 22:34:15', '2021-12-14 22:34:15', '2022-12-14 16:34:15'),
('68d720c32ec7376386fa53f0d9c903c1fc7ab1ab7c0fd033ceccba02127dc9c8a21ce708dad1d87b', 15, 1, 'mobile', '[]', 0, '2021-03-22 17:56:00', '2021-03-22 17:56:00', '2022-03-22 12:56:00'),
('6903761cee4dd36cfa11091998b3c1ed1e522725a5b3e0ab148eb910ce123e8e98df224ec863c1f4', 12, 1, 'mobile', '[]', 0, '2021-06-02 09:15:53', '2021-06-02 09:15:53', '2022-06-02 12:15:53'),
('69082ad536cd4a97276306b2f03ad71a77433ab8c343faf0c9eb2f7467829ae6424652f1d8639a36', 4, 1, 'mobile', '[]', 0, '2021-03-22 14:58:17', '2021-03-22 14:58:17', '2022-03-22 09:58:17'),
('690ebcb30037855d9241e4778c5ac1fa56ef76d88a1f5c2246865f29891f1ca89bf95f2065f802e7', 20, 1, 'mobile', '[]', 0, '2020-02-06 12:43:45', '2020-02-06 12:43:45', '2021-02-06 14:43:45'),
('694959184e3a0306ff2672263ced5877da7fbe0771aa13e188d8fcea5a9dd9f4a56e941227294f04', 9, 1, 'mobile', '[]', 1, '2022-05-31 08:48:34', '2022-05-31 08:48:34', '2023-05-31 08:48:34'),
('6960a89bca109b7bc213a085b200747f2fc6d8248e1ad7dfec558c0a46bc46af52503ed7429e0dbe', 2, 1, 'mobile', '[]', 1, '2022-01-10 20:01:47', '2022-01-10 20:01:47', '2023-01-10 14:01:47'),
('6981e735beb280d36755cc16b165456e2f47f5aa1e8b26ab1cb8afc5fcc6276f07bd71bf84780e59', 7, 1, 'mobile', '[]', 0, '2020-06-09 21:48:47', '2020-06-09 21:48:47', '2021-06-09 14:48:47'),
('69e6d43e25b3a27fd3bae1d1d3b8ae4163ff35ab3491e3adcfe96fa57dcdf055a729ecf4cee990bb', 25, 1, 'mobile', '[]', 0, '2021-04-06 02:10:09', '2021-04-06 02:10:09', '2022-04-05 21:10:09'),
('6a4a589afd6f5cb21d1dc98090db0d5157179109b6e16e4bcef87ac3fe6e1ce9aae7a30dbbc697da', 1, 1, 'mobile', '[]', 0, '2021-12-09 18:55:41', '2021-12-09 18:55:41', '2022-12-09 12:55:41'),
('6a619f4183af5ae1ef9ed50d1e2df45c051b88932e0cf8cb76183caf93ee212a873039fa96ec6ed6', 29, 1, 'mobile', '[]', 1, '2022-01-18 23:57:12', '2022-01-18 23:57:12', '2023-01-18 17:57:12'),
('6a6fc9c8431fa41ccf76e291476db8b505a3cdf4be3e2ea69a8fee4354e3e9f27cd8d5f4ba9871de', 1, 1, 'mobile', '[]', 0, '2022-01-03 17:00:08', '2022-01-03 17:00:08', '2023-01-03 11:00:08'),
('6a7ad72b9b60d6c8fb8ab1f544aae83f06a91727812d8d5a73d7f422f091909743fa8c2fe8a0b8bc', 2, 1, 'mobile', '[]', 1, '2022-01-18 00:46:34', '2022-01-18 00:46:34', '2023-01-17 18:46:34'),
('6acca6a23301f06f28e493d017fcfacf8867ee19ce807f5e1ef7a0d151984acaeb82ad5a418a7cd8', 17, 1, 'mobile', '[]', 0, '2021-03-14 11:59:53', '2021-03-14 11:59:53', '2022-03-14 06:59:53'),
('6ae5f953e5b559ac6b33a535826b014c486b5c7363f54276c8e6375dcb650be9f6d7f238fadd30b5', 1, 1, 'mobile', '[]', 0, '2022-06-07 08:17:49', '2022-06-07 08:17:49', '2023-06-07 08:17:49'),
('6af07fc91a593e9a38fea342b6c5cba638b3c69e24d99c0634915abdb669308dd13848974a319719', 7, 1, 'mobile', '[]', 0, '2021-04-21 14:13:16', '2021-04-21 14:13:16', '2022-04-21 14:13:16'),
('6b31c13fd844f0b145f2cc7d1f4ff8e72f8a413e2499d23f8db19769bcb126f482e57fe1a72598e4', 7, 1, 'mobile', '[]', 0, '2020-06-09 20:54:49', '2020-06-09 20:54:49', '2021-06-09 13:54:49'),
('6b3a4349d31cd41d319d958cd0431b51b3b844bbd5293b26dfa228cf2d4696580a29ec52cae62732', 10, 1, 'mobile', '[]', 0, '2021-06-13 11:54:09', '2021-06-13 11:54:09', '2022-06-13 11:54:09'),
('6b606c3ed2886dd2748d7352489ff6fd4a6de37ad741f33829a99e96b9c3aac075acde54525cbf0f', 9, 1, 'mobile', '[]', 1, '2021-03-15 18:06:46', '2021-03-15 18:06:46', '2022-03-15 13:06:46'),
('6b77f780ac593ab1ac2dd735c37e4f14965b11413577e5256901f32207a732ee88397502d30bc10a', 3, 1, 'mobile', '[]', 1, '2019-11-27 18:28:50', '2019-11-27 18:28:50', '2020-11-27 11:28:50'),
('6b9d64df938fb092786e77c6550c4a89bf66972614c8dde8b840691873f290035020f01fc12560a8', 7, 1, 'mobile', '[]', 0, '2021-05-30 14:56:48', '2021-05-30 14:56:48', '2022-05-30 14:56:48'),
('6c22df1f352c4a27ebf69008c92de7201c575421f70ade9fbd602a3019e8de1779d1211e5db5ee5c', 7, 1, 'mobile', '[]', 0, '2020-06-18 23:28:42', '2020-06-18 23:28:42', '2021-06-18 16:28:42'),
('6c2e1b1ec2f38cd649b8dd334a74615a8ea1933a5604c31ab8a85870f65cf7b662b58ac22783ad93', 9, 1, 'mobile', '[]', 0, '2022-05-31 10:13:56', '2022-05-31 10:13:56', '2023-05-31 10:13:56'),
('6c334224c9551a025963056cd44755b3531ab3415ed417add935337687eec5c5dd26066d5e9680af', 15, 1, 'mobile', '[]', 0, '2021-03-21 23:25:31', '2021-03-21 23:25:31', '2022-03-21 18:25:31'),
('6c538fa06b7751e83fb929b22c1a3ece7d5bfad05e09167981e985b8bd7a3c669f2d46775ba89a57', 4, 1, 'mobile', '[]', 0, '2022-05-26 03:26:08', '2022-05-26 03:26:08', '2023-05-26 06:26:08'),
('6c58d2793174c42d2f5a5f3e1577b024d5edfa637f929463e63306e9a269a421e066fd1bc7400a19', 9, 1, 'mobile', '[]', 1, '2021-03-15 18:01:59', '2021-03-15 18:01:59', '2022-03-15 13:01:59'),
('6cb02095b69c7faaef7abd740e8a759889a43d342f1a966158deb231db7dee820c61f5df2ff7d68c', 1, 1, 'mobile', '[]', 0, '2021-04-21 11:01:17', '2021-04-21 11:01:17', '2022-04-21 11:01:17'),
('6cd491abb52e892f9d966d8d1b356cf4c2bb8e9b781bfe171ad145d3ab1356d72a7224f0334cdc85', 15, 1, 'mobile', '[]', 0, '2021-03-22 15:00:05', '2021-03-22 15:00:05', '2022-03-22 10:00:05'),
('6d1a4bb04398a4e1b09df8209e2f5590b404df54c01d25b5f60f9cd166ff4eda48c75d553769fded', 2, 1, 'mobile', '[]', 0, '2021-12-14 19:17:31', '2021-12-14 19:17:31', '2022-12-14 13:17:31'),
('6d3f63307fb0105aa62178f04a84269df3144fca57bd9e90043506fa6fea6ed966ee122557e3f045', 2, 1, 'mobile', '[]', 0, '2021-02-07 05:17:27', '2021-02-07 05:17:27', '2022-02-07 07:17:27'),
('6d41bf57cb9ab07b8f462335fb9abe222dcc1939f0aa4005b79a286c47c8308b0870db9719b04b0a', 17, 1, 'mobile', '[]', 1, '2021-03-16 09:34:33', '2021-03-16 09:34:33', '2022-03-16 04:34:33'),
('6d9da1c3d8e09040e666205132881e6a0150783eb3d8efb43560e02e069fabbb1ec16ac98097ecbc', 10, 1, 'mobile', '[]', 0, '2022-05-26 05:58:21', '2022-05-26 05:58:21', '2023-05-26 08:58:21'),
('6da8864e04d09e45fb08dab90d64c9eb1765ea60a6f3ecf7fa1932a5b3a9b4f16aea5ce6e3affadc', 2, 1, 'mobile', '[]', 0, '2021-12-22 15:54:22', '2021-12-22 15:54:22', '2022-12-22 09:54:22'),
('6de91bb10222a4784c6cbf484fa164d0ad542191526331a1255931e102b35db747115f6c629055e0', 1, 1, 'mobile', '[]', 0, '2022-05-26 03:33:05', '2022-05-26 03:33:05', '2023-05-26 06:33:05'),
('6e43e8e2041346c8dfdeb22baca92139209d43440f369840ef98ac897b8a00e26903ead819756c04', 15, 1, 'mobile', '[]', 0, '2021-03-21 19:26:45', '2021-03-21 19:26:45', '2022-03-21 14:26:45'),
('6e6921288e097b47874056d746a46d95a593f7fd9a7711c50b79432c78a10cf0566aaf4a8e4a96a7', 9, 1, 'mobile', '[]', 0, '2022-05-31 05:22:44', '2022-05-31 05:22:44', '2023-05-31 05:22:44'),
('6e88ccc73c6595a665642a41c21b0eca69ac1d42a8f49894f7482a14f1456f50ffc7ecd4c2c35b92', 17, 1, 'mobile', '[]', 0, '2021-03-10 14:08:19', '2021-03-10 14:08:19', '2022-03-10 08:08:19'),
('6ee22c75545ed718b10f936986010ac20978999098c64e1f75bb6b737e672323a136e27dd93c72a5', 1, 1, 'mobile', '[]', 0, '2022-06-07 05:55:56', '2022-06-07 05:55:56', '2023-06-07 05:55:56'),
('6ef514ef6d50ff1136d598768f87c051d250e494d4bcafb34a77eb5b2f87148c20319d55f5c37ac2', 9, 1, 'mobile', '[]', 0, '2022-06-01 08:38:17', '2022-06-01 08:38:17', '2023-06-01 08:38:17'),
('6f30c348e23d0069b631be175975733e007d389673b5f9a750d07629e325ba2469933245dbdf3b30', 29, 1, 'mobile', '[]', 1, '2022-01-20 16:01:13', '2022-01-20 16:01:13', '2023-01-20 10:01:13'),
('6f7e8f816df88996cc876bb1b3a48b18d96b39646b39addacf979275ae29fb81ea4ccb9f6fba3291', 3, 1, 'mobile', '[]', 1, '2022-01-26 16:58:39', '2022-01-26 16:58:39', '2023-01-26 10:58:39'),
('6f7f40fc3b5686c28d2771cb2080dc791939add66cc189a5191658e99ddbc58cd8bff95882e2c066', 9, 1, 'mobile', '[]', 0, '2022-05-31 10:12:37', '2022-05-31 10:12:37', '2023-05-31 10:12:37'),
('6fa383bbe7b885c708a925df8ffa77ff02cbe6a05e4aade3774e8651e99876ac55ddd227ce980da0', 2, 1, 'mobile', '[]', 0, '2021-12-26 16:42:30', '2021-12-26 16:42:30', '2022-12-26 10:42:30'),
('6fa68c5eb50e4f32993617ac204194ff21fd57b2c18ab8f7688db269bee51b2b5f3456979e8f5682', 2, 1, 'mobile', '[]', 1, '2022-01-19 18:47:25', '2022-01-19 18:47:25', '2023-01-19 12:47:25'),
('6fffa340fdb2bf8b2191809bbc943b6ca35dc7b893c74d22975cf091ff4b23aff60c7b4c46ac3314', 10, 1, 'mobile', '[]', 0, '2021-06-27 11:46:53', '2021-06-27 11:46:53', '2022-06-27 11:46:53'),
('705550bba5f4e1594d96720636ac08a9538f2dfef3f5057156072b1cf5180ac8ee1e24d0da04aca9', 12, 1, 'mobile', '[]', 0, '2021-03-16 12:54:25', '2021-03-16 12:54:25', '2022-03-16 07:54:25'),
('70557553abd5c25b3362d569fc54f59d0495988e02d6d5ea1fd87e1391007693d79a87cc2491b2c4', 7, 1, 'mobile', '[]', 0, '2020-06-04 09:19:06', '2020-06-04 09:19:06', '2021-06-04 02:19:06'),
('70a77de5b56f9aeed5041874ea401b7776bfaa519ba67f31275a574cca34733ca3a2f5a6de4c53be', 19, 1, 'mobile', '[]', 1, '2021-03-17 12:06:06', '2021-03-17 12:06:06', '2022-03-17 07:06:06'),
('711093f9fda9626d6a1ffb52f27c7ba5aa9a20b3d50930abff2b725f79a0cae50388ab67b431518d', 9, 1, 'mobile', '[]', 1, '2022-06-06 12:36:34', '2022-06-06 12:36:34', '2023-06-06 12:36:34'),
('712304a37134b736d29183ce81293770960289c50f78dd6df3eb90e982a34108dc1653b0e2ca084e', 4, 1, 'mobile', '[]', 0, '2019-11-27 21:52:02', '2019-11-27 21:52:02', '2020-11-27 14:52:02'),
('714c96bfec5723fda4944b7aa643173a8499b3fff33a1263222f49a3033e2666508000bf783916ee', 17, 1, 'mobile', '[]', 1, '2021-03-16 14:48:41', '2021-03-16 14:48:41', '2022-03-16 09:48:41'),
('716180582b0ae7d0c51ce7b1a6899354fdd8bcf1ba86b1e4e6f99d05ad5c38deea56a1210dec7d67', 2, 1, 'mobile', '[]', 1, '2022-01-12 21:00:29', '2022-01-12 21:00:29', '2023-01-12 15:00:29'),
('71a0349384f0dbca7074ac3c66889e3209ff1d70845d7ec6dcc4701b306184d3c34c8227986059fd', 8, 1, 'mobile', '[]', 0, '2019-12-02 16:52:29', '2019-12-02 16:52:29', '2020-12-02 09:52:29'),
('71eee5c02694849e09e6d4c2fb9063d5361e63514b4ebce01480d435e71b81a93d174074710cd26b', 23, 1, 'mobile', '[]', 1, '2021-03-25 00:29:30', '2021-03-25 00:29:30', '2022-03-24 19:29:30'),
('720389ed297fd5db62bbaf231d04e7002f8b10c26fec6bdda5eec01686edd1b3eae6ceb18a4cc0f8', 29, 1, 'mobile', '[]', 1, '2022-01-19 01:42:25', '2022-01-19 01:42:25', '2023-01-18 19:42:25'),
('720dce4bfd8f1c0c4e605056dcaa28f79eedfa95c52be8f9db45634a27f9071fff759ceb8c88e1e4', 7, 1, 'mobile', '[]', 0, '2021-04-21 14:34:28', '2021-04-21 14:34:28', '2022-04-21 14:34:28'),
('721205618493947b627497340ae9bfa7ad2c971a60dba3f8045f3dc7f87bbac3ceb2d35a9c9d141f', 2, 1, 'mobile', '[]', 1, '2022-01-04 23:04:01', '2022-01-04 23:04:01', '2023-01-04 17:04:01'),
('72174b3e84b55a28ad284f5209ee3bb1835d9c637bbf9d5ea205b547e85b12f4ef8221af484242fc', 15, 1, 'mobile', '[]', 0, '2021-03-19 03:44:53', '2021-03-19 03:44:53', '2022-03-18 22:44:53'),
('72297e41178b0e3a6462ad576e56296d003f71c8f620dda8bb63cd4e446f11ef8beaf87ed99326ed', 7, 1, 'mobile', '[]', 0, '2021-04-21 14:34:44', '2021-04-21 14:34:44', '2022-04-21 14:34:44'),
('72adbf25c4cf3ca5c98785f5310b7fea017da5fff7c7a111cc0d75f8296116d42860e512fa1dbaa8', 1, 1, 'mobile', '[]', 1, '2022-01-26 16:42:46', '2022-01-26 16:42:46', '2023-01-26 10:42:46'),
('72c2cd1efa1012bf81dcb79884b933e66c51e24e12413a047fcadcc8cf46249d605afedf42852a73', 2, 1, 'mobile', '[]', 0, '2021-12-29 20:20:40', '2021-12-29 20:20:40', '2022-12-29 14:20:40'),
('72dea0381a56cc4288c495d485d727fe5580926dd56bb821eb1c3a84107a45c26e837c34756450fa', 12, 1, 'mobile', '[]', 0, '2021-03-01 16:11:14', '2021-03-01 16:11:14', '2022-03-01 10:11:14'),
('731c0651e5a7f28518515f2c0f824dfd5fcb94a46b8088eab757c01d747e24f642d6546a25352591', 7, 1, 'mobile', '[]', 1, '2020-06-03 17:49:02', '2020-06-03 17:49:02', '2021-06-03 10:49:02'),
('7327ab3e5aedecc30aca03a6d640bb1640a0dddd6fa923b48b6329e8ed1fdfb77d8237eb02803a80', 17, 1, 'mobile', '[]', 0, '2021-03-14 16:10:45', '2021-03-14 16:10:45', '2022-03-14 11:10:45'),
('732d2d30b8f32835936f8f618ec71668d5ae12b5c4f95ecdb2e02246ccf53e0935e49e2f83c76b2a', 1, 1, 'mobile', '[]', 0, '2022-01-18 15:23:48', '2022-01-18 15:23:48', '2023-01-18 09:23:48'),
('735c9db7fea56e7f654e3929d3cf9d24253165dd368e1c476c5b7f997d58dfb1b8fe8ca9e7fc0f16', 2, 1, 'mobile', '[]', 1, '2022-01-19 17:59:34', '2022-01-19 17:59:34', '2023-01-19 11:59:34'),
('7384c8a2c3cae62d735c1103fed99cf71656bbd4c728431f817d14333bc55fd4219b3fc5114a378f', 33, 1, 'mobile', '[]', 1, '2021-04-04 20:04:43', '2021-04-04 20:04:43', '2022-04-04 15:04:43'),
('73a5f5dd18afde5ef6bf4f0754f8ce731264a7610568e782e5b4bb5ea37fb1cff3345e227709bd49', 1, 1, 'mobile', '[]', 0, '2020-04-28 20:48:24', '2020-04-28 20:48:24', '2021-04-28 15:48:24'),
('73a7ed47c9bbf199d1cdb40b7f3a4f9d2a6958cb9d7630abb0689f816fe369c16d9bd8392aff24ca', 9, 1, 'mobile', '[]', 1, '2022-06-06 11:22:47', '2022-06-06 11:22:47', '2023-06-06 11:22:47'),
('73b411b1a9fe5e2a9d5ca055773d1ba4e3fb398911c9407b4f1a9cc9ab96926fbfffb0f523d94abb', 1, 1, 'mobile', '[]', 1, '2022-05-16 09:14:54', '2022-05-16 09:14:54', '2023-05-16 12:14:54'),
('743b7141c7836ab8301926734615f011ea88d3e9cdc5e34cfbd65197c82f748d7d3e1c40dfb772bf', 10, 1, 'mobile', '[]', 0, '2021-06-23 10:34:48', '2021-06-23 10:34:48', '2022-06-23 10:34:48'),
('74e60da06972f7b13e328661956964730c938ad5ebd782d43aaa790e6b3582673d9ed78e8bc83a41', 12, 1, 'mobile', '[]', 1, '2021-03-18 05:43:01', '2021-03-18 05:43:01', '2022-03-18 00:43:01'),
('74e8c7cbc56459571cb2130530f8dbd4127d5ad67758af978d976250526e8b7a35a80a9c5b3ccaa1', 1, 1, 'mobile', '[]', 0, '2021-02-24 02:44:47', '2021-02-24 02:44:47', '2022-02-23 20:44:47'),
('7536f0a166a9e63719ba0de3dab30ee35d969eb455d582374a6103ad3ee08d641b252214f0daaefa', 3, 1, 'mobile', '[]', 0, '2020-04-28 19:40:00', '2020-04-28 19:40:00', '2021-04-28 14:40:00'),
('755c35a25816d2f7226d754c44b9cf7e188121fe4002355173f3220dfd4e80b73e5d1f699238a62a', 21, 1, 'mobile', '[]', 0, '2022-01-08 16:52:21', '2022-01-08 16:52:21', '2023-01-08 10:52:21'),
('764808d43459f2a1cc801b72dc3f8d9518b6e6831a1004c4939bc1466b70e452395114bb48dc181e', 23, 1, 'mobile', '[]', 0, '2021-03-30 14:30:34', '2021-03-30 14:30:34', '2022-03-30 09:30:34'),
('76627542966beb1e9a8a4eacdab6b274384f653f2f934f4037e9c2739cb833753c1593ca29ed6319', 9, 1, 'mobile', '[]', 0, '2022-06-01 08:24:42', '2022-06-01 08:24:42', '2023-06-01 08:24:42'),
('7663ba91e10c95f0147ade878b4408c0d6f578e9d190d0ad74b15711730b52ae9240d251400ff411', 7, 1, 'mobile', '[]', 0, '2020-06-03 21:25:05', '2020-06-03 21:25:05', '2021-06-03 14:25:05'),
('76f40a5db41f3307d6a3c43c421d06b11f3f9a83d206dd95fe8a4c69247343eff26d404b564336c8', 1, 1, 'mobile', '[]', 0, '2021-12-02 21:40:30', '2021-12-02 21:40:30', '2022-12-02 15:40:30'),
('770fc967b01aa6b427435e6e5bc6967abbbe0538103ff8841b5abfef41c406c8d70071c289265bc7', 1, 1, 'mobile', '[]', 0, '2021-12-08 20:55:39', '2021-12-08 20:55:39', '2022-12-08 14:55:39'),
('775e63235c9f664a60cc7b68b8db112e1b95f6233a9cbf7a87242143ec0a2a02eff43437d04d2d4e', 9, 1, 'mobile', '[]', 1, '2022-06-06 12:21:32', '2022-06-06 12:21:32', '2023-06-06 12:21:32'),
('7799e23cba5f6da78ce54eb946ae50f1b64f058bf6c592421d64b63797603577a0b6639a250734d4', 2, 1, 'mobile', '[]', 1, '2022-01-26 16:03:26', '2022-01-26 16:03:26', '2023-01-26 10:03:26'),
('78046f3d2a121b3a1a7e2a0aaca9e7423d1a879e6cde7d5fb4f78211c425c191eb8ed9deb02f6e9b', 3, 1, 'mobile', '[]', 0, '2019-12-02 15:40:14', '2019-12-02 15:40:14', '2020-12-02 08:40:14'),
('7809dd429d83c53b56b1ebf689b244971a470bd3b802065c8d5a9b515869fef0a68c2e7f4a944216', 9, 1, 'mobile', '[]', 0, '2020-06-16 18:03:34', '2020-06-16 18:03:34', '2021-06-16 11:03:34'),
('7829ee1e5be6836f87d11a4a67379cd72845dd908c71e770eb281a4c215686c8bb7f2e16df900fac', 19, 1, 'mobile', '[]', 0, '2021-03-17 12:01:45', '2021-03-17 12:01:45', '2022-03-17 07:01:45'),
('783bee22109679211935184804a167767563b7b48d6d8eb2505d444f6efbbb8d980d8d48449c791e', 1, 1, 'mobile', '[]', 1, '2022-01-26 17:19:44', '2022-01-26 17:19:44', '2023-01-26 11:19:44'),
('78705d50ceb05528ed34337cd056da090372c86cfbf515e42000c372a444e52693b222c8f14b66a2', 9, 1, 'mobile', '[]', 0, '2022-06-01 11:08:24', '2022-06-01 11:08:24', '2023-06-01 11:08:24'),
('787de3a4caf230ffb60225baa8d525ff42f8918a0eb703508963aa980038a6d23c243fed743d14cf', 1, 1, 'mobile', '[]', 0, '2020-04-02 09:02:41', '2020-04-02 09:02:41', '2021-04-02 12:02:41'),
('788f82d1fcc6221bbb8db8e9d9e2ceef740c5dcc123075ef6b2625a2bd47535d8b80e920c5ceccf5', 7, 1, 'mobile', '[]', 0, '2021-05-30 10:37:17', '2021-05-30 10:37:17', '2022-05-30 10:37:17'),
('78ea5e09410cdcaa743578214e7b7c7bd90f30b8ea0dbd71064256a6de2d372f310dbcaef7397001', 3, 1, 'mobile', '[]', 0, '2019-11-27 21:45:22', '2019-11-27 21:45:22', '2020-11-27 14:45:22'),
('79121defca1e6b7b7f5b831a2b164bfd00a52c749e6dca86803b08491f09614e798e7795a0fc6174', 2, 1, 'mobile', '[]', 1, '2022-01-11 21:58:35', '2022-01-11 21:58:35', '2023-01-11 15:58:35'),
('793273a8e480d385eb085ed6c5b7833ee9ec7b60c77c5d0a2b0d74245e79a400d14ef6da1a1434e2', 2, 1, 'mobile', '[]', 1, '2022-01-18 20:26:50', '2022-01-18 20:26:50', '2023-01-18 14:26:50'),
('793ad0ef4b881712baf886cacb403ac62f80d3e1256f7c400e6498e8f5facd07a531773563b29183', 9, 1, 'mobile', '[]', 0, '2022-06-01 08:32:30', '2022-06-01 08:32:30', '2023-06-01 08:32:30'),
('7942fd524b17277c4c4a84834d834e2795000eb40a58e5346ee0a1796043567962507658a50b22f7', 9, 1, 'mobile', '[]', 0, '2022-05-30 10:49:08', '2022-05-30 10:49:08', '2023-05-30 10:49:08'),
('7993631b1f970c21cc8a999904cc11ae250cb1d2d1d8cae2dfb18c42dd97f91454c59393305028f5', 2, 1, 'mobile', '[]', 0, '2021-12-16 18:12:22', '2021-12-16 18:12:22', '2022-12-16 12:12:22'),
('79f4dbd79c3616425ff50c64a21895b165c49bcc3fa5356d13198a82e5a81d3cfa5076d269121f7e', 9, 1, 'mobile', '[]', 0, '2022-05-26 03:51:24', '2022-05-26 03:51:24', '2023-05-26 06:51:24'),
('7a3ae38fa796243e9f8a4a709985493be0b93d9b01187567549e520a27afdf4438ce6a1a231ad20e', 2, 1, 'mobile', '[]', 1, '2022-01-03 21:01:49', '2022-01-03 21:01:49', '2023-01-03 15:01:49'),
('7a5093c16b83c48feac53851170de67cff59d368bcf808611fa472f6a26c5c7eec8dabf269e0d8cf', 23, 1, 'mobile', '[]', 0, '2021-03-19 03:46:20', '2021-03-19 03:46:20', '2022-03-18 22:46:20'),
('7a57082ccc2187c705822f1d072d068ba5601ab7c31ed08e5ebab37d48bc7bddae410ee813114cf8', 2, 1, 'mobile', '[]', 0, '2021-12-21 15:39:11', '2021-12-21 15:39:11', '2022-12-21 09:39:11'),
('7a863134d64c405236720ad700eb31ee504ca384b0fa99cdcad747aa18eca42ac95b350343fcfb6c', 2, 1, 'mobile', '[]', 0, '2021-12-13 21:37:26', '2021-12-13 21:37:26', '2022-12-13 15:37:26'),
('7a8a078d4e30c7051fac3e4b6864fd4c435d1e8d8115759ca2b69bdf29c40382c4c791be437f9803', 9, 1, 'mobile', '[]', 0, '2022-06-01 08:33:54', '2022-06-01 08:33:54', '2023-06-01 08:33:54'),
('7b1ed48e76480827f8755b41ff13605918ad3f40a5ec053c762cdf4a1547df3ad16c1bfb7264d90d', 29, 1, 'mobile', '[]', 1, '2022-01-18 21:03:15', '2022-01-18 21:03:15', '2023-01-18 15:03:15'),
('7b3c7a1568a138d384860c296b7d40a355d534f7efd2503c151d3ad11a621966118b5fff1fcec0d1', 1, 1, 'mobile', '[]', 0, '2022-05-26 03:35:18', '2022-05-26 03:35:18', '2023-05-26 06:35:18'),
('7b510dae9e528a696266189c79843bc87d68931c395528d559f89ae1c59d92896021fd9be680f836', 7, 1, 'mobile', '[]', 0, '2021-04-21 15:57:02', '2021-04-21 15:57:02', '2022-04-21 15:57:02'),
('7b8f808d4115150692218dafeb903572a1ff1847f280c537e4b06dead9ad94522d09adbb19e43d9b', 8, 1, 'mobile', '[]', 1, '2020-06-08 00:24:27', '2020-06-08 00:24:27', '2021-06-07 17:24:27'),
('7ba6e04e3f7ab5b74d4510d6969203c4183afd720dbf6da635325d014e028547ca3f3549806a78b8', 2, 1, 'mobile', '[]', 0, '2022-01-20 22:15:07', '2022-01-20 22:15:07', '2023-01-20 16:15:07'),
('7bb7a9618bf75bc54a6047d6f691f31f2d849b0de48fd082f6e570c3ac054e5c373adf85279f2e5b', 2, 1, 'mobile', '[]', 0, '2021-12-20 22:17:04', '2021-12-20 22:17:04', '2022-12-20 16:17:04'),
('7bf4aacbf61fe31ed1b188a05c2c399f5e85c69b01e7ab2349960d86283f186aacb09393293e4f7a', 1, 1, 'mobile', '[]', 0, '2019-12-21 02:52:53', '2019-12-21 02:52:53', '2020-12-20 19:52:53'),
('7c548da76b549c4ce75e533b3d122f47ef079d8494d8431900c36fc6daf8e7dbecbdfa9e8e4c33d4', 17, 1, 'mobile', '[]', 0, '2021-03-16 17:41:57', '2021-03-16 17:41:57', '2022-03-16 12:41:57'),
('7c56ecef2a7b05c7eaa4260f23911c6d32d33e384a70ab3f79db5585e2376e0d74d195c98439232f', 7, 1, 'mobile', '[]', 0, '2021-05-30 10:11:25', '2021-05-30 10:11:25', '2022-05-30 10:11:25'),
('7c7f8812b9084d52f85349d3484b2ed977ff7300a216cea61fa87dd294f21c018ed053e7be4eab79', 10, 1, 'mobile', '[]', 0, '2021-06-09 09:28:18', '2021-06-09 09:28:18', '2022-06-09 09:28:18'),
('7cba6111962643411553fbeabb9ebe37ef7843d11b834b7154253d06c94d2d7b84e166eb2da67b10', 14, 1, 'mobile', '[]', 0, '2021-06-10 14:23:11', '2021-06-10 14:23:11', '2022-06-10 14:23:11'),
('7d2bdb73204cedf6ea4d8f47972ad73624a2729f3da2e1e35627c20da10535a3da6b407e3c0cb795', 2, 1, 'mobile', '[]', 0, '2022-01-26 16:21:43', '2022-01-26 16:21:43', '2023-01-26 10:21:43'),
('7d6669f2495565ac5e3b5f27888ae50b3b287752caa8e874ca75486c6576e3ac9cae203bda07ed96', 9, 1, 'mobile', '[]', 0, '2022-06-05 11:16:42', '2022-06-05 11:16:42', '2023-06-05 11:16:42'),
('7e74f0c5fab474fdffc8d8e2cdfb2cc86784324d639f73f61b83d0296c5cd391eadc1f342e0c2860', 4, 1, 'mobile', '[]', 0, '2022-05-26 03:36:25', '2022-05-26 03:36:25', '2023-05-26 06:36:25'),
('7e79b36e6beeac50d07dd3804b00669717f19ce6520853db8271d87cb640c1ece5e14ba0c03ebdb5', 9, 1, 'mobile', '[]', 1, '2022-06-06 12:28:35', '2022-06-06 12:28:35', '2023-06-06 12:28:35'),
('7ea0776579be7051045164bacb4aca842eee2bda870bcd9b76dd0c721e70bc906df2296f5378e790', 29, 1, 'mobile', '[]', 1, '2022-01-19 01:44:33', '2022-01-19 01:44:33', '2023-01-18 19:44:33'),
('7ee059336f2b4c13c070942eae2c280db17b64b75c2440f6fa4ddb67f53e7ce31d662e9b5f599565', 9, 1, 'mobile', '[]', 1, '2022-06-04 10:58:22', '2022-06-04 10:58:22', '2023-06-04 10:58:22'),
('7f0341f19c92b35b320b2d0bfc57a3242d1ec5b02fb34a47b3a14c36276d17698ad2779bf1a0fe02', 9, 1, 'mobile', '[]', 0, '2022-05-30 21:06:15', '2022-05-30 21:06:15', '2023-05-30 21:06:15'),
('7fdea30b82625c5200d259bfa0abfc8307fdfeda02533e7ad67aa6528b8e48b55be498f15d2023f3', 12, 1, 'mobile', '[]', 1, '2021-03-18 06:05:34', '2021-03-18 06:05:34', '2022-03-18 01:05:34'),
('7ff0a86fb4ba90475ad691a857ff62a12f4d8333109ee61a96456a3702b9875fa265379cdb027ae7', 10, 1, 'mobile', '[]', 0, '2021-06-09 09:24:16', '2021-06-09 09:24:16', '2022-06-09 09:24:16'),
('803adb6c2c70bc5071b89f374fe590dff3328b99d6edde2cee937178d2e8902c707382b53a92ede4', 2, 1, 'mobile', '[]', 0, '2021-12-26 19:01:49', '2021-12-26 19:01:49', '2022-12-26 13:01:49'),
('81066e72a4a0e4a14564d6c5388a323919dfda3cfb7bdcb116b05c6f04513f41fc7bb27ab008046f', 15, 1, 'mobile', '[]', 1, '2021-03-14 16:03:23', '2021-03-14 16:03:23', '2022-03-14 11:03:23'),
('812962966382a348feb208475083307f07b2c6b1936c9f22e72f8dd6287dd441e321aeb5b4082dad', 17, 1, 'mobile', '[]', 1, '2021-03-18 05:07:11', '2021-03-18 05:07:11', '2022-03-18 00:07:11'),
('81514aeee93bf43435d696496b82da9dc3d09861a887454fdf79a784fa77bc4147dd841449d7c1af', 3, 1, 'mobile', '[]', 1, '2022-01-26 20:53:12', '2022-01-26 20:53:12', '2023-01-26 14:53:12'),
('8156c28613a34791fabbaa05c62e2d27ef70c5c09933fe99cac54cd919bac9fc21333cedec322138', 9, 1, 'mobile', '[]', 1, '2022-06-06 12:24:27', '2022-06-06 12:24:27', '2023-06-06 12:24:27'),
('8157a9044ec4dc27f53beaf9dcfe77686c48f3ea42c15dad0b202f474fb4876b032e97828500d5b7', 2, 1, 'mobile', '[]', 0, '2021-12-22 18:37:48', '2021-12-22 18:37:48', '2022-12-22 12:37:48'),
('815e9bb66238cdf50e9763f47ed8a200e39c3bca25dff12bb0d9543f6a780f809cde22a6ee9fedf0', 2, 1, 'mobile', '[]', 0, '2022-01-16 16:20:35', '2022-01-16 16:20:35', '2023-01-16 10:20:35'),
('815ec1aad47afb7be4000cf8e34cbdad68061b4546d23f9134f5dae5bd6275596f255a94cffe9144', 1, 1, 'mobile', '[]', 1, '2022-06-08 06:52:23', '2022-06-08 06:52:23', '2023-06-08 06:52:23'),
('818af520a4bd723645157042fceb1cdca6674e142719c706d088e647b0d80df1aad485d0e7f46fae', 1, 1, 'mobile', '[]', 0, '2019-12-21 02:48:41', '2019-12-21 02:48:41', '2020-12-20 19:48:41'),
('819efb1da0aa1e3f71d8e826c1ba7f181aaa57f7ee8701152086f4c3d2701c97bd881ec6b58d9cef', 24, 1, 'mobile', '[]', 1, '2021-03-23 11:52:49', '2021-03-23 11:52:49', '2022-03-23 06:52:49'),
('81a01cd642950d07a0e64d134daef5f7b6a63665db9079670de2437ba8ff97f2e0c31cef495ff90c', 1, 1, 'mobile', '[]', 0, '2021-12-06 17:40:46', '2021-12-06 17:40:46', '2022-12-06 11:40:46'),
('81a6adea43f2aa97236a4010bf960b87904b4921616677c41234d7ce91911f7a16d1d91499ecdfb7', 5, 1, 'mobile', '[]', 0, '2021-12-02 20:41:06', '2021-12-02 20:41:06', '2022-12-02 14:41:06'),
('81a7915da851252fde39dab9c2869db75289381ace4d62ada748d46df84b9c8b302a947794b8676e', 7, 1, 'mobile', '[]', 1, '2020-06-04 16:30:04', '2020-06-04 16:30:04', '2021-06-04 09:30:04'),
('81a959324be28416e9d32aa2c3ecab198f770b8a6dfefb122de5748cc534db07524575345a713a4b', 18, 1, 'mobile', '[]', 1, '2021-06-16 15:23:44', '2021-06-16 15:23:44', '2022-06-16 15:23:44'),
('81fbf8e8cc4b5f02aea3669eeaad868358857cf313822109daaa8215f18363ae3601d8057e884266', 7, 1, 'mobile', '[]', 0, '2021-03-11 18:44:07', '2021-03-11 18:44:07', '2022-03-11 12:44:07'),
('82018ff674714b10a9bcff6346937114d9bdcc80417a82bf78b71a323385f2a2a1ad3a61bfe2df95', 1, 1, 'mobile', '[]', 0, '2021-04-17 17:44:44', '2021-04-17 17:44:44', '2022-04-17 17:44:44'),
('8224e87884d451f8979243678c9c21d4e240362543ec1b189a2fca39e0eef5f79f6bce474a94f157', 7, 1, 'mobile', '[]', 0, '2021-05-03 16:45:05', '2021-05-03 16:45:05', '2022-05-03 16:45:05'),
('823f7f32e4718096a9acea132e8f9ceb3346a262eb42b8c387345aef3bbaf0fb57cbf31a4800930a', 9, 1, 'mobile', '[]', 1, '2019-12-05 20:48:57', '2019-12-05 20:48:57', '2020-12-05 13:48:57'),
('8247209ac0d143dea226ba36b09a60c8e888adfd22bd1d746f0ea120dc9fe5dc5a3d9f98450702e5', 30, 1, 'mobile', '[]', 0, '2021-03-28 14:27:46', '2021-03-28 14:27:46', '2022-03-28 09:27:46'),
('82794104ddb108c511cb995c67ddba20969a80b3d9df8c7be9829268f557dfd64459cdceadd9baf0', 23, 1, 'mobile', '[]', 1, '2021-03-23 22:09:40', '2021-03-23 22:09:40', '2022-03-23 17:09:40'),
('827c15a05039b705802884a69b7f7e981eb2daa86bc08ab0ccb24fea8183b7e3a2545d79ea83e0f1', 23, 1, 'mobile', '[]', 0, '2021-03-30 20:07:28', '2021-03-30 20:07:28', '2022-03-30 15:07:28'),
('8282d1658cc74975061c8cb2eba95dc477cfb0965308be6ca5a6048f025507d3d6a4fd7ef22a8e66', 1, 1, 'mobile', '[]', 1, '2022-06-07 08:00:08', '2022-06-07 08:00:08', '2023-06-07 08:00:08'),
('82ba726f71a823a72c27d62ef62635dee2cdaf8cbd696ff6ff0162ad618b2c2ca214c48537a42ef7', 12, 1, 'mobile', '[]', 0, '2021-03-17 11:52:18', '2021-03-17 11:52:18', '2022-03-17 06:52:18'),
('82c714950639852327006ee5c8d589da113a1b89d2fd4dfa68794ac209744b4dd926be20735aef8f', 2, 1, 'mobile', '[]', 0, '2021-12-14 17:25:56', '2021-12-14 17:25:56', '2022-12-14 11:25:56'),
('83073671f526631236ec0ae7ca303549ffeb13f60fe5ff0d7774db09e3be602eeaa419383b9e02a6', 15, 1, 'mobile', '[]', 0, '2021-03-22 14:59:03', '2021-03-22 14:59:03', '2022-03-22 09:59:03'),
('83698bbc274844be6a9a2b4818169d8280d82a2b88ebb09272a7745e41fb854524a6d67b798ecf26', 10, 1, 'mobile', '[]', 0, '2021-06-13 08:27:57', '2021-06-13 08:27:57', '2022-06-13 08:27:57'),
('8412f7c7e118645d74b4f37cee4246390a9521aec024ff98332001e91f37ceff468e879c4212785e', 9, 1, 'mobile', '[]', 1, '2022-06-06 11:03:09', '2022-06-06 11:03:09', '2023-06-06 11:03:09'),
('8415c409626ff3d22834b41fa352197ffc13a2629c0b243a6b748e83eba4eca6898f73fa1f07ecdb', 9, 1, 'mobile', '[]', 0, '2022-05-31 09:52:26', '2022-05-31 09:52:26', '2023-05-31 09:52:26'),
('8428c6c436397bb6bc484af3891638107a9c4479ac8d6f0b923ab8e4ba05aaa9a5b262f301698341', 3, 1, 'mobile', '[]', 0, '2020-05-02 18:04:03', '2020-05-02 18:04:03', '2021-05-02 13:04:03'),
('8430901d18d195a0798a481d07d5a33bcd157df9afc5da6168e2b46f05654a35132901c05301f057', 14, 1, 'mobile', '[]', 0, '2021-06-10 15:53:18', '2021-06-10 15:53:18', '2022-06-10 15:53:18'),
('844ffaf510adcdd3d87b1be03eb71abb2bf499717162aee879b6fc4b0d14e91510952e09b80416a2', 15, 1, 'mobile', '[]', 1, '2022-05-31 09:28:53', '2022-05-31 09:28:53', '2023-05-31 09:28:53'),
('847ce280408b732221e5f92c2d2527ed74ca156fcc0c38939afdd2075dc887725b84524256d98338', 12, 1, 'mobile', '[]', 0, '2021-03-03 13:01:35', '2021-03-03 13:01:35', '2022-03-03 07:01:35'),
('84aece253094716933f6b634d3e126c6f7fe611f3635725271a57b7f9d81156491848bdb26f24ef4', 10, 1, 'mobile', '[]', 1, '2021-06-09 13:23:44', '2021-06-09 13:23:44', '2022-06-09 13:23:44'),
('84c411ab4fa8a5f102ad1bc0761edbad7087fbfafba9c4b50e157cdbd8fc5a607af575f8cef5a50f', 7, 1, 'mobile', '[]', 0, '2021-04-21 14:12:25', '2021-04-21 14:12:25', '2022-04-21 14:12:25'),
('851decd81251a8595cb98fa4cbbfd92c578bbe9657899dc4950c8632a00911417fbbd720ef0ca6d2', 6, 1, 'mobile', '[]', 1, '2022-01-31 18:52:56', '2022-01-31 18:52:56', '2023-01-31 12:52:56'),
('85201cf58b7f3124c0826039cd5115de2ee2546f8ffd5a0c9c099e9c4f0746f724c9d72445dcd941', 15, 1, 'mobile', '[]', 0, '2021-03-08 16:31:02', '2021-03-08 16:31:02', '2022-03-08 10:31:02'),
('85a5d81af67a6dbaa1c44d5f370a377c53160aace1865e5c6d97ea11431a37ce23ca7252188af0a0', 10, 1, 'mobile', '[]', 0, '2021-06-10 15:57:39', '2021-06-10 15:57:39', '2022-06-10 15:57:39'),
('85c2ceb3b78aab4408f8ffe8b8c368dd73f68c739be3d3d8e54e92b1b72a1ee48411bf3eba361af2', 10, 1, 'mobile', '[]', 1, '2021-06-13 14:42:08', '2021-06-13 14:42:08', '2022-06-13 14:42:08'),
('85c8ffd8a097ddbe026f8c39e00035ba010417e1955300f4db229a1e40b984f97c5367a0493f250a', 23, 1, 'mobile', '[]', 0, '2021-03-31 13:05:04', '2021-03-31 13:05:04', '2022-03-31 08:05:04'),
('85e7242a33aeba91983b2b51423c2328bf7fec3c7b171192c3afc8fcb88d6e0626ab7ab19bb5872b', 1, 1, 'mobile', '[]', 0, '2021-12-07 17:44:30', '2021-12-07 17:44:30', '2022-12-07 11:44:30'),
('865908c3cc99b594828af8cd2628b599579cbe8857e7f2c6900dcb56cd9a1ce890120fc02fc69abb', 10, 1, 'mobile', '[]', 0, '2020-06-17 23:27:21', '2020-06-17 23:27:21', '2021-06-17 16:27:21'),
('86afe313d6941ee24f136602b43e3aee01d1603ef7e24d97a178fafc5de3af0a4e3f4ef63d05a2f8', 18, 1, 'mobile', '[]', 0, '2021-03-31 11:28:40', '2021-03-31 11:28:40', '2022-03-31 06:28:40'),
('86fe934ce35e57d2b54801cf5f59fb23785ecd3c4f1206497dc19cf0ec584a5653e6a743e1715327', 15, 1, 'mobile', '[]', 1, '2021-03-16 12:45:17', '2021-03-16 12:45:17', '2022-03-16 07:45:17'),
('871bd28b0e30349a0590ecdcbd59bf89ff48fd156dc349cb1407671e9566b1bd745edddfdf0214c7', 2, 1, 'mobile', '[]', 0, '2022-01-10 20:13:16', '2022-01-10 20:13:16', '2023-01-10 14:13:16'),
('8741b50c171c3ed09adfb4f69c72ed62e43c26118d7c72254a1e4f45a017ff41f8a0628f987edd0f', 29, 1, 'mobile', '[]', 0, '2022-01-19 01:42:25', '2022-01-19 01:42:25', '2023-01-18 19:42:25'),
('874cc2e5ae4ddf13e5387b06d9da4f8b0e38c68f709b5be4c5c56efa5fa04908a6bf4a02e6900053', 15, 1, 'mobile', '[]', 1, '2021-03-18 05:30:51', '2021-03-18 05:30:51', '2022-03-18 00:30:51'),
('8767bb3187a1161f38e125fe2e05c4f55f619a0c04256cde347f67338c43796f385ead43b8109c06', 4, 1, 'mobile', '[]', 0, '2021-03-08 13:19:13', '2021-03-08 13:19:13', '2022-03-08 07:19:13'),
('87d621732fa8039e97cda7f689c5809419034a11f154ea89881285c4103f53c2ce8d5b656f598f07', 9, 1, 'mobile', '[]', 1, '2021-03-15 18:07:59', '2021-03-15 18:07:59', '2022-03-15 13:07:59'),
('8829a17d71367dd40dba30efc7e8994e58673905b91c38c24ed0044b0d2648982ff8790ba5003574', 31, 1, 'mobile', '[]', 1, '2021-11-09 12:19:49', '2021-11-09 12:19:49', '2022-11-09 15:19:49'),
('884637c7a6d812deb010a18579a1215d113daec20af1b41d61ebe4cb6ede87f9478f124320cc0630', 1, 1, 'mobile', '[]', 1, '2022-06-07 08:17:24', '2022-06-07 08:17:24', '2023-06-07 08:17:24'),
('8870c22fdb7587e45838c5dd0b016c600f7ca8e0cc3b48ca551b6ff15e4473e7e52d035277efb616', 23, 1, 'mobile', '[]', 0, '2021-03-28 14:28:46', '2021-03-28 14:28:46', '2022-03-28 09:28:46'),
('887bbfc8c00c7dbc477489d4bcab170db92c4a6b6012d95e493c84dae991903e2080bc0ecb47f4fb', 1, 1, 'mobile', '[]', 1, '2022-01-26 16:01:57', '2022-01-26 16:01:57', '2023-01-26 10:01:57'),
('888c95ab6a2191e2ec6fefc2a271d41d542251d2cd1fa8e04dd589cb0bb0f1c59d01dc7b12dc6330', 9, 1, 'mobile', '[]', 0, '2022-06-01 08:14:17', '2022-06-01 08:14:17', '2023-06-01 08:14:17'),
('88ac6d7543a92e8d987ae9805b1af9a43d44ce255a429469a883c49ccc5b3c00d54260c69ace176d', 12, 1, 'mobile', '[]', 0, '2021-03-17 11:58:19', '2021-03-17 11:58:19', '2022-03-17 06:58:19'),
('88ac8e09c039d398c16a0bf7f4ac2a436fdc205a9033f00dea0b4071f58d4f18f34a12e5c45e8405', 12, 1, 'mobile', '[]', 0, '2021-03-04 19:16:07', '2021-03-04 19:16:07', '2022-03-04 13:16:07'),
('88e9cce3646cc368580abfe0ba72c35d409d7ca801e1cd563e6fe468e6e60d46cfaf735be45e6ec3', 14, 1, 'mobile', '[]', 0, '2021-06-10 15:20:33', '2021-06-10 15:20:33', '2022-06-10 15:20:33'),
('8923da5da8ef15e8938f1f105e9d34aae0abf1f23c0e6291c3cc179e4252e7c3ad032f8e084b9796', 14, 1, 'mobile', '[]', 0, '2021-06-10 09:10:03', '2021-06-10 09:10:03', '2022-06-10 09:10:03'),
('893ef7302a3be0064f768c1a2f05959a683263f1e157dfb3c24139a2da35118c9a282a8007c22a2e', 4, 1, 'mobile', '[]', 0, '2022-05-26 03:23:40', '2022-05-26 03:23:40', '2023-05-26 06:23:40'),
('8a2b4c2de38feca62ab2b74f5fb79746a458ca3a35cb709b8204a29f2b47aeb031b19e958e76b084', 2, 1, 'mobile', '[]', 1, '2022-01-19 00:46:38', '2022-01-19 00:46:38', '2023-01-18 18:46:38'),
('8a72131861bffa59bd708ddde37ebe1aab3f10d4d713946da7e4cfea0b6563cf46ced335509ac3ef', 9, 1, 'mobile', '[]', 0, '2022-06-12 05:33:58', '2022-06-12 05:33:58', '2023-06-12 05:33:58'),
('8a8cb837dc0468ce248ac9dbe2bd7cc986de80dd105d33eac16a839e563b40a50969cee7b35cecf0', 2, 1, 'mobile', '[]', 1, '2022-01-18 00:07:08', '2022-01-18 00:07:08', '2023-01-17 18:07:08'),
('8a94ded8b74272d5416a412291aa0d3f45731a4cdd334fea0a1cc092aef02e9517ef032d28438065', 2, 1, 'mobile', '[]', 1, '2019-11-27 17:44:57', '2019-11-27 17:44:57', '2020-11-27 10:44:57'),
('8a9f9493fb2a4156ba99919e5eaa9fbde7e0cbc166b6831484096dd70d7486595c8f8cc73d28b50f', 9, 1, 'mobile', '[]', 0, '2022-06-01 08:45:45', '2022-06-01 08:45:45', '2023-06-01 08:45:45'),
('8aa838a644725a40af029b5b49468ad730fb512a988ea7dc6280e20a97344c8e41630c7540eb8b3f', 1, 1, 'mobile', '[]', 0, '2021-12-12 20:13:58', '2021-12-12 20:13:58', '2022-12-12 14:13:58'),
('8aaf1bda2e41fa198c799f2178bac55469f391c3ce173fecf5a8ab91d738bfb42e617543af11ca44', 1, 1, 'mobile', '[]', 1, '2022-06-07 07:20:41', '2022-06-07 07:20:41', '2023-06-07 07:20:41'),
('8aaf305fadbd3fbe074e6ebdce089f513b22efba9d62b1b9e5c92fffe8a074ea8a18c129bd15303b', 29, 1, 'mobile', '[]', 0, '2019-11-27 06:57:16', '2019-11-27 06:57:16', '2020-11-26 23:57:16'),
('8acb4a6d3dc874c016a82c1a66e2142d852c03b1007b610a2ea088673b56c8e244929cd5c4449d10', 15, 1, 'mobile', '[]', 1, '2021-12-30 22:10:02', '2021-12-30 22:10:02', '2022-12-30 16:10:02'),
('8acc3e01f7d837d8a509afb484cb5e0dee7064617644d35d0c7f6101798036d7e3cf2cca60c045a1', 15, 1, 'mobile', '[]', 0, '2021-03-23 18:11:58', '2021-03-23 18:11:58', '2022-03-23 13:11:58'),
('8ad1fb6c646f411a5245da7461296b3c099332a78f6d5acf65844e94b0e4c2270a885535fbd34d0d', 4, 1, 'mobile', '[]', 1, '2022-01-31 00:20:22', '2022-01-31 00:20:22', '2023-01-30 18:20:22'),
('8b1c16f268ae75502c9572cc7ae4d44c4577197025ec549019d82ada7e01e9d7a858a9c38351e99f', 2, 1, 'mobile', '[]', 0, '2021-12-23 22:52:01', '2021-12-23 22:52:01', '2022-12-23 16:52:01'),
('8b41216c5365cbefcf541358bac44b57debc8c5af5e1f1c05972cd9fc0285d83b6dbc57702730c31', 1, 1, 'mobile', '[]', 0, '2021-12-02 18:17:54', '2021-12-02 18:17:54', '2022-12-02 12:17:54'),
('8b4c92a7af24941532dd1f038a5962f03ce1ee86bc2528b4f58da67a95aed06225da2043852c2f1d', 25, 1, 'mobile', '[]', 0, '2021-04-06 02:10:53', '2021-04-06 02:10:53', '2022-04-05 21:10:53'),
('8b6c4164b5d2e0755c53563cd1b9965c4dc95589703bd39bc1a53996cc60f30ca506a2878bc9d1fa', 23, 1, 'mobile', '[]', 1, '2021-03-21 17:35:52', '2021-03-21 17:35:52', '2022-03-21 12:35:52'),
('8b71ca3dee6e265ef22b921cd9ae41c3ecb4b611b969a87792e3ca850fa5163da464cde45687d30f', 12, 1, 'mobile', '[]', 0, '2021-02-24 02:43:12', '2021-02-24 02:43:12', '2022-02-23 20:43:12'),
('8b9d04a19d0efa2abae8853aabbf73f7005583c76dbf17dee0cc2c767739d2abd9814c8fb7989ccf', 12, 1, 'mobile', '[]', 0, '2021-03-14 17:05:04', '2021-03-14 17:05:04', '2022-03-14 12:05:04'),
('8ba3fc8e9a324124bb4e225cf0ff715e78c905676f775e2519918c2a0465b0ee919f8ba3e074e461', 2, 1, 'mobile', '[]', 0, '2022-01-02 19:10:53', '2022-01-02 19:10:53', '2023-01-02 13:10:53'),
('8bce63133b9509a7d84bd04fc89e303b5aa3c46475a26e1ddc1d1f998c2bd3395a7d3881a9b59cc4', 9, 1, 'mobile', '[]', 1, '2022-06-06 11:27:34', '2022-06-06 11:27:34', '2023-06-06 11:27:34'),
('8bd2803ea247a28dfcea20231c1725e0117936f8b1ddec3e38a146f8858e26ebe83617d55a48521e', 7, 1, 'mobile', '[]', 0, '2021-04-21 14:42:03', '2021-04-21 14:42:03', '2022-04-21 14:42:03'),
('8c0857261d05313471f6a0ae5d1429475b1f11969680b62ed1d20750e47ce5d4f1035aa842bf844a', 1, 1, 'mobile', '[]', 0, '2022-06-05 12:56:27', '2022-06-05 12:56:27', '2023-06-05 12:56:27'),
('8c529bfa7878612213a0b8af2fefe540b8574a4e3b92ca500dd405f634178b0a321fa98466bd1d87', 23, 1, 'mobile', '[]', 0, '2021-04-07 16:24:18', '2021-04-07 16:24:18', '2022-04-07 11:24:18'),
('8cae20072f00f414aa994924858e277c0b89e2ce41faae11bc65c2af5930d9c7313d03d1946dd5b4', 9, 1, 'mobile', '[]', 1, '2022-06-01 05:26:06', '2022-06-01 05:26:06', '2023-06-01 05:26:06'),
('8cf1d9b94892c5bf42aa9d6ca8fb75b02c8f1a3b0e4f5632d06f6de7e7d438db8b6e7a9cb3f1dbb9', 3, 1, 'mobile', '[]', 0, '2022-02-06 18:08:13', '2022-02-06 18:08:13', '2023-02-06 12:08:13'),
('8cffbc1d490336a5a9b300e3b9ea23d8204d2d59aa5fff6c92bdfa8da91b59a868db3025827616ab', 4, 1, 'mobile', '[]', 0, '2022-02-05 20:19:27', '2022-02-05 20:19:27', '2023-02-05 14:19:27'),
('8d15ea2243edf7dec72a3272a9a355849132a135ac40533fa35ef66a3443e9d1ede42ed034bf892b', 9, 1, 'mobile', '[]', 0, '2022-05-29 08:50:12', '2022-05-29 08:50:12', '2023-05-29 11:50:12'),
('8d1d7b4f6f2d5efe440d43eb7aa542c3f38dac9e2843c4f2f0e438fdfa77bdb8eeb33826f7220c86', 7, 1, 'mobile', '[]', 0, '2021-04-30 18:25:37', '2021-04-30 18:25:37', '2022-04-30 18:25:37'),
('8d3f2e3c9872e4b1048aa460cf2e2f4f03899bea914c7390e5c5a2b86f5482cf4b2714f56099c533', 7, 1, 'mobile', '[]', 0, '2021-04-21 14:13:47', '2021-04-21 14:13:47', '2022-04-21 14:13:47'),
('8d4cf26c6f97cfc298c5548bf67317bfb34fab3760d08d461e957239ab529429132dddeb703f87e6', 7, 1, 'mobile', '[]', 0, '2021-04-21 14:14:26', '2021-04-21 14:14:26', '2022-04-21 14:14:26'),
('8d5957a982139772024e6857a0c100fc1a503095811b5caf62563012d8427736da2f61a4193a4559', 2, 1, 'mobile', '[]', 0, '2021-12-22 19:35:51', '2021-12-22 19:35:51', '2022-12-22 13:35:51'),
('8d7886d0bd5023467825901fb2a34a40ed4e39bb71e20c055aa1c23bc5a345347eb44a8cf1512288', 2, 1, 'mobile', '[]', 1, '2022-01-03 22:00:58', '2022-01-03 22:00:58', '2023-01-03 16:00:58'),
('8d92097e132c1ce05cd3ec20ce41bd7ec89d56c509ada92fd7c857ca4072da8a174a7d4a654c883e', 2, 1, 'mobile', '[]', 0, '2021-12-16 17:58:53', '2021-12-16 17:58:53', '2022-12-16 11:58:53'),
('8d9226d69c4a7e7778605e3144a381fadb445fd66b5869f9528cf2abd16790ff5c02bc5a27da86d0', 1, 1, 'mobile', '[]', 0, '2021-12-07 03:57:02', '2021-12-07 03:57:02', '2022-12-06 21:57:02'),
('8db8f850dd39b81ec0c39aa1f8657bb864eb1ca0ae10afb4cd5c54978fc776fdfbb9ff668fe19e9d', 25, 1, 'mobile', '[]', 0, '2021-03-24 13:15:23', '2021-03-24 13:15:23', '2022-03-24 08:15:23'),
('8e12e120397721c8e661b5540491edd1290e81aa88d6ef488e351811c5ca07d7d5e2da94591378e1', 33, 1, 'mobile', '[]', 0, '2021-03-31 13:38:25', '2021-03-31 13:38:25', '2022-03-31 08:38:25'),
('8e316e7caabdb034924c2b0a82dfa99a457b1693437c55da91520e1b3f7fea3df8e76e4b54b1fd46', 15, 1, 'mobile', '[]', 0, '2021-12-28 15:40:54', '2021-12-28 15:40:54', '2022-12-28 09:40:54'),
('8e4c03310f92f4ab91cb60fb33037bd4fb15149cce7d254c29f156cd935690afc1840fa87e7dd522', 7, 1, 'mobile', '[]', 0, '2021-05-30 14:51:52', '2021-05-30 14:51:52', '2022-05-30 14:51:52'),
('8e523bbd0cd99e4f219d9b3bead426386bec7358df70a87c26ae3de5892359e9ac5afb074afbfafc', 1, 1, 'mobile', '[]', 0, '2022-06-08 11:32:26', '2022-06-08 11:32:26', '2023-06-08 11:32:26'),
('8e5e669226e7a170ca03128b7bd8920e3376d46693579e9176a11d68a074af6f954e49563d12d292', 4, 1, 'mobile', '[]', 0, '2021-03-07 14:46:51', '2021-03-07 14:46:51', '2022-03-07 08:46:51'),
('8e81f8353eb37b04e34c7e1503816deca64d5614e1cff73909fd90618971130d184f876e6fc27201', 23, 1, 'mobile', '[]', 0, '2021-03-21 20:18:18', '2021-03-21 20:18:18', '2022-03-21 15:18:18'),
('8ea597ce4e2dbc9318fb2229f2d8d4b2aae60dab8448bc479b5a62817aa92302152c12dc902c60bd', 7, 1, 'mobile', '[]', 1, '2020-06-06 20:00:36', '2020-06-06 20:00:36', '2021-06-06 13:00:36'),
('8eaa5c5d667dac61878dc3abc9530ab24f3a86c94c9bddd6ffd47784fa7a199d4674dccabc8a4c40', 9, 1, 'mobile', '[]', 0, '2019-12-05 00:53:24', '2019-12-05 00:53:24', '2020-12-04 17:53:24'),
('8ebd8c226ee352bb888c06b1b8c260f8bc9bcf8d63305a250267adaed07153036da51b93a1393e0e', 3, 1, 'mobile', '[]', 0, '2019-11-30 16:45:39', '2019-11-30 16:45:39', '2020-11-30 09:45:39'),
('8efa227ff9e674daf3cdb414c93c4aaed30936c688784f5c6b2edfeae388bfe7ee0e468e832d2353', 23, 1, 'mobile', '[]', 0, '2021-03-30 14:58:12', '2021-03-30 14:58:12', '2022-03-30 09:58:12'),
('8f3d0953c4eca67877ac15f08338eaf763992c884bad724518ecc10ea7424488812e48d12c8adec8', 9, 1, 'mobile', '[]', 0, '2022-06-05 12:50:25', '2022-06-05 12:50:25', '2023-06-05 12:50:25'),
('901b345c085e78e937cc544cc067e2b463d8aed6285e5020ba13038312156b6a55e014d8e51d8a3f', 1, 1, 'mobile', '[]', 1, '2022-06-07 06:15:36', '2022-06-07 06:15:36', '2023-06-07 06:15:36'),
('9068b113a6ae31770363802d89acd328ae8be9e1dc0beefc820c2295d6efa9b9ce4b7adb55e86352', 10, 1, 'mobile', '[]', 0, '2021-05-31 13:02:56', '2021-05-31 13:02:56', '2022-05-31 16:02:56'),
('90832be3dc65bf272eca7d34a48d572f059e47db21ecf96d849410711e5883efa74db893c2af8053', 27, 1, 'mobile', '[]', 1, '2021-03-24 19:40:00', '2021-03-24 19:40:00', '2022-03-24 14:40:00'),
('90989b9cd74027b62ca271c2949616cda59128bdbce679e3b35a08da0924e6aa81c3df93563d14de', 2, 1, 'mobile', '[]', 0, '2021-12-23 21:12:59', '2021-12-23 21:12:59', '2022-12-23 15:12:59'),
('9135dbb00038cd81bf32794a2dbe030672dd9a5519b52f2fca2fd58eea1b355cd082321ad3b2fff3', 15, 1, 'mobile', '[]', 0, '2021-03-25 00:43:34', '2021-03-25 00:43:34', '2022-03-24 19:43:34'),
('916f0c63e3b6fb2e42ab3d00d3779d782def41279be7d46ee970a12df8ece07ddc8f4989ed14edb5', 3, 1, 'mobile', '[]', 0, '2020-05-08 09:49:11', '2020-05-08 09:49:11', '2021-05-08 04:49:11'),
('91c0b8ba1f6cba7c2ab45b04b96009cd9780e32fe8f3501a6be43d2b366af184c1563acc402bca47', 23, 1, 'mobile', '[]', 1, '2021-03-21 17:28:20', '2021-03-21 17:28:20', '2022-03-21 12:28:20'),
('91ca2ce019eb5380482adf98f9399d1db540763fb63b8a86d450d0615c7980de7601e44583793439', 23, 1, 'mobile', '[]', 0, '2021-03-21 17:36:32', '2021-03-21 17:36:32', '2022-03-21 12:36:32'),
('91e02af6c83fda6fbdfdbea42b998d3568727bc43a54eae86237a27a0dc4bc24bb68d189b6188124', 9, 1, 'mobile', '[]', 1, '2022-06-01 11:48:05', '2022-06-01 11:48:05', '2023-06-01 11:48:05'),
('91e6efbbf1f8a7fb5c781aa83dc94434c08001faa89c14e55a43489cfd2e421a8452eed72cf2d96f', 19, 1, 'mobile', '[]', 1, '2021-03-17 12:14:12', '2021-03-17 12:14:12', '2022-03-17 07:14:12'),
('91f517f34663176368b140076ef4af8cd4e99e40c594dbd86925b60353cf812fa84ebf9e966f8690', 15, 1, 'mobile', '[]', 0, '2021-03-22 14:03:54', '2021-03-22 14:03:54', '2022-03-22 09:03:54'),
('92008daf90643ade1e23237f5bc8c89e1b9aaf53d425c6688e30e1ff22d20208a0c3e871cbe9c9eb', 2, 1, 'mobile', '[]', 0, '2022-01-03 17:22:53', '2022-01-03 17:22:53', '2023-01-03 11:22:53'),
('927c142fda922a95a9547c5f9eb6cb48b4758c7ef9ad41cd3c2fbfbb8cbb379767858d488d7b59ef', 15, 1, 'mobile', '[]', 0, '2021-03-08 19:55:53', '2021-03-08 19:55:53', '2022-03-08 13:55:53'),
('928d63646ba98e7fccab82e2c44d8bd34aaefe82845bf4c569cc9a9791a21f362aba9ba09b07eed6', 1, 1, 'mobile', '[]', 0, '2021-12-12 15:44:40', '2021-12-12 15:44:40', '2022-12-12 09:44:40');
INSERT INTO `oauth_access_tokens` (`id`, `user_id`, `client_id`, `name`, `scopes`, `revoked`, `created_at`, `updated_at`, `expires_at`) VALUES
('929fa0d0564f1b73e20a2f48d3d929340ee677f90b9c5208512129d591e36f068a8b8c53b6fcad45', 9, 1, 'mobile', '[]', 0, '2022-05-31 10:52:02', '2022-05-31 10:52:02', '2023-05-31 10:52:02'),
('92c9cf0379641db3f90c9c791a6f74f8adb870ca8503dc563daf854bfa4df5df83a22b3e8b9bc6d5', 16, 1, 'mobile', '[]', 0, '2022-06-06 07:11:08', '2022-06-06 07:11:08', '2023-06-06 07:11:08'),
('933b948647cec48bfafef9de8e3203ac16c59a4fe6a19c01d0c257bb6464718aa875bf69143f426f', 1, 1, 'mobile', '[]', 0, '2020-03-31 10:33:46', '2020-03-31 10:33:46', '2021-03-31 13:33:46'),
('936f7ec84070829479e917ad2ded66de5c5c35f068eea5b2e80e51fc787def5bee82be316ac156ee', 2, 1, 'mobile', '[]', 1, '2022-01-19 19:16:04', '2022-01-19 19:16:04', '2023-01-19 13:16:04'),
('93c774e6ef3f86fda9ca65dea15b37f887bfe61d130838e3efa5a74567513d7ac458f5181845ad03', 2, 1, 'mobile', '[]', 0, '2021-12-15 17:28:52', '2021-12-15 17:28:52', '2022-12-15 11:28:52'),
('93cd7100b519491f7db114b6298e659cb8343b63d5c40d217f7736a20506c9e0befccdec3475b66f', 1, 1, 'mobile', '[]', 0, '2021-12-05 19:36:24', '2021-12-05 19:36:24', '2022-12-05 13:36:24'),
('93f0c3836518a1890874d7b72bc024b519e5c8e1928dd6a77199b02ba36c23b09bf1c189eb6b8e8c', 3, 1, 'mobile', '[]', 0, '2020-04-26 21:11:55', '2020-04-26 21:11:55', '2021-04-26 16:11:55'),
('9405eb6fe6903fbd7634b60180ac7343628e22533f1fa62f552c2be54acc533bb44d84785adc8567', 7, 1, 'mobile', '[]', 0, '2021-04-23 18:32:42', '2021-04-23 18:32:42', '2022-04-23 18:32:42'),
('94252de4a53ec79b797c12ef420476b47c786127f3ccb9b77e76391f4ebe461e50f93bb5f2d48926', 2, 1, 'mobile', '[]', 0, '2022-01-18 21:50:00', '2022-01-18 21:50:00', '2023-01-18 15:50:00'),
('9488f822c0483df3fc92f2615a7d34600bbb8d190292f9e653d80bef501eecc86985739daa91cd41', 15, 1, 'mobile', '[]', 0, '2021-03-08 14:18:06', '2021-03-08 14:18:06', '2022-03-08 08:18:06'),
('949bf33e29a344b8412107d48d9ed69d7f6a8f7eecd22493fc530251aa6ade4d28414e12b7e982c9', 15, 1, 'mobile', '[]', 0, '2021-03-09 09:40:52', '2021-03-09 09:40:52', '2022-03-09 03:40:52'),
('949e267ead81186ab8f580f68df4453a9ad862d134a3c8ce8e76cbf11e56d1ed5b2e68da5a7b3bbd', 1, 1, 'mobile', '[]', 0, '2022-06-06 05:33:55', '2022-06-06 05:33:55', '2023-06-06 05:33:55'),
('94b65e95c524b4b73482ab59614034bb28490cf1a1187d3f64ecab974dd514ec3af13495a83b2df1', 14, 1, 'mobile', '[]', 0, '2021-06-15 12:29:35', '2021-06-15 12:29:35', '2022-06-15 12:29:35'),
('94ee0f0e75be0e795438a514775805d02794da38dd42a8c1d864b478edfb37a2b391ec88a67f7af9', 9, 1, 'mobile', '[]', 0, '2022-05-31 07:02:11', '2022-05-31 07:02:11', '2023-05-31 07:02:11'),
('94eea2e63af2563b8983a45a50123208e19fd6109e004fb2a4e21b2e59cca22487bbd4ade52c95da', 15, 1, 'mobile', '[]', 1, '2021-03-14 13:15:41', '2021-03-14 13:15:41', '2022-03-14 08:15:41'),
('94f092a7f055f3652c48cbd48ad385a841e895af3a29d2556480f4092e6f2035fed5a9722f054f3b', 7, 1, 'mobile', '[]', 1, '2020-06-07 05:43:53', '2020-06-07 05:43:53', '2021-06-06 22:43:53'),
('950401052fc746a69e1048490647b7e917d88fcbfd70d8136ef797d4146795ba0aae51ed1e9c0c7d', 23, 1, 'mobile', '[]', 1, '2021-03-30 11:55:46', '2021-03-30 11:55:46', '2022-03-30 06:55:46'),
('951471fc066b5eb32ed37c4717c3f0df811b42a82c3c919ecf9f05202b922a8a335eadc52eafc131', 2, 1, 'mobile', '[]', 0, '2022-01-11 05:33:44', '2022-01-11 05:33:44', '2023-01-10 23:33:44'),
('952a07dd07eeb25b23d10899d6e78d727fa995eb8df7127a84dde55776149bbfd15cb8610d4f0521', 7, 1, 'mobile', '[]', 0, '2020-06-03 17:51:23', '2020-06-03 17:51:23', '2021-06-03 10:51:23'),
('955ae22cb1efc2e0da02deebfb48a1e713a6a8db462cc9c877cb4382fd60230b56877b0ec3298458', 29, 1, 'mobile', '[]', 1, '2022-01-18 00:45:31', '2022-01-18 00:45:31', '2023-01-17 18:45:31'),
('959032a2777c65b1512a27356538afb864108f75a61a04ebb7e781b5e535d98d923e0cc14c40cf7a', 25, 1, 'mobile', '[]', 1, '2021-08-24 12:18:42', '2021-08-24 12:18:42', '2022-08-24 12:18:42'),
('95a6336de6d605fcfd2bd5e92a3e5974105581020604b13c76d2bad25790ba4cf6d245be58d8ce2b', 15, 1, 'mobile', '[]', 1, '2021-03-18 05:17:48', '2021-03-18 05:17:48', '2022-03-18 00:17:48'),
('95f45275c56b3b61b0232b9aca150d1e4dad7bdbaace86cb9599725ce7a4a7e470aa9bb81c28eca7', 15, 1, 'mobile', '[]', 1, '2021-03-20 21:40:19', '2021-03-20 21:40:19', '2022-03-20 16:40:19'),
('95fbfc776821347367dbe4e48c2fd038211ab5283b9ba77ed19a0d7652a05e358d7a1b891b551c98', 16, 1, 'mobile', '[]', 1, '2021-03-08 14:58:46', '2021-03-08 14:58:46', '2022-03-08 08:58:46'),
('9605285d4869feee26c3d3e92aa05bdd2dcda3f8b7237c850a1ca2ef646802d0cb7e88e97cc1df27', 4, 1, 'mobile', '[]', 0, '2021-03-09 13:14:43', '2021-03-09 13:14:43', '2022-03-09 07:14:43'),
('9622f91039545d636973d387165bb09def7d74988fd811381828562d57e667a6b9304cc28a632816', 15, 1, 'mobile', '[]', 0, '2021-03-23 16:21:00', '2021-03-23 16:21:00', '2022-03-23 11:21:00'),
('963d15f9d3999bd3fdecb00a6f9f9429062984d0a565976f42346cf2261db89befd22135dc04ca52', 1, 1, 'mobile', '[]', 1, '2022-06-07 06:37:07', '2022-06-07 06:37:07', '2023-06-07 06:37:07'),
('969148027ec88d6419b3a12801e74401b41155eaecd01cd803750974edca933278459260d599badb', 9, 1, 'mobile', '[]', 1, '2022-06-03 17:22:28', '2022-06-03 17:22:28', '2023-06-03 17:22:28'),
('96eeced53bd2ff77448f186819a510f07d03b6ef58b618b49604bcab3eb5fda7878269c2ac7b9a00', 2, 1, 'mobile', '[]', 0, '2021-12-23 17:39:35', '2021-12-23 17:39:35', '2022-12-23 11:39:35'),
('96f9dada7114324c28228b86d10639ec0cd1fe2be6f7ee7b629b938270d68d5a0a89d5b030e5cc72', 9, 1, 'mobile', '[]', 0, '2022-05-29 12:14:58', '2022-05-29 12:14:58', '2023-05-29 12:14:58'),
('972d5b208ba29f9b1dc14f3f957a97f044693c36009555252ef86899fc278890b23f6eb3e1c94c01', 7, 1, 'mobile', '[]', 0, '2020-06-11 18:31:04', '2020-06-11 18:31:04', '2021-06-11 11:31:04'),
('974a4eb9668eb9bd49f1122ab77228243a12202eb247d69e85c97f4340835c34450122df7e403541', 7, 1, 'mobile', '[]', 0, '2021-04-21 16:26:56', '2021-04-21 16:26:56', '2022-04-21 16:26:56'),
('97657c1d5156a9e1f2d20bf4bc4f15f5dbdd083923bcebff3503a269b1f6bd5c3c37af6fbf8bc445', 9, 1, 'mobile', '[]', 1, '2022-06-01 08:22:32', '2022-06-01 08:22:32', '2023-06-01 08:22:32'),
('97a4ae41b8e1977a16d20ce7615e545fe8ca0fb5a07b9dff33bad9c63aa1e828eb7f74e51ee18b2d', 16, 1, 'mobile', '[]', 0, '2022-06-06 07:25:54', '2022-06-06 07:25:54', '2023-06-06 07:25:54'),
('97ebb89b1edbfc54cccf32ab86111507666a4a36f6a657ce1c7a93b61aadbeb3bc4fbf041195d657', 14, 1, 'mobile', '[]', 0, '2021-06-09 14:14:28', '2021-06-09 14:14:28', '2022-06-09 14:14:28'),
('97f8ece010620f635f2c27cce7d092a5c65cced02b6d239b14711219b96370771afdd28216a8d567', 15, 1, 'mobile', '[]', 0, '2021-03-22 14:31:24', '2021-03-22 14:31:24', '2022-03-22 09:31:24'),
('9807fec2ab5079cb8c2077cf3a26ae50d956874b87c896df4d9fe3aad748e919751549715e6466cf', 14, 1, 'mobile', '[]', 0, '2021-06-09 13:04:01', '2021-06-09 13:04:01', '2022-06-09 13:04:01'),
('980ba505867cd4f47a4902b32fefcc40e44dc5a2708b65fe13b36e54478a15235ad378b359a50c08', 15, 1, 'mobile', '[]', 0, '2021-03-22 17:57:15', '2021-03-22 17:57:15', '2022-03-22 12:57:15'),
('98336d3b7f7bb5cfafaad5ddca4a257feea7b0384c33e59d366c4969d4ef1f54e2641452dc60681d', 12, 1, 'mobile', '[]', 1, '2021-03-17 11:52:29', '2021-03-17 11:52:29', '2022-03-17 06:52:29'),
('9838cb7dec5d788f4c12349fb15d7354b73a3dceed46129ac12ea65dbc0a8aef496b359c59b199ea', 15, 1, 'mobile', '[]', 0, '2021-03-22 13:09:40', '2021-03-22 13:09:40', '2022-03-22 08:09:40'),
('9889322fad2b99ea5a342d8c45094c236700b79aa0eecb8f5aa1e18b67f244d645bda8f009b94e2b', 1, 1, 'mobile', '[]', 1, '2022-06-07 06:05:07', '2022-06-07 06:05:07', '2023-06-07 06:05:07'),
('989d932600b4b9bd90de7bcc1ab487204af7c4325e6e2b569d86f01f6c128d3e295b00dd0f20e0b3', 12, 1, 'mobile', '[]', 1, '2021-03-04 20:13:35', '2021-03-04 20:13:35', '2022-03-04 14:13:35'),
('98d73f60e8e150714172cfca2dd6a6af94d4fec91844de794de826bebbf6296267843528e9032866', 10, 1, 'mobile', '[]', 0, '2021-06-09 09:50:15', '2021-06-09 09:50:15', '2022-06-09 09:50:15'),
('99069487954a23acc8cda018deb329268956bb5511266f75a3cf13708770ff0d6e1c46033448d8a1', 15, 1, 'mobile', '[]', 1, '2021-03-17 17:32:08', '2021-03-17 17:32:08', '2022-03-17 12:32:08'),
('996741ea5dad31b4a700e44b5ec6f5c245c0eaca4f2321bdfd21ca55d57c84eeec5676ea47ba3290', 12, 1, 'mobile', '[]', 0, '2021-03-17 11:58:57', '2021-03-17 11:58:57', '2022-03-17 06:58:57'),
('99c87d88ae5ffc7cb703e9cd4b0a8a693e8a869db49d57d33b1d966da7ffb4c8ab80c02a82508bf1', 7, 1, 'mobile', '[]', 0, '2020-06-10 22:24:20', '2020-06-10 22:24:20', '2021-06-10 15:24:20'),
('99d989dcf73b053e05c369dd84782a9031b03a31a1be7b4c0642f1cf37115ae032032474323150b6', 1, 1, 'mobile', '[]', 0, '2019-12-09 18:13:14', '2019-12-09 18:13:14', '2020-12-09 11:13:14'),
('9a21d055c7080f838e029d4c60e4d4f9c55540b6b123e171985b5de9ff9f6e484a5251c01c93b03c', 12, 1, 'mobile', '[]', 1, '2021-03-17 11:59:23', '2021-03-17 11:59:23', '2022-03-17 06:59:23'),
('9aa6550f43fafaad593d60ade0639568f5b8de421603857dbb6cd0689e0c3ad3377817434d6fcdc6', 25, 1, 'mobile', '[]', 1, '2022-01-09 21:58:55', '2022-01-09 21:58:55', '2023-01-09 15:58:55'),
('9ab9d6ab5d420af4d3d5a918ce706aab15ea65675cb1b04de86c023fb991822191db6cf77504d781', 9, 1, 'mobile', '[]', 1, '2022-06-06 10:46:07', '2022-06-06 10:46:07', '2023-06-06 10:46:07'),
('9acbca6213e72e1d7ba1d05046b716f2f2945d02c38af5d5e03cf228db8c353854de6263ee573eaf', 1, 1, 'mobile', '[]', 0, '2022-05-16 09:55:19', '2022-05-16 09:55:19', '2023-05-16 12:55:19'),
('9ae9c5c51bac09b4be288a7ae2a392486a546b07d11d93feecc499da8cdcc55f53614ff392b8b65b', 1, 1, 'mobile', '[]', 0, '2021-12-05 17:51:34', '2021-12-05 17:51:34', '2022-12-05 11:51:34'),
('9b10571670d14919a42b61eddc1531fae2e5eba58cd87b65b6b9eae94f119ef29ab11084ce745626', 1, 1, 'mobile', '[]', 1, '2022-06-08 07:01:50', '2022-06-08 07:01:50', '2023-06-08 07:01:50'),
('9b2542d084fe6a443886b2e1fe3ae73fe6b0a392baf7a0958b6195522425cd6254f066d6fbcef19e', 5, 1, 'mobile', '[]', 0, '2022-05-16 09:00:57', '2022-05-16 09:00:57', '2023-05-16 12:00:57'),
('9b3ec8f8efba3e69e4622843e3ed3137c6e152bd244a6d56e9a3d4007e99fbcdb9a164e0dca9d65d', 3, 1, 'mobile', '[]', 0, '2019-11-28 22:39:31', '2019-11-28 22:39:31', '2020-11-28 15:39:31'),
('9b664e7d243659f541d29123aeca960248b7ab4caa928fa7e2a60600b8504ac4d1d7160051d86f6f', 1, 1, 'mobile', '[]', 0, '2021-03-16 17:30:43', '2021-03-16 17:30:43', '2022-03-16 12:30:43'),
('9b6afe40d6a0df0227008412a56b78701c9b1a5079d14e0ea396dfc3cd9588bb16423ef6f36d31db', 3, 1, 'mobile', '[]', 0, '2020-04-27 22:08:07', '2020-04-27 22:08:07', '2021-04-27 17:08:07'),
('9b8f6f3db3632f97992b6dbfe5a14068f1c2f4165afa2f9b13f27d064131490458b3a7d7f07a431e', 28, 1, 'mobile', '[]', 0, '2021-03-24 20:04:08', '2021-03-24 20:04:08', '2022-03-24 15:04:08'),
('9ba4d768d93a4272f92ba6d670a88bb889fcc115e1035c9cdece208f83b9eba2d481b54771482790', 3, 1, 'mobile', '[]', 0, '2020-04-28 22:25:45', '2020-04-28 22:25:45', '2021-04-28 17:25:45'),
('9bb42560323ddd31016de7759bc25efbd1926d20bba7963342d6c65bcfe5bbea9a9e1f719d214db0', 14, 1, 'mobile', '[]', 1, '2021-08-24 12:38:17', '2021-08-24 12:38:17', '2022-08-24 12:38:17'),
('9bce9fd565001071cfe774649bb61a5ea6be141fd3721c6765579996777f862fb74bde67ca9abfa1', 1, 1, 'mobile', '[]', 0, '2021-11-28 13:24:28', '2021-11-28 13:24:28', '2022-11-28 15:24:28'),
('9c04bb6e97bf87fe9972c2736466ca9dafc6e689e02c1c49080ab0ee3b125134cad4e20e8ab50bd8', 2, 1, 'mobile', '[]', 1, '2022-01-19 01:38:00', '2022-01-19 01:38:00', '2023-01-18 19:38:00'),
('9c2b78e8b7aa591ebd90f151ce23db501239afe188261100ce36453425a54cb67eeb498ad8001f3d', 1, 1, 'mobile', '[]', 0, '2021-11-28 13:27:02', '2021-11-28 13:27:02', '2022-11-28 15:27:02'),
('9c417e7956be0ca0bbc129ca6461d41cdca22c38a015a196a812be4de43310f7dffa6ab574eedf08', 24, 1, 'mobile', '[]', 0, '2021-03-23 11:39:34', '2021-03-23 11:39:34', '2022-03-23 06:39:34'),
('9c718a5e5c8a6dd9c9c988a4a96c3f5f4ca5cf649d8b8d91ea70140e8357ad1914df8fd318748eb4', 18, 1, 'mobile', '[]', 1, '2022-01-12 21:05:14', '2022-01-12 21:05:14', '2023-01-12 15:05:14'),
('9ca59b5cd3ab2bf56d61e351227f45f14fdf0c358f2f91d76f47358b72391b6559be8bcd961fe522', 2, 1, 'mobile', '[]', 1, '2022-01-19 01:02:38', '2022-01-19 01:02:38', '2023-01-18 19:02:38'),
('9cc002e192e16e9a2d7bcf02ecacb454557db8cba6f399d0a218978c482c26c1c6a66a45c2e78e25', 2, 1, 'mobile', '[]', 1, '2022-01-02 19:17:47', '2022-01-02 19:17:47', '2023-01-02 13:17:47'),
('9d76226d62d05405786fd52f195ad3a85412999b1b5893c32ed05a40fe413c306caafb864661760d', 9, 1, 'mobile', '[]', 0, '2022-06-01 08:20:16', '2022-06-01 08:20:16', '2023-06-01 08:20:16'),
('9d9c40c2e9d92616e9ca633199ff9e79c89f32ec616a809e45a349e906c4702e72dc4844156585b5', 3, 1, 'mobile', '[]', 1, '2022-01-26 17:19:08', '2022-01-26 17:19:08', '2023-01-26 11:19:08'),
('9df0007cdc73fb4046f85ab5f39f37495488ea5f57f72e3760e6a74be6ea46ad6cddb32d825b3efe', 10, 1, 'mobile', '[]', 0, '2020-06-18 17:21:00', '2020-06-18 17:21:00', '2021-06-18 10:21:00'),
('9e0be4522f21d56b33936fe6e6c72610da88b03a669af368e68e08b9eab540c8a566684f0d07a7fd', 27, 1, 'mobile', '[]', 0, '2021-03-24 19:38:29', '2021-03-24 19:38:29', '2022-03-24 14:38:29'),
('9e3d853e77ccda023991a3f4597c7c42c0c329529e4fcaa024a077641072179f551acca9a27498c7', 23, 1, 'mobile', '[]', 1, '2021-03-21 17:29:13', '2021-03-21 17:29:13', '2022-03-21 12:29:13'),
('9e6d0c314ae4394e8ee3c880c811921f46c31cba4142dd46a6ddd0faa1cf175124b61911fd2929a3', 1, 1, 'mobile', '[]', 0, '2022-05-16 09:15:33', '2022-05-16 09:15:33', '2023-05-16 12:15:33'),
('9e9919da584fdd8e8e3725193493849abd2709e787ecb9d9ff6afadaee7014a3b95289f4ea867b31', 7, 1, 'mobile', '[]', 0, '2020-06-11 18:31:46', '2020-06-11 18:31:46', '2021-06-11 11:31:46'),
('9ec0ff37c8c611fde79ee19fb2d82ce617ff94d6f852571ab4945bf8847bcba0abc54d9a6b9c11b4', 7, 1, 'mobile', '[]', 0, '2021-05-30 14:23:41', '2021-05-30 14:23:41', '2022-05-30 14:23:41'),
('9ed7504b43fe3c02aca4b0893ef655db8f60e32d3b7701e6c56e91cae46429b40374f6d30a17d928', 1, 1, 'mobile', '[]', 0, '2022-06-01 05:27:12', '2022-06-01 05:27:12', '2023-06-01 05:27:12'),
('9ef1a1a9308481fbf643177e09345fb605b2f5c90f6c97e3441f4c1d22f901caf96ad83a33e7ef51', 4, 1, 'mobile', '[]', 0, '2021-03-22 14:53:49', '2021-03-22 14:53:49', '2022-03-22 09:53:49'),
('9f2ed0921c3e9a6e1d62bc5daad97480759c9695497dde510bf5616e443d76fc9ee663fdf1547ca2', 10, 1, 'mobile', '[]', 0, '2021-06-09 09:27:46', '2021-06-09 09:27:46', '2022-06-09 09:27:46'),
('9f631aaeba023255bdf7f1dd9c5e201ab965a862e2332fa6fdd934972f5c5b800eac7bddc6f4c734', 13, 1, 'mobile', '[]', 1, '2021-12-27 16:58:39', '2021-12-27 16:58:39', '2022-12-27 10:58:39'),
('a01ae6af3506adcfed6f9c19e5d1c8ad6874e5859fd4bb90ec9d50a138391baef730983acb761c75', 15, 1, 'mobile', '[]', 1, '2021-03-07 17:21:08', '2021-03-07 17:21:08', '2022-03-07 11:21:08'),
('a037e2c156336241224f91eb4c991b5012ac5372f86f46a415d486202ee87eaba865ef7264b32f40', 23, 1, 'mobile', '[]', 0, '2021-03-17 22:45:25', '2021-03-17 22:45:25', '2022-03-17 17:45:25'),
('a0d782e96d4aac2d43205e592e3a7b9073d55df52971a8f5fa967673bdc52fb1f7ca2b0d92d29535', 2, 1, 'mobile', '[]', 0, '2021-12-20 16:22:39', '2021-12-20 16:22:39', '2022-12-20 10:22:39'),
('a0ddde29807bb7e04554193b9128a37db1594c2ce9be4e8bd07878b936a4e9e68338c73409ee77e4', 7, 1, 'mobile', '[]', 0, '2021-04-21 14:03:15', '2021-04-21 14:03:15', '2022-04-21 14:03:15'),
('a0eb6170fc796ef7f8e2134e6bea987d34a89f836ee309f511d6f4852a33cedcb8d7d8d84a434dc0', 6, 1, 'mobile', '[]', 0, '2021-04-21 13:01:47', '2021-04-21 13:01:47', '2022-04-21 13:01:47'),
('a1540f2d051e1c3afa6aa0619083c56876269f417dbf325a879b318b5bfd3eb14ce350bdac4da3e2', 2, 1, 'mobile', '[]', 1, '2022-01-20 16:40:29', '2022-01-20 16:40:29', '2023-01-20 10:40:29'),
('a18faf94a1da0299e298b3e63f4439c30a080ba5eee6c1a73b278a73c505741fe71565765b8f9a0d', 14, 1, 'mobile', '[]', 1, '2021-03-15 18:04:37', '2021-03-15 18:04:37', '2022-03-15 13:04:37'),
('a1cdee5c6348db1686691b193ecbd5218bb547ed0cb8ae6a80dada67064ac51c4b20f33d3e38846e', 10, 1, 'mobile', '[]', 0, '2021-06-21 15:00:05', '2021-06-21 15:00:05', '2022-06-21 15:00:05'),
('a24471bd2c7fe8a0934c561df69c770eaacc8ecbd93c4f4c3fa3ef203bd856868d34a326a328f993', 2, 1, 'mobile', '[]', 0, '2021-12-14 19:15:48', '2021-12-14 19:15:48', '2022-12-14 13:15:48'),
('a2710117c918b8c54c03c5b73b0612dab17b906c00bf03f896962f4b77a065f86c92b727a9a31326', 1, 1, 'mobile', '[]', 0, '2022-06-07 06:01:21', '2022-06-07 06:01:21', '2023-06-07 06:01:21'),
('a296169ad4209487d502d4a71089f41ba89d9824d941f0f50fd576a775205196c5d44b3efd13dc6d', 2, 1, 'mobile', '[]', 1, '2021-12-30 22:03:24', '2021-12-30 22:03:24', '2022-12-30 16:03:24'),
('a2b4c5b16190c9d03652b0e1680846227e8b5833ca546ed3627cf21494b7e0a45c2eb7ed451fee63', 2, 1, 'mobile', '[]', 1, '2021-12-27 16:55:13', '2021-12-27 16:55:13', '2022-12-27 10:55:13'),
('a2c35c471f31b629b3c1e9148f68d80fd01f3f1fda682fa6db9d03fcb5e64661917b9a0e89b2e50f', 1, 1, 'mobile', '[]', 1, '2022-06-08 06:51:56', '2022-06-08 06:51:56', '2023-06-08 06:51:56'),
('a2ce3cabba037756c093c14ec94abb0292a93d88e614a26fa1da532470ff436016ccf6af152550bd', 7, 1, 'mobile', '[]', 1, '2020-06-07 05:01:53', '2020-06-07 05:01:53', '2021-06-06 22:01:53'),
('a2cfbf8495be69a49c64a62389a6a1d0a8108dfee9e1b125d0567b6ff2bbadbb4957a30d4f63b6f9', 9, 1, 'mobile', '[]', 0, '2022-06-05 11:06:42', '2022-06-05 11:06:42', '2023-06-05 11:06:42'),
('a2e4272fb7c178d225a5f6bb164b51c5f989fc33e187dfac82919ad16c6e60bff9d1c86146305ade', 15, 1, 'mobile', '[]', 1, '2021-03-09 09:36:33', '2021-03-09 09:36:33', '2022-03-09 03:36:33'),
('a2ff3aeb4cdc0c52fc4e4a1f3b242013d7bc9a1f44f7a110f97d142bb1471d76b2896a2c165b1b49', 2, 1, 'mobile', '[]', 0, '2021-12-22 18:33:07', '2021-12-22 18:33:07', '2022-12-22 12:33:07'),
('a300f2bb98243906209579224a2d4e1b0510d72592375bc6ce8d00e5ebf5c0a2a59acf94f57f48a2', 17, 1, 'mobile', '[]', 0, '2021-03-16 09:37:48', '2021-03-16 09:37:48', '2022-03-16 04:37:48'),
('a319afe1e8f506239c77160913246b068bde76b4e0c90375fd364c6a284f4f401be16eac00803047', 9, 1, 'mobile', '[]', 1, '2019-12-05 20:51:19', '2019-12-05 20:51:19', '2020-12-05 13:51:19'),
('a32cfd96649eba31d9d99d3bb7eec06e7d3a1f60bd3404a47a2263f4ef734e804df077a527096db9', 4, 1, 'mobile', '[]', 0, '2022-05-26 03:21:58', '2022-05-26 03:21:58', '2023-05-26 06:21:58'),
('a38a84a498a9c7404434983a91658a005e348749836068ea1068ee8fe8296636962b32d81862e4fb', 15, 1, 'mobile', '[]', 1, '2021-03-08 20:23:28', '2021-03-08 20:23:28', '2022-03-08 14:23:28'),
('a3afc742a50d92c8ade4cae3156bcd1a3d13e1a69245954359e5447d15aa2f9e12ac562692c7fc94', 14, 1, 'mobile', '[]', 0, '2021-06-09 13:15:41', '2021-06-09 13:15:41', '2022-06-09 13:15:41'),
('a3b41f98494a8ef29f452541f7740ed96dd29db874a3a5a59c1e2cd5abbae5c093e95e8f38208dc4', 17, 1, 'mobile', '[]', 1, '2021-03-17 19:50:55', '2021-03-17 19:50:55', '2022-03-17 14:50:55'),
('a41db4769f541f66d22faebd86136e6bdcda6618a229a76845ffb44f2657daa35af802686f262dba', 1, 1, 'mobile', '[]', 0, '2022-05-16 09:10:55', '2022-05-16 09:10:55', '2023-05-16 12:10:55'),
('a427b29795e4c779c34f91913e9558ff6d7c299ca47c92bc320270456bb9786b76b5fa2342ba6ba0', 12, 1, 'mobile', '[]', 1, '2021-03-04 21:28:44', '2021-03-04 21:28:44', '2022-03-04 15:28:44'),
('a42ffa224f596cc5ece58e0c88b02c5ca5d1cb4d612c5c930bfbb93e7c09ca6cd84c8e7b5d874b1f', 7, 1, 'mobile', '[]', 0, '2022-05-24 03:10:39', '2022-05-24 03:10:39', '2023-05-24 06:10:39'),
('a436f1aff2f051ceaec3cc37d1983685bdf0157cf4f48e946bfe2f7419b636f6bec95a23bb02b376', 1, 1, 'mobile', '[]', 0, '2021-12-09 23:03:10', '2021-12-09 23:03:10', '2022-12-09 17:03:10'),
('a46469bb9400c27089da6067282a329744f46bdbe615bca74e48b44c1fc527c5a3ae952ac558f15c', 1, 1, 'mobile', '[]', 0, '2021-02-07 05:33:47', '2021-02-07 05:33:47', '2022-02-07 07:33:47'),
('a480dabb801acd430dcc1973f87d14efafc94ee93b72fa3c89a5fb8e7878b8deb0a5b44c4910298b', 2, 1, 'mobile', '[]', 1, '2022-01-18 00:38:23', '2022-01-18 00:38:23', '2023-01-17 18:38:23'),
('a4daaaf893f97d4608c300ae48355a0c1adff3be089565c310a70654837a95fbab4cd05c09594ca8', 9, 1, 'mobile', '[]', 0, '2022-05-30 13:01:01', '2022-05-30 13:01:01', '2023-05-30 13:01:01'),
('a577ffaae871b6b3681ace3daade9bb8df42de5594c359058df896a3ffdf880c01c0b8c296321964', 15, 1, 'mobile', '[]', 1, '2022-01-16 18:41:33', '2022-01-16 18:41:33', '2023-01-16 12:41:33'),
('a5f6a22fe293c81bb096bb22c9f671c999dde835e347e70fc894124d485fbb66c99edb11df433199', 1, 1, 'mobile', '[]', 0, '2021-12-06 17:06:46', '2021-12-06 17:06:46', '2022-12-06 11:06:46'),
('a65fc7124e275ce19042abcc33d6e74628f59cf2f6e0f0d8d496be24600829135c3dd4688cbc8270', 23, 1, 'mobile', '[]', 0, '2021-03-28 13:51:54', '2021-03-28 13:51:54', '2022-03-28 08:51:54'),
('a66fac3bca2ee103b0d031597291815750b8f9b33e577254ec47eb8b0a579e88f779c9f5bbc8273f', 1, 1, 'mobile', '[]', 0, '2021-12-07 16:39:11', '2021-12-07 16:39:11', '2022-12-07 10:39:11'),
('a68f9163fc9f57e6eeddecb0a634add2d08448b666bf9c92df063084ed77034aedad00802bb1934f', 29, 1, 'mobile', '[]', 1, '2022-01-18 00:49:17', '2022-01-18 00:49:17', '2023-01-17 18:49:17'),
('a6d38b395f8095421404d8df60849f280e7ab307f7f44564850776f52e99d069cdeb26ba512028fc', 2, 1, 'mobile', '[]', 0, '2020-04-26 20:26:38', '2020-04-26 20:26:38', '2021-04-26 15:26:38'),
('a6ea436985a911693e0a5cb5078e4c92f723d4d67962a92ad20f35bba2f55c2eeb2b0bb220820c6e', 29, 1, 'mobile', '[]', 1, '2022-01-14 22:58:04', '2022-01-14 22:58:04', '2023-01-14 16:58:04'),
('a74f5f972806b3b7f530fa554abd884a3cabd2965a567accc7baeb15e480220240551ca66bbec368', 2, 1, 'mobile', '[]', 1, '2022-01-20 19:50:40', '2022-01-20 19:50:40', '2023-01-20 13:50:40'),
('a7a497288dc63b636bf11a67371e0b74b86e09d5c3261f97ceaff6825a3a1abd143d6faa0530dced', 6, 1, 'mobile', '[]', 0, '2021-04-21 13:02:02', '2021-04-21 13:02:02', '2022-04-21 13:02:02'),
('a7c7d63162e0b651851c313cc95b826760c3d6964831bb8f3935306f7a4329803573f50a93b1974d', 2, 1, 'mobile', '[]', 0, '2021-12-23 18:00:31', '2021-12-23 18:00:31', '2022-12-23 12:00:31'),
('a7e6c8dafdd9d9c93e662303343141a22e1b6e91bac889b6800395f1aa941e5f2968321325688ccf', 7, 1, 'mobile', '[]', 0, '2021-04-21 14:04:21', '2021-04-21 14:04:21', '2022-04-21 14:04:21'),
('a816c2b3163ec2aa3747d595248538a3ab05caca317f9424f4d7839373f104bdcbe291d22b1db21b', 17, 1, 'mobile', '[]', 1, '2021-03-14 12:05:29', '2021-03-14 12:05:29', '2022-03-14 07:05:29'),
('a81d2dd0305906c6c1025fa36d95f81383930988c274a3fba18edc5a335af4198344d0e2dc583261', 25, 1, 'mobile', '[]', 0, '2021-04-06 02:26:01', '2021-04-06 02:26:01', '2022-04-05 21:26:01'),
('a829b38c5d1a38e9f6b35a36197bbb317301a486fc71f9a8746aa0d466e1be3b3f03f15d5c8da639', 1, 1, 'mobile', '[]', 0, '2022-05-24 05:02:52', '2022-05-24 05:02:52', '2023-05-24 08:02:52'),
('a839c582def2e6a812a8a8bb45e374cfa00aa7a445bb05fea0d876bce0c03d56b61b593f21a53d0c', 32, 1, 'mobile', '[]', 1, '2021-11-10 11:22:48', '2021-11-10 11:22:48', '2022-11-10 14:22:48'),
('a860b4f92ea97367d59586a39b1022361ba791380ca1be27cb6f7981d208a071fec337bf65b6d209', 12, 1, 'mobile', '[]', 0, '2021-03-16 17:20:25', '2021-03-16 17:20:25', '2022-03-16 12:20:25'),
('a87621cc82368f4f924be24d586c02d9705ac9045bb200075367fa2c54f25813b90f410dc70af067', 9, 1, 'mobile', '[]', 1, '2022-06-08 12:30:09', '2022-06-08 12:30:09', '2023-06-08 12:30:09'),
('a88eeb70138f44cac0ed068276507de9690b82bf7db1615ba947ba4e5c0ad76ff36bad03b464e4fe', 7, 1, 'mobile', '[]', 0, '2020-06-11 18:31:04', '2020-06-11 18:31:04', '2021-06-11 11:31:04'),
('a894cd29f46049951a85457f67cdcc1fd6da549168a6daabbe9b05f64dc65284ae9d7d1aedbdb8c6', 9, 1, 'mobile', '[]', 0, '2022-06-04 15:28:07', '2022-06-04 15:28:07', '2023-06-04 15:28:07'),
('a91f41f46b9a723f81a084d17c77eed47999ec48b519e091770371bd25ce7db3b003572dfc624835', 5, 1, 'mobile', '[]', 0, '2021-04-21 13:00:58', '2021-04-21 13:00:58', '2022-04-21 13:00:58'),
('a974e857b13359e1ebbaff2899a9f9c945ea858708f6606d585316b5bd160b335fc60c3d764f4709', 15, 1, 'mobile', '[]', 0, '2019-12-18 02:01:00', '2019-12-18 02:01:00', '2020-12-17 19:01:00'),
('a98b3e3ad80ebbfee41a8e9c9b70fc9715145fcf71deef11493310ea41a39d186a5fb0b1c048a3f2', 2, 1, 'mobile', '[]', 0, '2021-12-22 19:37:49', '2021-12-22 19:37:49', '2022-12-22 13:37:49'),
('a995cb018815c16eba69651d43d472a6f36f4d9a5d530a25f6aea8a918eabf6e17b7af50676cae7e', 2, 1, 'mobile', '[]', 0, '2021-12-29 21:31:45', '2021-12-29 21:31:45', '2022-12-29 15:31:45'),
('a9b7d8fefae2279b882fce745b8cff26b5c472fee9ca7a6222d9d5623e94fac905cacbfa41876603', 15, 1, 'mobile', '[]', 1, '2021-03-14 15:44:51', '2021-03-14 15:44:51', '2022-03-14 10:44:51'),
('a9e34fcc30d44cfdcee072f9bd1ef9c289dd3cc64abad58a06d9d44e5134e5ebb72acfd492916d57', 12, 1, 'mobile', '[]', 1, '2021-03-16 19:26:27', '2021-03-16 19:26:27', '2022-03-16 14:26:27'),
('aa494c4ce33805f1301dc145e770669f23e7c76c50b55285a55eef7913ae3a3399ec77c7942e31aa', 9, 1, 'mobile', '[]', 0, '2022-06-09 11:16:08', '2022-06-09 11:16:08', '2023-06-09 11:16:08'),
('aa94d2f1f3c87fc5d3633ba063c48bc24f355344a1cc28883ad0586d3ceff00a0a90e25c1cfa9167', 1, 1, 'mobile', '[]', 0, '2022-06-01 05:54:43', '2022-06-01 05:54:43', '2023-06-01 05:54:43'),
('aa94d50f042f2555798ffcc2ab6cab8b644122b455b2fe885f65c289e05e8c958a62ffa58db50341', 9, 1, 'mobile', '[]', 0, '2022-05-31 07:09:59', '2022-05-31 07:09:59', '2023-05-31 07:09:59'),
('aad3aa924d4e6c7acc7c8590df9179523699aa3617c2523f3415e44f52f03d3bd4fe4499cc4da479', 18, 1, 'mobile', '[]', 0, '2021-03-31 11:21:42', '2021-03-31 11:21:42', '2022-03-31 06:21:42'),
('aafd58bc984c66a9f83e5bce67daf1c9b70c0b053718d3bde4ecde0692036b3f0bc5c2f7af7b432e', 35, 1, 'mobile', '[]', 1, '2022-01-19 17:33:21', '2022-01-19 17:33:21', '2023-01-19 11:33:21'),
('ab1c6df1d4ab89c746a89e358f29b9b29720a6e8973b40efc67fd84659aa814acff51f1b8e12a3ff', 2, 1, 'mobile', '[]', 1, '2022-01-12 20:43:55', '2022-01-12 20:43:55', '2023-01-12 14:43:55'),
('ab6268f0458e30fa7abedc842cca0f8f2e0402153ab676a8e902220c5ccfd9f5cc63d4b8fd127e5b', 2, 1, 'mobile', '[]', 1, '2021-12-30 17:54:31', '2021-12-30 17:54:31', '2022-12-30 11:54:31'),
('ab99acd37356f15d56bb3b4d47e06a8e363663c47775a8d360c22965176e73bc4fa614c54564dc0f', 23, 1, 'mobile', '[]', 0, '2021-03-31 09:51:30', '2021-03-31 09:51:30', '2022-03-31 04:51:30'),
('abaa44e8190a86789faa21dd2a4b783888049b4a4fce42af9b46207ef8e4919c5ff3ceb8a3ec8b3e', 31, 1, 'mobile', '[]', 0, '2021-03-31 11:33:46', '2021-03-31 11:33:46', '2022-03-31 06:33:46'),
('abbe4f6c7dff1d8244a9d925449b9888af37dc97cea20156910c307d18057ef52a52cc7f4f1b1bcb', 31, 1, 'mobile', '[]', 0, '2021-11-10 02:40:21', '2021-11-10 02:40:21', '2022-11-10 05:40:21'),
('abc2b211e6dc29cb7161f62387e9995eb453bf8d72e20443a1146223ce5d6dd8aefdb4022d6943ac', 6, 1, 'mobile', '[]', 0, '2021-12-02 20:47:45', '2021-12-02 20:47:45', '2022-12-02 14:47:45'),
('abdda27996edb95c120619ab44f3d795fff302ba6c095d9dd446bef469397f7a5e311e3c26a46f53', 8, 1, 'mobile', '[]', 0, '2019-12-12 20:42:56', '2019-12-12 20:42:56', '2020-12-12 13:42:56'),
('ac00ac9b582a45e97c35d893eaee36be26f036112270aa58306e794fc2a0b2190405da8b8125668b', 17, 1, 'mobile', '[]', 1, '2021-03-29 11:07:11', '2021-03-29 11:07:11', '2022-03-29 06:07:11'),
('ac0c682077b37108b708ddea49add0110e33ce52c7dda9bfc1e1e68d8af6d46f9d8b55c699673c98', 1, 1, 'mobile', '[]', 1, '2022-06-07 06:45:18', '2022-06-07 06:45:18', '2023-06-07 06:45:18'),
('ac0f005f321df3843926cb3bc62bebabddfd06bc140efdaf84e7c28ae0a69f9543edf181d8f27abd', 29, 1, 'mobile', '[]', 1, '2022-01-18 00:37:35', '2022-01-18 00:37:35', '2023-01-17 18:37:35'),
('ac15b09aea934bfd54c4d5ae1f1ea3b1b066b6be8b4d54cce0f748a6669ea3fa5536335616a2a83c', 9, 1, 'mobile', '[]', 1, '2022-06-01 08:37:37', '2022-06-01 08:37:37', '2023-06-01 08:37:37'),
('ac2cf4c8eb66a83c616a50411ba165dfb20ebcb5bfdcac60d7a224582a099fcf44a2dc9d0f2b911f', 10, 1, 'mobile', '[]', 0, '2021-06-17 10:07:13', '2021-06-17 10:07:13', '2022-06-17 10:07:13'),
('ac4829af1ab976547efcb1b5a923a329ac593d1a5967e2cbba9c9c5978d0992cf37f725abe203d4d', 15, 1, 'mobile', '[]', 0, '2021-03-22 17:45:14', '2021-03-22 17:45:14', '2022-03-22 12:45:14'),
('ac502d321912b931fdc2a00ddaf27eab564cda2694571ce0a947a29951feaca55c47f58fa47b9655', 15, 1, 'mobile', '[]', 1, '2021-03-14 13:17:30', '2021-03-14 13:17:30', '2022-03-14 08:17:30'),
('ac7c0e6d08eb5d69e05a7d2fb0c228b78a45f9ee7a446d4e6ff1cae87a06b4cd8db841cbe2c7e173', 2, 1, 'mobile', '[]', 0, '2021-04-17 17:29:54', '2021-04-17 17:29:54', '2022-04-17 17:29:54'),
('acad3d7332aee53623d0e70b603a9b4f1718528c4b748b4c3f7cdd9fbde85ce84ff11641ec260c68', 23, 1, 'mobile', '[]', 1, '2021-03-23 04:56:55', '2021-03-23 04:56:55', '2022-03-22 23:56:55'),
('acb5561e1f3e90218c698dee106721be8a0a743f915786a38c8a64bbb24d2443e9cb96f063f86abc', 17, 1, 'mobile', '[]', 1, '2021-03-16 12:58:23', '2021-03-16 12:58:23', '2022-03-16 07:58:23'),
('acdc7f6ce15221c4d370197e2653b4b2d0507580ed3db538a41262496a5c3b743129ec69592a1e64', 15, 1, 'mobile', '[]', 1, '2021-03-08 16:07:28', '2021-03-08 16:07:28', '2022-03-08 10:07:28'),
('acf6e49b77d8d6f504685834f684d1b4e78add56038669e303146108ffb00b5b57d8c7b5fddb0b85', 3, 1, 'mobile', '[]', 0, '2019-12-11 03:13:32', '2019-12-11 03:13:32', '2020-12-10 20:13:32'),
('ad02d0fad5165d157f8be8ecfd2b562aca037c238644780fc1d767d7f0b2a8e2006f55a4530d863a', 2, 1, 'mobile', '[]', 0, '2021-12-15 15:38:26', '2021-12-15 15:38:26', '2022-12-15 09:38:26'),
('ad0b72c8c9350191809f9a2335747bbcc4f883502d1b2d064b9e6c8ef59b93535970533e95e139de', 15, 1, 'mobile', '[]', 0, '2021-03-08 20:22:49', '2021-03-08 20:22:49', '2022-03-08 14:22:49'),
('ad2165ef14712fb0c397142b6d1ec124c3bea0a90fd3d809c9548b7b67d671339382c59ac5d3a730', 10, 1, 'mobile', '[]', 0, '2021-06-21 14:57:33', '2021-06-21 14:57:33', '2022-06-21 14:57:33'),
('ad56bb0e1489aa86ac223fdfedf09de12915c96bd522f60f39362b2cd05127bc4a5f4909cb11a2ad', 23, 1, 'mobile', '[]', 0, '2021-03-31 09:37:36', '2021-03-31 09:37:36', '2022-03-31 04:37:36'),
('ae0a79221987cf3d7b8d6b4c8d09fca171aa5b32a3c79ed482f9c7f6218ec1672c8e2b4444cac11b', 2, 1, 'mobile', '[]', 1, '2022-01-18 00:44:28', '2022-01-18 00:44:28', '2023-01-17 18:44:28'),
('ae1895e5d25f79df18d6bb3c81debcfdd1e28b3c5ab43e74637679d8a80748dcdc4e2fc792a66981', 7, 1, 'mobile', '[]', 1, '2020-06-10 22:23:37', '2020-06-10 22:23:37', '2021-06-10 15:23:37'),
('ae1a925e4189100d8bcfe9eb662e796900405c2aac516ffe28179ae24f9e5304d8c50345bc22be9e', 2, 1, 'mobile', '[]', 0, '2021-12-15 16:59:14', '2021-12-15 16:59:14', '2022-12-15 10:59:14'),
('ae2656c45b79cfa910137f4c46157debfc9f0b9e24a707c98e666acf9f8da8dc256e70a0eeac9f17', 2, 1, 'mobile', '[]', 0, '2021-12-22 15:51:08', '2021-12-22 15:51:08', '2022-12-22 09:51:08'),
('ae314cc3f1c0f8aae22951145eb7cdbaaff2b74b0839be6772a126f9a8a1f5b5e0b5dc5edd1fd6d5', 1, 1, 'mobile', '[]', 0, '2022-06-01 05:55:16', '2022-06-01 05:55:16', '2023-06-01 05:55:16'),
('aea6b6098f2045c1071cad9cb42918a19e7fead072fc7439a07b6afb9d66f82910888fde8999b004', 12, 1, 'mobile', '[]', 1, '2021-03-17 15:53:46', '2021-03-17 15:53:46', '2022-03-17 10:53:46'),
('aecfb2469eb012eb07a4e22676c4a43499fdaf981a72c9a5649c13174d86f6aeb367820cda9c4269', 17, 1, 'mobile', '[]', 0, '2021-03-14 11:22:54', '2021-03-14 11:22:54', '2022-03-14 06:22:54'),
('aee4fa46ea5c0c2e00b153bb0edad2b2f148e46d09d71ee1289685519d3ea5d648fcd5532c5167a9', 1, 1, 'mobile', '[]', 0, '2021-04-17 17:27:15', '2021-04-17 17:27:15', '2022-04-17 17:27:15'),
('af4301985f2393db69f2ddd09af0b359db989e4d2673e592853662bc2329eed0b80dbfa984122052', 9, 1, 'mobile', '[]', 0, '2022-06-06 07:26:03', '2022-06-06 07:26:03', '2023-06-06 07:26:03'),
('af9f2b30d9699e8195aacb487a7759a655094b991cdee62bd843898c5c3056f02e5e720433e4e607', 10, 1, 'mobile', '[]', 1, '2019-12-05 22:57:23', '2019-12-05 22:57:23', '2020-12-05 15:57:23'),
('afa038befb22db5e452498290f89d79ad4e88f52e80f4bf03e33a585537765cb522105b60ced1dbf', 15, 1, 'mobile', '[]', 0, '2021-03-22 14:55:11', '2021-03-22 14:55:11', '2022-03-22 09:55:11'),
('afab263fd2ef51d5b78a55c0de62e872ced6ffc929952c64b4298de8e7f14450585428e9c175df75', 2, 1, 'mobile', '[]', 0, '2021-12-16 16:41:03', '2021-12-16 16:41:03', '2022-12-16 10:41:03'),
('aff72d40795418618b67da611fc514acb2b1529efb5e02b2219a09ac7b973eef5db49db7ddbe14ea', 14, 1, 'mobile', '[]', 0, '2021-06-10 14:40:21', '2021-06-10 14:40:21', '2022-06-10 14:40:21'),
('b04838e5eadd5c30236a929b8caf2fb1f4c22c3c9f7d79d76e3a5dd15e684f52edba8a578eeddaca', 9, 1, 'mobile', '[]', 0, '2022-06-01 09:08:15', '2022-06-01 09:08:15', '2023-06-01 09:08:15'),
('b059b3b10b4e19269bf4db283e91c7523f7ac6d370703abc4c1532985f2b94b5b878e74c5a3e6675', 2, 1, 'mobile', '[]', 0, '2021-12-20 21:47:37', '2021-12-20 21:47:37', '2022-12-20 15:47:37'),
('b09e401ee55ad4640d486f0b2be2f9667b5476df9885a7885e8da17ed6db832c5b8c5ce109b85db8', 33, 1, 'mobile', '[]', 0, '2021-04-04 12:32:44', '2021-04-04 12:32:44', '2022-04-04 07:32:44'),
('b0b3fbd456a63a5f3be22fa795f1b8d422b5bb8be8d579e58d722209ed4a9cf3caa0e96b8df170e9', 16, 1, 'mobile', '[]', 1, '2021-12-30 04:53:10', '2021-12-30 04:53:10', '2022-12-29 22:53:10'),
('b0cb8149477979a1766b5d2e7e362e40596dc3abe943197336924347ffeb2d101c7dd8815518aadc', 5, 1, 'mobile', '[]', 0, '2019-11-28 20:10:08', '2019-11-28 20:10:08', '2020-11-28 13:10:08'),
('b0e77c38929f9985dbcb73e25520fae4f0ea38a9945232e9935f1609c9990e60759502e7ece716ab', 3, 1, 'mobile', '[]', 0, '2019-12-06 02:55:54', '2019-12-06 02:55:54', '2020-12-05 19:55:54'),
('b1477148be5f193ca17eb8a855ff0ddf4ee9bd297cfdc81fa70cb8e7203127eda3dd6ba1297a196a', 11, 1, 'mobile', '[]', 0, '2021-12-13 18:55:22', '2021-12-13 18:55:22', '2022-12-13 12:55:22'),
('b14e957b456eb00f7f607fbd846969b356dbaf750197220a8daf953b05096adaf3b9cb1876fdb970', 12, 1, 'mobile', '[]', 0, '2021-02-24 02:45:02', '2021-02-24 02:45:02', '2022-02-23 20:45:02'),
('b156c32ce579c69da0606e15b1eb5511dd7022afc6bb22cffdb727e0b5fb985649f3ef4c83b4a8f3', 1, 1, 'mobile', '[]', 1, '2022-06-08 07:21:57', '2022-06-08 07:21:57', '2023-06-08 07:21:57'),
('b19322b6f8c9f616f40ca41d645239616a5e3f99dd29579d969b4abce0a77b9c8fb3c0ae6af8e9b9', 9, 1, 'mobile', '[]', 0, '2022-06-01 08:28:35', '2022-06-01 08:28:35', '2023-06-01 08:28:35'),
('b1bcc2561e52b4b52593775836fff9a5f38494c5412bf1e10b5ee4b919102c625c0fba73c5e20e66', 7, 1, 'mobile', '[]', 0, '2021-12-02 20:48:44', '2021-12-02 20:48:44', '2022-12-02 14:48:44'),
('b1e0a6c66ab285243f1b9c4a173e082c1b44341aeda6a9b955562cd83ff0592a78f467642f073d89', 1, 1, 'mobile', '[]', 0, '2020-04-28 21:03:01', '2020-04-28 21:03:01', '2021-04-28 16:03:01'),
('b25ef10bf5b73e4471584fdf2ead000a3bd86f0a7e0a3b87c1c698585bc31b0633dcb63b4cad3f06', 11, 1, 'mobile', '[]', 0, '2022-05-29 08:46:39', '2022-05-29 08:46:39', '2023-05-29 11:46:39'),
('b28162f74c9400780196ba67d0e5e9c0b5421056a97332ca9ece5c755bf3faa50684cf23e5a17039', 2, 1, 'mobile', '[]', 1, '2022-01-24 22:03:08', '2022-01-24 22:03:08', '2023-01-24 16:03:08'),
('b2f7bd7141b13e7b3f671efd5ae6639c1a6c447e8b4c5ebcaac6b37dc2d5a6f5b918cb3fd9456d99', 2, 1, 'mobile', '[]', 0, '2022-01-19 17:56:31', '2022-01-19 17:56:31', '2023-01-19 11:56:31'),
('b30ba2cb16d8e5134f84e0d73326698d7cf04421f3f62c80b8026624dd59901af4969434b9ce96c3', 13, 1, 'mobile', '[]', 0, '2021-02-25 18:12:41', '2021-02-25 18:12:41', '2022-02-25 12:12:41'),
('b32da6e2af831f0188e88c8db3d1029f2577ca316049ab84acb75eb7f7a8f8d853ded78e39454ec5', 2, 1, 'mobile', '[]', 0, '2022-01-10 20:05:31', '2022-01-10 20:05:31', '2023-01-10 14:05:31'),
('b39ad8de2643f6357dd99db295c738a3f4fca450aaf9553cd5099e67834cd761231896be1ae871b5', 29, 1, 'mobile', '[]', 1, '2022-01-20 16:40:45', '2022-01-20 16:40:45', '2023-01-20 10:40:45'),
('b3d63130c13631801507343defebbc6912fbf6f4d0664d11aa4259f0dcbab27b011c823e9aaac632', 12, 1, 'mobile', '[]', 1, '2021-03-19 03:36:11', '2021-03-19 03:36:11', '2022-03-18 22:36:11'),
('b41fe01b133d53a55af477f55fd640187660054fdf7647715e8ec2d881e95e30ae33d9ad539f473d', 2, 1, 'mobile', '[]', 1, '2021-12-29 22:12:09', '2021-12-29 22:12:09', '2022-12-29 16:12:09'),
('b47ff5f97319535ab326c06dca2a7b40fc09433bc406d48d83a0ec4fbea6db67317904e590862daf', 12, 1, 'mobile', '[]', 0, '2021-02-23 17:47:24', '2021-02-23 17:47:24', '2022-02-23 11:47:24'),
('b48644ae8b8c9a3f41cef3d67e51881be9cd67dd437fe420f1b3a3d135615a2042526e5a0a7251b8', 2, 1, 'mobile', '[]', 1, '2022-01-03 21:18:19', '2022-01-03 21:18:19', '2023-01-03 15:18:19'),
('b4a941f0ff2f740bd0f5f88c0e4179d7aa32e8d2234c237dbd834be4c10e8b8913dc04c599a4fdba', 20, 1, 'mobile', '[]', 0, '2021-06-18 03:57:17', '2021-06-18 03:57:17', '2022-06-18 03:57:17'),
('b50275e0bc093a820be6209e5d674f8a0216d6c8fb53a284d455ea3a106e645a37277c7a2c8a0ae2', 2, 1, 'mobile', '[]', 0, '2021-12-13 19:01:36', '2021-12-13 19:01:36', '2022-12-13 13:01:36'),
('b51c5c1b17fdbab94747be3b13d4ac53409985e2d1619c59f77ca281e2915493b8ecdf3c32d2354a', 9, 1, 'mobile', '[]', 1, '2022-06-08 10:40:50', '2022-06-08 10:40:50', '2023-06-08 10:40:50'),
('b52e96ca5877f371b6d5aeb27ded3d76d586ed7b6c255331b6bac209d16095231713e11ea95a49ac', 12, 1, 'mobile', '[]', 0, '2021-02-24 02:46:14', '2021-02-24 02:46:14', '2022-02-23 20:46:14'),
('b575966d3c80aee596d9a70e5943c5a4f48f433843847b2ac5a43519e7724c93950981277ea5ebda', 1, 1, 'mobile', '[]', 0, '2021-12-09 22:59:43', '2021-12-09 22:59:43', '2022-12-09 16:59:43'),
('b5d370783e63e119b56a6b912522c3fe05e461478fbed8ce894eadb39af13e21ee31de32a20ab303', 14, 1, 'mobile', '[]', 1, '2021-06-21 15:01:32', '2021-06-21 15:01:32', '2022-06-21 15:01:32'),
('b5da7b8c9f32a2214ead7ceca14b05812ad22575ee43b0e389f9fa074eca68c83c64e783dde0bd39', 28, 1, 'mobile', '[]', 0, '2021-08-25 12:27:40', '2021-08-25 12:27:40', '2022-08-25 12:27:40'),
('b5f51fd441fdf7a613970af1dd94e8552f6a5a8e38db896821703d9b879724602ddacd66a30d5458', 12, 1, 'mobile', '[]', 0, '2021-03-17 11:57:03', '2021-03-17 11:57:03', '2022-03-17 06:57:03'),
('b62226fee42821ab387fe2fc1002348ae82545a0ee32d367533b6cc60c53c3857cdc43f68d42444d', 16, 1, 'mobile', '[]', 0, '2022-06-06 07:11:47', '2022-06-06 07:11:47', '2023-06-06 07:11:47'),
('b63148a343595406887a27c658978cc009c03da869708f38b5ff78e4bbc4d1ded5b7a5c1a204c4f6', 15, 1, 'mobile', '[]', 0, '2021-03-16 16:37:52', '2021-03-16 16:37:52', '2022-03-16 11:37:52'),
('b6448b513cd6848b84a08ed401336bb35747747679dd96899d30e52af39a79c40cd956d76a93efe2', 3, 1, 'mobile', '[]', 0, '2021-04-17 17:30:38', '2021-04-17 17:30:38', '2022-04-17 17:30:38'),
('b671cf21e9b09f65447d3e8a0e06986d8831b97afcd4589a0a5b9d1cd64499dfb52c94b6a2908e12', 2, 1, 'mobile', '[]', 1, '2022-01-19 01:26:14', '2022-01-19 01:26:14', '2023-01-18 19:26:14'),
('b6908a33f22e2dff363f2624e834e096a05d63ed23e70c0b6f25c303633270187d6352795f744bfb', 17, 1, 'mobile', '[]', 1, '2021-03-16 20:47:22', '2021-03-16 20:47:22', '2022-03-16 15:47:22'),
('b6a1cc69e4dc403226042083970d4acaf32338b9d6e7ed232d0177499cb68e93d5c4a4f96655d08b', 7, 1, 'mobile', '[]', 0, '2021-04-28 01:35:29', '2021-04-28 01:35:29', '2022-04-28 01:35:29'),
('b6bf2512fef892227bd597015b796ba554871060ade8efff6055d765996971cf6b2737c3ba548d4c', 9, 1, 'mobile', '[]', 1, '2022-06-01 08:25:19', '2022-06-01 08:25:19', '2023-06-01 08:25:19'),
('b6f2b673408e4bcbd638f13730eb4a9fe3a8e3e942f47597ed4a33e2bba49b727d8ece05e6650bb1', 10, 1, 'mobile', '[]', 0, '2021-06-07 06:05:24', '2021-06-07 06:05:24', '2022-06-07 09:05:24'),
('b725b12a101478965822250959418a89b79110f7f2cee44d4b2c17d0a1bec1f420a6199e76cae06d', 2, 1, 'mobile', '[]', 0, '2021-12-21 16:12:16', '2021-12-21 16:12:16', '2022-12-21 10:12:16'),
('b7354f7147bdda557b7a96eb1e813225be091cba061d1e3848c42ee03abda87402a68833d9fe62bb', 29, 1, 'mobile', '[]', 1, '2022-01-18 00:46:46', '2022-01-18 00:46:46', '2023-01-17 18:46:46'),
('b744279dd9b70691bddb6f35640f220a9c057bd4c4757860e9d7c0dad8e9e1228b9fc234ad5a8fb6', 29, 1, 'mobile', '[]', 1, '2022-01-18 00:31:04', '2022-01-18 00:31:04', '2023-01-17 18:31:04'),
('b75444a29ba79f78dc0893dfda0211d8bf479863737738b513e0b7a2ee093d539623bbe8c90cadd3', 3, 1, 'mobile', '[]', 0, '2020-04-28 16:46:58', '2020-04-28 16:46:58', '2021-04-28 11:46:58'),
('b77904c9e25e11e8ed33dd70ab1a7eb3cb919e14e61f61309f37def90b6096989b5f81b707ef784f', 7, 1, 'mobile', '[]', 0, '2021-04-21 14:10:45', '2021-04-21 14:10:45', '2022-04-21 14:10:45'),
('b78caff0b2c9178b65dfbccb6d74f35ef4f866a3a9123b88abf0b0daf115339589afbeb650df9cec', 9, 1, 'mobile', '[]', 1, '2022-06-06 07:30:50', '2022-06-06 07:30:50', '2023-06-06 07:30:50'),
('b79c259fb2abfcff0e63317bf59861bfe790b0b285c2525f3c1a3477e7577f1285af16dfbe47750d', 7, 1, 'mobile', '[]', 1, '2020-06-10 19:06:22', '2020-06-10 19:06:22', '2021-06-10 12:06:22'),
('b7f77b1d7ffcc4a3d3dc52e094c5973781d81552004210395aff8694b4acb85b49f97881bbb78ed1', 1, 1, 'mobile', '[]', 0, '2021-12-02 18:01:55', '2021-12-02 18:01:55', '2022-12-02 12:01:55'),
('b82b7c9e1c9810cc2ffa1e6509186ae718bd39e11d394d82c6b9a558e06b991731b80ab175f55097', 1, 1, 'mobile', '[]', 0, '2021-02-23 16:56:21', '2021-02-23 16:56:21', '2022-02-23 10:56:21'),
('b84682c5cf6a3a7095ef0e6a27534785b460798f0cc2d3c88b6f7f09f22078690ac01d78c860b8bc', 15, 1, 'mobile', '[]', 1, '2022-05-31 08:29:02', '2022-05-31 08:29:02', '2023-05-31 08:29:02'),
('b88a1cafbb3341d485017bfb8e4650148e49f0a4c8cb5a9350d83ce8c140d558ee8436325dce4424', 23, 1, 'mobile', '[]', 0, '2021-03-25 00:37:39', '2021-03-25 00:37:39', '2022-03-24 19:37:39'),
('b89712b1ee943a96df33358610f52b15d238cb0436af4a557069ab7a7273abb636a1dad7f2511deb', 9, 1, 'mobile', '[]', 0, '2022-05-31 11:36:17', '2022-05-31 11:36:17', '2023-05-31 11:36:17'),
('b8c9510eb62aa8bcbb9908e462a224d74434a621b10aba3531e99a953fdf1b07ff34267b28eedead', 2, 1, 'mobile', '[]', 0, '2021-12-13 21:36:16', '2021-12-13 21:36:16', '2022-12-13 15:36:16'),
('b8d0982fcc70178866a0c8c3d79451290b56bef373b672f8e0cca3f4b685e3de225223a37d38455a', 7, 1, 'mobile', '[]', 0, '2021-04-21 15:25:28', '2021-04-21 15:25:28', '2022-04-21 15:25:28'),
('b8f65b293c3849af492176d830cd31d0b76bc97001a511bafdd95d98ad241cb7df6358ae00616cc0', 1, 1, 'mobile', '[]', 1, '2022-06-08 06:40:56', '2022-06-08 06:40:56', '2023-06-08 06:40:56'),
('b95f0b83f9041b11aa60320ba7f9d5f361582de5d3501f3b0938c2c042f1ecc8653de73794282cd9', 28, 1, 'mobile', '[]', 0, '2022-01-13 19:50:52', '2022-01-13 19:50:52', '2023-01-13 13:50:52'),
('b96b298268c1cb3e2946657c602f54673204e2aa87a2f4e6395ec511cc74b051f29ac6894bb4821a', 7, 1, 'mobile', '[]', 1, '2020-06-11 00:44:45', '2020-06-11 00:44:45', '2021-06-10 17:44:45'),
('b988141db642f0b57fd1bb8a7a91adfe272e6eaf522e8ca2e4586c5431fb623dee699c64a33984c2', 10, 1, 'mobile', '[]', 0, '2021-06-17 10:06:34', '2021-06-17 10:06:34', '2022-06-17 10:06:34'),
('ba3fc744c636a451d7178a99aafffa7e2f7ab72a7a5864f9fc925a584169ce80b0cd809f5eba10af', 4, 1, 'mobile', '[]', 0, '2021-03-08 13:16:38', '2021-03-08 13:16:38', '2022-03-08 07:16:38'),
('ba405003da6bfde46b36740c127b2a641420439cac693fcfbeb1bac230aff3b464afb82f47716465', 9, 1, 'mobile', '[]', 1, '2022-06-05 10:57:33', '2022-06-05 10:57:33', '2023-06-05 10:57:33'),
('ba4991febe487016c49758bdeeaa64d9c731c7054f951f98ad56e58e6fede47e1a94ca8c32b234d0', 29, 1, 'mobile', '[]', 1, '2022-01-19 18:41:44', '2022-01-19 18:41:44', '2023-01-19 12:41:44'),
('bab6db8d16c4c6f859c9f6e84d35d9c5647d200844f277941f86a83ce7bc54ccd1f74817aad588a7', 9, 1, 'mobile', '[]', 0, '2021-02-23 17:00:20', '2021-02-23 17:00:20', '2022-02-23 11:00:20'),
('bad9d07f2e3618b1275b94a326efa54ec99b7bc4f2f21a50e094f2e2ee6dd3ccf8e11dcb46e23cb5', 13, 1, 'mobile', '[]', 0, '2021-02-25 18:13:04', '2021-02-25 18:13:04', '2022-02-25 12:13:04'),
('bb73317daef7e60501860ea8639fa1fc836a154cd2e05dbc3454e1facf662c80590694ef2cf3bc06', 10, 1, 'mobile', '[]', 0, '2021-06-15 09:51:42', '2021-06-15 09:51:42', '2022-06-15 09:51:42'),
('bbd0af485907ab463ebda9910794ff8e0219566f5d4a237ea460f9caa31d35ff21e52f7a1a208cd8', 2, 1, 'mobile', '[]', 1, '2022-01-03 22:25:28', '2022-01-03 22:25:28', '2023-01-03 16:25:28'),
('bc033826a61b154ed881999d64220e7b9bbb5ccf7aa94bd0fce2e7ad09724e791bc548843fd0707a', 2, 1, 'mobile', '[]', 0, '2021-12-23 15:43:23', '2021-12-23 15:43:23', '2022-12-23 09:43:23'),
('bc2642ba4f70e4f0da025e9ac4d2edd3347d2c5c67a82204979c74c3e4928765b899ede3686a47f8', 4, 1, 'mobile', '[]', 0, '2021-04-21 12:40:47', '2021-04-21 12:40:47', '2022-04-21 12:40:47'),
('bc27c208aba6ece9b561afe62bceeb54eea0382297ceda13ad2a37b3e9ffb4e5d798d0c658afe005', 12, 1, 'mobile', '[]', 0, '2019-12-11 22:20:28', '2019-12-11 22:20:28', '2020-12-11 15:20:28'),
('bc3ee5411a4497a4e05af79286929d4ad7cd3cc77a592db67471d7af305cae104ca647658acb74af', 9, 1, 'mobile', '[]', 0, '2021-03-04 21:45:14', '2021-03-04 21:45:14', '2022-03-04 15:45:14'),
('bc42fc2fa479df5deb71711bf03a7c2e0f1aa18acd2f290eda8f3f23ca1c2b057e08e91426f804ad', 29, 1, 'mobile', '[]', 1, '2022-01-18 00:41:37', '2022-01-18 00:41:37', '2023-01-17 18:41:37'),
('bc61d3609019246fb98c0c38af4920ae35738b67dc304388f87481e0255f80a78495d21e4347ef24', 7, 1, 'mobile', '[]', 0, '2020-06-10 20:01:49', '2020-06-10 20:01:49', '2021-06-10 13:01:49'),
('bc76f41a869f117dad4509bb0abbbd9e8f347be4e0a78ea275f8ef4514b88cdab9b5747458bb66f9', 2, 1, 'mobile', '[]', 1, '2022-01-19 18:39:56', '2022-01-19 18:39:56', '2023-01-19 12:39:56'),
('bc892247b522bb634f5f4cfe2f4e0560657d3d9fd3bc06035daa86fdb2a0cad7592b51a94962b48d', 8, 1, 'mobile', '[]', 0, '2022-05-24 05:58:24', '2022-05-24 05:58:24', '2023-05-24 08:58:24'),
('bcba25aa1e2e4be9e6f05c6dcc340fac2f6083124d626ddc6cbc27c207867d4e21a4df24ef7d726e', 29, 1, 'mobile', '[]', 1, '2022-01-19 17:43:24', '2022-01-19 17:43:24', '2023-01-19 11:43:24'),
('bcfb1963f8375476a95dc06ad2259455761cc029390d51e7e245049308168baa087d869f54f6feba', 10, 1, 'mobile', '[]', 0, '2021-06-27 11:40:19', '2021-06-27 11:40:19', '2022-06-27 11:40:19'),
('bd07db728d8216c3b311179aa059dcfce62e353844f9f53f9798bbb1cd1a0bdd34a1780b1c524caa', 17, 1, 'mobile', '[]', 1, '2021-03-10 14:18:57', '2021-03-10 14:18:57', '2022-03-10 08:18:57'),
('bd0b9080a23e4873b03f5f6defb936738f0d278524a2c54f353add0a37b603ef6501019eebee3214', 1, 1, 'mobile', '[]', 0, '2022-05-26 03:27:49', '2022-05-26 03:27:49', '2023-05-26 06:27:49'),
('bd13ac0642458bfb91bc636d8b317c793c8594fd024adc80c883d44dca34549eabca1b57a598acb3', 14, 1, 'mobile', '[]', 1, '2021-06-16 15:39:12', '2021-06-16 15:39:12', '2022-06-16 15:39:12'),
('bd1ef3c11540481b73c603f119648463e7fa170a028067e307cb4993a95b9bdef8b5372d1c16080b', 2, 1, 'mobile', '[]', 0, '2022-01-03 22:24:31', '2022-01-03 22:24:31', '2023-01-03 16:24:31'),
('bd5a17c4cbe6508d5437c6bbe3c753b0d15a0e38e3aa6f87246135e9250f0b7c69ae0ea02d0e1162', 9, 1, 'mobile', '[]', 1, '2022-06-05 11:02:06', '2022-06-05 11:02:06', '2023-06-05 11:02:06'),
('bd6121153939cf456881206508c766c744e8dbc403684b7a4966c57e1fddb96b9998dbcd3c9a46ba', 2, 1, 'mobile', '[]', 0, '2021-12-20 20:59:33', '2021-12-20 20:59:33', '2022-12-20 14:59:33'),
('bdef14789adcd2fc72a33111825f60cc2b07ddddb55cb4d550789790e60b8969227afbe054619585', 7, 1, 'mobile', '[]', 0, '2021-04-21 14:14:38', '2021-04-21 14:14:38', '2022-04-21 14:14:38'),
('bdff95fe694182504b89a4c2555f3e3d57957db1e0107d7f673ac1eab3685956c595a76ad6de8a86', 25, 1, 'mobile', '[]', 0, '2021-03-23 13:55:34', '2021-03-23 13:55:34', '2022-03-23 08:55:34'),
('be1f476aaca4a5bd32e4f29104433c3a7394474ee75e256fdfede600afc7522a9e1a3c7e8ba63613', 9, 1, 'mobile', '[]', 0, '2021-02-24 13:32:40', '2021-02-24 13:32:40', '2022-02-24 07:32:40'),
('bed29636048776161508ee0bc33ae386eefe2c79b4be011cbee02dea87e11a269c9a960021952665', 4, 1, 'mobile', '[]', 0, '2022-05-25 03:24:25', '2022-05-25 03:24:25', '2023-05-25 06:24:25'),
('beeceaaa48138f4049eaf3a8bdd126e7a980ead4dd4ad2e7dc70cd051ccbdd688ce10dc721b1b404', 9, 1, 'mobile', '[]', 1, '2022-05-31 11:39:44', '2022-05-31 11:39:44', '2023-05-31 11:39:44'),
('bf8e6d28734554f3a505a45a66efab5152acb24163387c8ab31d8ff6f99f0d6adaaa4cc2832eaf4f', 12, 1, 'mobile', '[]', 1, '2021-03-19 02:44:24', '2021-03-19 02:44:24', '2022-03-18 21:44:24'),
('bfc0afea8ba67359481347c2b64a7c866e0766b249d05fabc3f2d8aa332f1b483f231e801fd4f17a', 7, 1, 'mobile', '[]', 0, '2021-04-21 14:05:55', '2021-04-21 14:05:55', '2022-04-21 14:05:55'),
('bfd27aa09a3052d7d4341cd800ca44393a17ec71f1f2e559922de9e8724dc64280cb5574331d81e6', 15, 1, 'mobile', '[]', 1, '2021-03-18 03:10:01', '2021-03-18 03:10:01', '2022-03-17 22:10:01'),
('bfeef7c5621cc23bdbb4ab290941cd2f055894834b61bcfdbf0a3a9a7a859b65618e169d383386f5', 24, 1, 'mobile', '[]', 0, '2021-03-24 12:48:42', '2021-03-24 12:48:42', '2022-03-24 07:48:42'),
('c08d2da02a0313094c23f807ffaa39cd8468a4217098aeec9622de00e9a1472373074db524b74ffb', 23, 1, 'mobile', '[]', 1, '2022-01-09 21:50:46', '2022-01-09 21:50:46', '2023-01-09 15:50:46'),
('c09bc7c7ea2307a4c6bfd389c56ec0842eea43a5c456c55132d02d4df2765d722bfed2d59cbacafa', 23, 1, 'mobile', '[]', 1, '2021-03-24 22:20:26', '2021-03-24 22:20:26', '2022-03-24 17:20:26'),
('c0cb34a045e4af4e74622628e9f839d2939368622adcdda5308712fbbebeef144d08a4e76bb73551', 7, 1, 'mobile', '[]', 0, '2021-04-21 15:26:44', '2021-04-21 15:26:44', '2022-04-21 15:26:44'),
('c0f2af73c1d781c6eb4d8db6519f9a8d290f54f274dcbdb607b4681b2443fed9b9820a405ca8fdf5', 23, 1, 'mobile', '[]', 1, '2021-08-24 12:17:28', '2021-08-24 12:17:28', '2022-08-24 12:17:28'),
('c10768c096191a8887a960ce2f2cdc979b2372c235ce357ffe6b38b01498c8ad65dc84520d3e5943', 9, 1, 'mobile', '[]', 1, '2022-06-08 09:56:43', '2022-06-08 09:56:43', '2023-06-08 09:56:43'),
('c164097301e994692b2b8ba746ca46da977e35ac46c4dad1e506e0ae9ca3b8c0efa6463d8c140774', 15, 1, 'mobile', '[]', 0, '2021-03-31 13:10:59', '2021-03-31 13:10:59', '2022-03-31 08:10:59'),
('c16acd0b1c736bd3349b56281fe60f161b8e56aedbcc765840b73b29acafc92a1b610a3b9030990f', 8, 1, 'mobile', '[]', 0, '2019-12-10 23:26:14', '2019-12-10 23:26:14', '2020-12-10 16:26:14'),
('c182f63158f76068d6b390d78000a8dc6aaa4d9bbd055b4b28359a5d5724edaf505d2975db87866a', 15, 1, 'mobile', '[]', 1, '2021-03-31 12:46:38', '2021-03-31 12:46:38', '2022-03-31 07:46:38'),
('c1a9a0b18d471616d732db37c1bb4e80a7718ebddfbd04fc22c238646a155b4ea0b83dcc983bafbd', 9, 1, 'mobile', '[]', 0, '2022-06-01 08:19:39', '2022-06-01 08:19:39', '2023-06-01 08:19:39'),
('c1aa56e40f4adfbd50fc468cbe6b185e9b53a8295ec61e01d6323ae838208b8ae0f2371c0455b657', 23, 1, 'mobile', '[]', 1, '2021-03-24 18:23:04', '2021-03-24 18:23:04', '2022-03-24 13:23:04'),
('c1d8ef81e74cc8cb26d7a92e1b60446be0362aa3cacd0935f8143635d2fb915551d84bf9572b5f3e', 7, 1, 'mobile', '[]', 0, '2021-04-21 14:05:56', '2021-04-21 14:05:56', '2022-04-21 14:05:56'),
('c20a1109d8861f00eeb60437a78ecd5ced1a6a502f6b16d1d242576b3c3547718babc1db8544f2b6', 3, 1, 'mobile', '[]', 1, '2022-02-02 21:22:41', '2022-02-02 21:22:41', '2023-02-02 15:22:41'),
('c244e9aad091acf8fd63972b1e747cb74c8c969cebd60b736faa5a0ac7955d7dfb4ac614f5cb9194', 3, 1, 'mobile', '[]', 0, '2019-11-28 16:47:48', '2019-11-28 16:47:48', '2020-11-28 09:47:48'),
('c265eb239e78f7f3d66bacc22ef057c802876eb0fa081872ccc41943e93a1350d3277a87ab4780f9', 23, 1, 'mobile', '[]', 1, '2021-03-23 13:35:08', '2021-03-23 13:35:08', '2022-03-23 08:35:08'),
('c2a27e48dcb4b366b2b8a6ec8303e63684bcc79a7f5bab1d8622aca8aeac6ac489884e646987965c', 1, 1, 'mobile', '[]', 0, '2021-12-05 17:47:10', '2021-12-05 17:47:10', '2022-12-05 11:47:10'),
('c2b21b211246befebbc492d406855964273e3fc99b4d0a36fe1ef99fc56e151e24a6b1bf538b0780', 31, 1, 'mobile', '[]', 0, '2021-11-09 12:20:30', '2021-11-09 12:20:30', '2022-11-09 15:20:30');
INSERT INTO `oauth_access_tokens` (`id`, `user_id`, `client_id`, `name`, `scopes`, `revoked`, `created_at`, `updated_at`, `expires_at`) VALUES
('c2b866dc19db48e407fa503a6bcb7005a01a3e5c2c5d42500c9ebec9483bc7f87b17587cae9c232d', 1, 1, 'mobile', '[]', 0, '2022-05-26 03:28:58', '2022-05-26 03:28:58', '2023-05-26 06:28:58'),
('c2f230a0b2cb151d3c52076ab63ccf306b547076bad11f0a3bada98f825a761a7a1618319575e160', 3, 1, 'mobile', '[]', 1, '2019-12-19 19:34:45', '2019-12-19 19:34:45', '2020-12-19 12:34:45'),
('c35046d55be617a5f7646ec809aa631f60917df36fee307cf3088515748e7ce455bcb0f06b577935', 9, 1, 'mobile', '[]', 0, '2022-05-31 12:28:31', '2022-05-31 12:28:31', '2023-05-31 12:28:31'),
('c3547753f0058f3f9cc86240199f51e62910c1bdd32c386ad8c74ccf730bc1d050d22e3cfce07962', 3, 1, 'mobile', '[]', 0, '2021-12-02 20:32:33', '2021-12-02 20:32:33', '2022-12-02 14:32:33'),
('c386f649118a1e37adf9d34f9ac81b98b0d373c3bd583e6413f351f085c34968ac3ab145165b9cae', 7, 1, 'mobile', '[]', 0, '2021-05-11 23:32:21', '2021-05-11 23:32:21', '2022-05-11 23:32:21'),
('c3b273615a5859e307290fd47847d2e27834dcb2735e2643ff5f54af754ca1c4dfa1085795c11925', 2, 1, 'mobile', '[]', 1, '2022-01-18 00:48:38', '2022-01-18 00:48:38', '2023-01-17 18:48:38'),
('c3c1a46f4a8a5184f69d48b7e69089bb15a84cc82e6e5af08ee5b724606e27c081acee5e3b7e0f5c', 11, 1, 'mobile', '[]', 0, '2019-12-09 18:10:50', '2019-12-09 18:10:50', '2020-12-09 11:10:50'),
('c3ce427b65ece3114064893fdfc7bba90ba9e1a55b7e980fc8f6ecf116ad43a36d263a6295393215', 1, 1, 'mobile', '[]', 0, '2021-03-08 20:21:29', '2021-03-08 20:21:29', '2022-03-08 14:21:29'),
('c3cf610da57f0e4188dcb71103a09f8d7f6b5f48ecc80c5850fc01a591e5312ab4dc974d17368efb', 2, 1, 'mobile', '[]', 1, '2022-01-04 16:35:06', '2022-01-04 16:35:06', '2023-01-04 10:35:06'),
('c3efbc5e43666ac341c1f0f29634b0cabf2bf37629aa5ec4f9b2b5042446b02ded904f05a7d3dbca', 12, 1, 'mobile', '[]', 0, '2021-02-24 02:44:06', '2021-02-24 02:44:06', '2022-02-23 20:44:06'),
('c45c45b7f198f9ca88677421861117b316d55a68214c9a7bace0f12ed6fb92301b6fe9b2cb24fd5b', 10, 1, 'mobile', '[]', 1, '2020-06-17 23:21:43', '2020-06-17 23:21:43', '2021-06-17 16:21:43'),
('c45d0d9bcf915ecb10cd8d421e150196349c6fcb7736c9ed2100372a6bd82480b911ab2b3199d8b4', 4, 1, 'mobile', '[]', 0, '2021-03-08 13:14:30', '2021-03-08 13:14:30', '2022-03-08 07:14:30'),
('c494150305174572ca8f88aec241802cc5580d87939b3ddaa5e6ed6441c23a3eae1925c3e8f72320', 9, 1, 'mobile', '[]', 1, '2022-06-06 11:08:45', '2022-06-06 11:08:45', '2023-06-06 11:08:45'),
('c4b01a649971e7b44641cab3402d77d7827545afed54cacaf6bd6718c99a33dfe2726ca184de79f4', 1, 1, 'mobile', '[]', 0, '2021-12-02 17:38:09', '2021-12-02 17:38:09', '2022-12-02 11:38:09'),
('c4d46a8a7291c0976b1fcee600d682ed81435ce15d1a342fa0de565b44af8ac37380b021f04adf6a', 9, 1, 'mobile', '[]', 0, '2022-06-08 10:33:15', '2022-06-08 10:33:15', '2023-06-08 10:33:15'),
('c5553342a23be1786da1cc6f023d1230d913ce745ac343ad9a984f6fa99a2884a324db067ac4f12a', 1, 1, 'mobile', '[]', 0, '2022-05-26 03:35:22', '2022-05-26 03:35:22', '2023-05-26 06:35:22'),
('c556c9368e3fd8991ad8541165e78540e024ac111ea5ddea1426a8ee1855eb639006b0f2e3f39497', 26, 1, 'mobile', '[]', 1, '2022-01-10 16:13:59', '2022-01-10 16:13:59', '2023-01-10 10:13:59'),
('c6471af1cbb289f6713bd6ece93d6fe910e24df9fae78997340cc27cc00c3318ad60ed2e7cbc7080', 2, 1, 'mobile', '[]', 0, '2021-12-15 20:01:31', '2021-12-15 20:01:31', '2022-12-15 14:01:31'),
('c678ac1bb5952ee00ce00ed1e05d53aa00704ebe4e18bbeb8be440312b9305c36971945497ba4aa6', 23, 1, 'mobile', '[]', 0, '2021-03-29 17:05:00', '2021-03-29 17:05:00', '2022-03-29 12:05:00'),
('c688e4ce9256b6ee213584dce8a4c3476ab4df499b7e99a743dd265e311e18453a1c9c3b261028e1', 7, 1, 'mobile', '[]', 0, '2021-04-27 16:55:15', '2021-04-27 16:55:15', '2022-04-27 16:55:15'),
('c69877d7c4780b06c60723d900e8c067060aecfacb2c41e5919cbaaf4b759007e297b40e711cfb14', 1, 1, 'mobile', '[]', 0, '2020-05-02 18:47:09', '2020-05-02 18:47:09', '2021-05-02 13:47:09'),
('c6b1da665bc1bede6efd6f78ccc8f57b4d52ad8749f6c28efb6278c415602b66e35c44599a994eb9', 7, 1, 'mobile', '[]', 0, '2021-04-21 16:04:38', '2021-04-21 16:04:38', '2022-04-21 16:04:38'),
('c6b2117c6745f4c776b73db4d48cab7309e7f80f4f44e3f385881c9d51fad244b742c1697f6f7432', 1, 1, 'mobile', '[]', 0, '2021-12-08 15:35:26', '2021-12-08 15:35:26', '2022-12-08 09:35:26'),
('c6e6f336870796449aa92c693d2e9ef8032a663914ca10f3ce92cf84554b5ebe7693c76b5b62322e', 18, 1, 'mobile', '[]', 0, '2021-03-17 11:28:49', '2021-03-17 11:28:49', '2022-03-17 06:28:49'),
('c7156a281822a83936d0565217926cb1d609880ecefb451826f78d504778209b71806f6a30562d2a', 15, 1, 'mobile', '[]', 1, '2021-03-16 18:24:13', '2021-03-16 18:24:13', '2022-03-16 13:24:13'),
('c75816e62c071d37797651d35ad75a4f3278f48851a4747a28043aff35bb96fa4c01bf315e0564a0', 4, 1, 'mobile', '[]', 0, '2021-03-08 13:40:08', '2021-03-08 13:40:08', '2022-03-08 07:40:08'),
('c81d75a7e00defebe5bc928909f21abe956ee448882deca5d93eb0f749717228d5f6e4551d3aafb6', 2, 1, 'mobile', '[]', 0, '2019-11-28 17:44:48', '2019-11-28 17:44:48', '2020-11-28 10:44:48'),
('c83fe0cf8fa04e875fe27efa2df57a946e70901715d342035fca027e56a9a6aea09ff77e4fe19dd1', 1, 1, 'mobile', '[]', 1, '2022-05-24 03:22:45', '2022-05-24 03:22:45', '2023-05-24 06:22:45'),
('c846f7b3ba00b6096aff42eceef7a9a93c024f8fb34aaf6880863d318f29078381f03a275bb4f387', 2, 1, 'mobile', '[]', 0, '2021-12-15 16:48:17', '2021-12-15 16:48:17', '2022-12-15 10:48:17'),
('c873b1311462d8a7f11d0e94e888bc11c73b3df6dfdbacc2eecd18af4b0669e4314706e5becb882f', 19, 1, 'mobile', '[]', 1, '2022-01-04 20:10:14', '2022-01-04 20:10:14', '2023-01-04 14:10:14'),
('c8920324e2afe4ea955b8a156a02c6539eaf70f35a0997195b8dc6cd3878f15bb7b4dfac02d67390', 33, 1, 'mobile', '[]', 0, '2021-04-04 12:33:26', '2021-04-04 12:33:26', '2022-04-04 07:33:26'),
('c8f966d6a39ade3044a5c920a17b24191d191824d04e29b7bda1d9ab310b540b086f846f87f63a32', 2, 1, 'mobile', '[]', 0, '2021-12-20 21:52:38', '2021-12-20 21:52:38', '2022-12-20 15:52:38'),
('c992bff7e9325c1c23ed31ffb73af4550640c69852520152b8b85ca184fccc35b49a2d56e9657607', 10, 1, 'mobile', '[]', 0, '2021-06-13 14:41:46', '2021-06-13 14:41:46', '2022-06-13 14:41:46'),
('ca0131ce8da633a1d282e1308ca157bf397df9460e6d3259dd1d07fafaf6651e855160c588a9a334', 3, 1, 'mobile', '[]', 0, '2020-05-02 18:09:12', '2020-05-02 18:09:12', '2021-05-02 13:09:12'),
('ca15371c522d33f53d2123fd9f89741d47a88c038f0f09e5dcf1e12773502f5be3e5160c1600da4e', 10, 1, 'mobile', '[]', 0, '2021-06-09 11:38:58', '2021-06-09 11:38:58', '2022-06-09 11:38:58'),
('ca2e33f91a7e5e6c9836d8f905ac6a3718671dc9e4ff47d675c17a2433c6d4d3a9c18ff5b489c0e1', 1, 1, 'mobile', '[]', 0, '2022-05-24 04:48:35', '2022-05-24 04:48:35', '2023-05-24 07:48:35'),
('ca3826d05846cd0dc3557efc851c128b41d37bc7c6ef3ed33bb9e0cac5035ad0f98339be49d81934', 3, 1, 'mobile', '[]', 0, '2019-11-30 17:48:07', '2019-11-30 17:48:07', '2020-11-30 10:48:07'),
('ca439818729e9b776028ac765455ccb0dc9fc11c1b7e2edf650c626ac54752afe5679aff29251e6d', 3, 1, 'mobile', '[]', 0, '2019-11-28 00:47:16', '2019-11-28 00:47:16', '2020-11-27 17:47:16'),
('ca756d2bb5dfdda572856d1874b86f484b6a81e2e733a40fb24cc5f7693c057d68c353fa22a8316a', 2, 1, 'mobile', '[]', 0, '2021-12-19 19:59:48', '2021-12-19 19:59:48', '2022-12-19 13:59:48'),
('ca79dd8d07a44890b84d48baded0b2314ddf8c1099e58ae18c47e6a98e5b830ba81736ec75df24f5', 7, 1, 'mobile', '[]', 0, '2020-06-09 17:47:41', '2020-06-09 17:47:41', '2021-06-09 10:47:41'),
('cad92e293a961146c08f50cc9fc833ca3402c57e7d2fba9dc246f6e3956e293c0aaf355c89626467', 9, 1, 'mobile', '[]', 1, '2022-06-06 10:35:37', '2022-06-06 10:35:37', '2023-06-06 10:35:37'),
('cb59bc1ce9d44aed9dc0d60d4ca17613eb6e8cfac34d34c848313aa6ba3c1f6781bdad0dac0fd694', 7, 1, 'mobile', '[]', 0, '2020-06-11 22:50:39', '2020-06-11 22:50:39', '2021-06-11 15:50:39'),
('cb5b58903b7d7ff984548f39f9d95ee1cd6b210b7dc8b8bf3f4b6d73f9291ef919c272547b11fb60', 7, 1, 'mobile', '[]', 0, '2021-04-23 18:16:57', '2021-04-23 18:16:57', '2022-04-23 18:16:57'),
('cb68b01e40a539d1525c8bdd518fe565f7cf91dc253b4eef1be15a218501c91e1213800133c85db6', 13, 1, 'mobile', '[]', 0, '2021-06-09 11:25:13', '2021-06-09 11:25:13', '2022-06-09 11:25:13'),
('cb7534787a1c630bfdbf2c2984f874ac6aad1508e081242542c75938e1a027c5ca2fd49f2bb062b8', 3, 1, 'mobile', '[]', 0, '2019-12-17 03:38:47', '2019-12-17 03:38:47', '2020-12-16 20:38:47'),
('cbc319eb12485d04b86406dee4077dbf50210d7f4082da0efcbc5dcd187e89803a446d30569cf7b9', 9, 1, 'mobile', '[]', 1, '2022-06-05 05:25:29', '2022-06-05 05:25:29', '2023-06-05 05:25:29'),
('cc02b590205918abe987c97f795192d8875c75a27f3d8da1d2d53ca39d4dc923bdf9567b39c27b62', 15, 1, 'mobile', '[]', 1, '2021-03-31 08:38:26', '2021-03-31 08:38:26', '2022-03-31 03:38:26'),
('cc39137eea195bee0037ffdea8df7778c239c3d2ff1c7b8571d11dc0b2f02f09aa189dbef78d1a18', 12, 1, 'mobile', '[]', 0, '2021-02-24 02:49:32', '2021-02-24 02:49:32', '2022-02-23 20:49:32'),
('cd40e637ec6153ab2398b0bf4e96ef3a80c887cb97c8c5e5bc1812212c095160978f6b50fe190018', 15, 1, 'mobile', '[]', 1, '2021-03-22 12:12:39', '2021-03-22 12:12:39', '2022-03-22 07:12:39'),
('cd6a925cfab2f98994b5e2901435269a63704d922f3bdfd3075f7bdf4102fe7c113249fcf70be336', 15, 1, 'mobile', '[]', 0, '2021-03-22 14:29:56', '2021-03-22 14:29:56', '2022-03-22 09:29:56'),
('cd756a5fa9a644484ba56e58e8978840dd43c00875a7c611de56dc4a8e9d73be08112511fed95440', 1, 1, 'mobile', '[]', 0, '2022-06-07 10:24:55', '2022-06-07 10:24:55', '2023-06-07 10:24:55'),
('cd8a45b761d15485d8657970e3a491ae8a2b2cd3d72f4a2600665231b447af5eb58337da31897289', 17, 1, 'mobile', '[]', 0, '2022-01-03 23:45:36', '2022-01-03 23:45:36', '2023-01-03 17:45:36'),
('ce194c28840856dad48438303ca274ba10f8123f62105e8f2fbf6c99f76c0a1246ac8e2fdb1bdd45', 2, 1, 'mobile', '[]', 0, '2021-12-27 16:31:12', '2021-12-27 16:31:12', '2022-12-27 10:31:12'),
('ce2a7839b50939116f6b24212afef9b2dc0c0ae9a5c1e453f0b4f1f026dfb9d841e169c348b1cd93', 3, 1, 'mobile', '[]', 1, '2022-02-02 22:31:38', '2022-02-02 22:31:38', '2023-02-02 16:31:38'),
('ce6620f64483ea071e7894097c3bc25a5d3c1a3b7c897ca02eba933e192f8dba2b0d0de701fd59f4', 14, 1, 'mobile', '[]', 0, '2021-08-26 09:20:21', '2021-08-26 09:20:21', '2022-08-26 09:20:21'),
('ce69a142a0607f18588d37eb72b09ae019d7c7c98621bddb59350c18e8e9e543e3b48f8ad3d91715', 3, 1, 'mobile', '[]', 1, '2019-11-28 21:53:12', '2019-11-28 21:53:12', '2020-11-28 14:53:12'),
('ce84dbaa6a38a5ddad59577ae95c80b580e8bd9b0119ae8bd0c77b2f7ec03bd20d98f6909ec2d7fb', 2, 1, 'mobile', '[]', 1, '2022-01-20 21:08:02', '2022-01-20 21:08:02', '2023-01-20 15:08:02'),
('ce8fa625bf244844967ac054ecfca2809e2d9eb8bfbaaadedd438fcda94753126fe02800d881af25', 35, 1, 'mobile', '[]', 0, '2021-04-09 16:19:32', '2021-04-09 16:19:32', '2022-04-09 11:19:32'),
('cebe1cff02fcd34c2b6f4e1b7399058b0146dbf801c99cd0e2ac3c7a5d4e69aac1e309aa0d2de6c8', 14, 1, 'mobile', '[]', 1, '2021-06-21 14:53:48', '2021-06-21 14:53:48', '2022-06-21 14:53:48'),
('cf091a357f76c77911ff0468d87a4fb4e5c2ef70087a0460bb452bea8cc76ddac32b1f694a4455d5', 1, 1, 'mobile', '[]', 0, '2021-02-10 10:08:07', '2021-02-10 10:08:07', '2022-02-10 12:08:07'),
('cf8cff33de625ccc9457f504c83b030479b1baea3736349c4a5681bc2f7494c61e8daee3178c1197', 29, 1, 'mobile', '[]', 0, '2021-03-28 14:28:13', '2021-03-28 14:28:13', '2022-03-28 09:28:13'),
('cf9e3ff98fc3189b35b4104e68665bbf0422b13365432d60f09ad9a50970327bb615fa811cf105c1', 9, 1, 'mobile', '[]', 1, '2022-06-04 16:15:05', '2022-06-04 16:15:05', '2023-06-04 16:15:05'),
('cfefb172144d79f7c08f1db37ed971e8319cb575f33ab45d5b1bbc140ea605345702f016bc2d3e6e', 23, 1, 'mobile', '[]', 0, '2021-03-29 14:06:51', '2021-03-29 14:06:51', '2022-03-29 09:06:51'),
('d017a0d5ee47d168f861bb33974895cc14dcfd874241183e7f4438c809abd2ccbaf06afe1acb0ce7', 19, 1, 'mobile', '[]', 0, '2020-02-06 12:18:40', '2020-02-06 12:18:40', '2021-02-06 14:18:40'),
('d043a0e4fc5683ed8f3f849fda48acfa18ac261cfe6b364f80f2581271a85f41eff661b2faf044f8', 2, 1, 'mobile', '[]', 0, '2021-12-16 15:43:51', '2021-12-16 15:43:51', '2022-12-16 09:43:51'),
('d04bb333c25b1b0b6d300d8ec88ae785703038a32b3f9eaef5115c2752176cc0b66d18fb3d3d3584', 29, 1, 'mobile', '[]', 0, '2021-03-28 14:19:47', '2021-03-28 14:19:47', '2022-03-28 09:19:47'),
('d06d676d8d46b43e7b1d0d7a207e15b53301f458cd510e797f886d3f4cc56c838d054e4b28657d62', 18, 1, 'mobile', '[]', 0, '2022-01-12 21:07:38', '2022-01-12 21:07:38', '2023-01-12 15:07:38'),
('d08af2975229ca5c8724656b52aee29cab9be72b3a95282083c0c012c72b4ee80bddbeca0c936f45', 10, 1, 'mobile', '[]', 0, '2021-12-13 16:50:20', '2021-12-13 16:50:20', '2022-12-13 10:50:20'),
('d0e20540413fc2161558d7deed4ccf67dac79bef0cf5c8fd72880cfb6b88e852f26a94f8ad3a62b6', 9, 1, 'mobile', '[]', 0, '2022-06-04 15:28:23', '2022-06-04 15:28:23', '2023-06-04 15:28:23'),
('d0e927911fd0f7834b6ff62239b957fd437e18ddc34abd50df47a3b9ee8da8a87b40ece48ddafef1', 24, 1, 'mobile', '[]', 1, '2021-08-24 12:17:52', '2021-08-24 12:17:52', '2022-08-24 12:17:52'),
('d10d580c71dfa844506a5ca58f1bc1d0fdee7e746ccb55eff42ce5a4d603d5768793f407a77bc260', 36, 1, 'mobile', '[]', 1, '2022-01-19 17:34:58', '2022-01-19 17:34:58', '2023-01-19 11:34:58'),
('d111a973d9af491ccf5d69820c038598bc8ad5edf7aa21b8ac4d97c952b8cc628ea6c48a4fa2339d', 9, 1, 'mobile', '[]', 0, '2022-06-01 08:36:28', '2022-06-01 08:36:28', '2023-06-01 08:36:28'),
('d11ba9c68e654ccb2241eff568391ac72b089cc2c6a2f1e870aa8cb4b5df0189a9c1d67d6900b9d8', 17, 1, 'mobile', '[]', 0, '2021-03-16 17:35:44', '2021-03-16 17:35:44', '2022-03-16 12:35:44'),
('d19790f48aa94320a0e341a11718247d005ad5817eaa5718f473a0df5f39e8edeb33e7591130e755', 10, 1, 'mobile', '[]', 1, '2021-06-17 10:23:52', '2021-06-17 10:23:52', '2022-06-17 10:23:52'),
('d1a33faf64197a1f497d14607e26097256635c980981a9d4612f7fae9d41c7e4934badf3621d60fe', 7, 1, 'mobile', '[]', 0, '2021-04-21 15:46:12', '2021-04-21 15:46:12', '2022-04-21 15:46:12'),
('d1be6433872d59ea7b40ae98f9b9ede58aa85f1a239332cf68db07f3c2caf50e40fb3ecf9b9a02b2', 3, 1, 'mobile', '[]', 0, '2020-04-28 22:44:45', '2020-04-28 22:44:45', '2021-04-28 17:44:45'),
('d1d11acf50c189d647b1c0d526e3e6453e51fce4f964c9f598296161b1b8753594ad84bdbbae8775', 9, 1, 'mobile', '[]', 0, '2022-06-05 13:02:36', '2022-06-05 13:02:36', '2023-06-05 13:02:36'),
('d1ed2343562853c8f324d92c93ab0a6b7f652be16625f4d3e281290b1d8897d3b1cd304a0f656aa6', 15, 1, 'mobile', '[]', 1, '2021-03-19 04:10:17', '2021-03-19 04:10:17', '2022-03-18 23:10:17'),
('d2035a2ebae19b052fd823d7fd0d019bd5cf9e0f4526ce7bb2fbfab97fcee5b3cd1e43a93f52bb7a', 9, 1, 'mobile', '[]', 0, '2022-06-01 08:27:45', '2022-06-01 08:27:45', '2023-06-01 08:27:45'),
('d252bd50b2c95078682909db5f5beda353f848e64f0d253539105cbd108bc9c2ca54400fe2a82fc0', 10, 1, 'mobile', '[]', 0, '2021-06-27 11:40:40', '2021-06-27 11:40:40', '2022-06-27 11:40:40'),
('d262406c5f7e948de734f83b03d64d11320bb6a10eaa58f12578259cdff628d48e4de285d241fd15', 1, 1, 'mobile', '[]', 0, '2021-12-02 18:05:40', '2021-12-02 18:05:40', '2022-12-02 12:05:40'),
('d2732bb1e1fe942393569ce78cf0b02e93d9fc6a52b021324478c41d6aa363f636fa1f76feb0cbc2', 9, 1, 'mobile', '[]', 1, '2022-06-06 11:20:54', '2022-06-06 11:20:54', '2023-06-06 11:20:54'),
('d2bf6abec8efa5fb47fb1d698a44d1f43e2f782d713dd546ce09eea72aa20e82cb1561cb3ce83cd0', 2, 1, 'mobile', '[]', 0, '2021-12-26 18:22:35', '2021-12-26 18:22:35', '2022-12-26 12:22:35'),
('d2c64748cd74f4abfe8926dc35a5edf1b050c0bb3b078b90fb0521da0c34f9dfc18f4d86c46d160c', 2, 1, 'mobile', '[]', 1, '2022-01-20 16:56:08', '2022-01-20 16:56:08', '2023-01-20 10:56:08'),
('d2dc7f6240e3a84cca2d8ecb5834c7ba42904bd5026912ada37452a394cf999029294dab5ff540a5', 15, 1, 'mobile', '[]', 0, '2021-03-22 17:14:06', '2021-03-22 17:14:06', '2022-03-22 12:14:06'),
('d2e34a7c0d9190bab719bc0fd59c4f288782ece8592a425843066a36c48530d4ad481ee04cddd74b', 9, 1, 'mobile', '[]', 1, '2022-06-06 10:56:53', '2022-06-06 10:56:53', '2023-06-06 10:56:53'),
('d327c0acf4ca4c098455e4e9e62ae28d896c3efd8fe2aee7a9ddbe314835334eb43ebc9e3d34aad0', 1, 1, 'mobile', '[]', 0, '2021-02-10 06:11:47', '2021-02-10 06:11:47', '2022-02-10 08:11:47'),
('d333b45683077f8d26603df3a9015d3f21a00833b7369d74d052499792323677f6e2feebd15a39b4', 15, 1, 'mobile', '[]', 0, '2021-03-15 14:59:44', '2021-03-15 14:59:44', '2022-03-15 09:59:44'),
('d35790ff3fbe535cb1fb2f7072530c396f5ad6b5c209fc205304f7defbfc3bfb69ee7aec35199f8d', 1, 1, 'mobile', '[]', 1, '2022-06-08 11:30:22', '2022-06-08 11:30:22', '2023-06-08 11:30:22'),
('d39d56e9a979ae3156fb21441b59d8e45aa75372e28377e788f52d3dee072c1a69512b1cce913b70', 23, 1, 'mobile', '[]', 0, '2021-03-23 14:01:48', '2021-03-23 14:01:48', '2022-03-23 09:01:48'),
('d3a83e95fe19575e325d9104efb0c35fcd04711cdfa552898de447ab9bb6a7ef852ceb130f91a3fe', 1, 1, 'mobile', '[]', 0, '2022-06-01 05:52:14', '2022-06-01 05:52:14', '2023-06-01 05:52:14'),
('d3ca6cf46b0063f7c67cf9b8ad4eed52928e7535733b167bf500dded7a022369518522617b3662c2', 9, 1, 'mobile', '[]', 0, '2022-06-01 08:40:15', '2022-06-01 08:40:15', '2023-06-01 08:40:15'),
('d3f4529a5af2f99bb262bcc606f99369ee202badc245ecacd105dd9d0fb3c5a888d9f2ce38f915be', 9, 1, 'mobile', '[]', 1, '2022-05-31 12:29:11', '2022-05-31 12:29:11', '2023-05-31 12:29:11'),
('d3fb1c3e4a4bfd4b7d05c777ca060c40883203ec1becb2fb4c6719f0a14df4a205db66a6c1a32dce', 7, 1, 'mobile', '[]', 0, '2020-06-10 22:34:39', '2020-06-10 22:34:39', '2021-06-10 15:34:39'),
('d493cfe41af43d864f52a2b22c82f38fd4823d71c987d47d41621349c6a0e804de2a6214d044e9b1', 25, 1, 'mobile', '[]', 0, '2021-04-04 12:41:17', '2021-04-04 12:41:17', '2022-04-04 07:41:17'),
('d4d3518b2a15ce62f93b21e2f4d0973184f52ceace61eb63e712f15c29f6c636294ce04ebb55fa90', 4, 1, 'mobile', '[]', 0, '2021-12-02 20:37:49', '2021-12-02 20:37:49', '2022-12-02 14:37:49'),
('d4f9b3b279d96298106c44c19ced54242203cb01ea5bb6c4f3435b678b8fe7c4a5614cb275aa383a', 14, 1, 'mobile', '[]', 0, '2021-03-15 18:03:43', '2021-03-15 18:03:43', '2022-03-15 13:03:43'),
('d51932bb95d5163fe1ae57be8a10044913daf95b09c5f5672bf6a18e4945cb61d98bed0e11684d53', 17, 1, 'mobile', '[]', 1, '2021-03-16 19:54:59', '2021-03-16 19:54:59', '2022-03-16 14:54:59'),
('d51ad6be0b752bb3e8c1e09fef3e274b286ee58466c171f1908ff938a3411684f0fcada6e1c4ccfc', 2, 1, 'mobile', '[]', 0, '2022-01-18 21:46:54', '2022-01-18 21:46:54', '2023-01-18 15:46:54'),
('d5978a1c3f2cecebc1ea45928b79e02c947014cca3503430ef4abeba108a2e291b23d4ff544d0b98', 18, 1, 'mobile', '[]', 0, '2021-03-31 11:28:07', '2021-03-31 11:28:07', '2022-03-31 06:28:07'),
('d5b687a76fc0f3932eaa6e2e45b897aab49f3ff304d5ac70395f0c786a3e75f438df29c99214c349', 4, 1, 'mobile', '[]', 1, '2022-01-31 19:01:06', '2022-01-31 19:01:06', '2023-01-31 13:01:06'),
('d5c52524087aee7b241eee6d146c8cf1fc19d349aecf11dbf76f1d37542aa809d947c17a4ae2fccf', 23, 1, 'mobile', '[]', 0, '2021-04-05 21:17:03', '2021-04-05 21:17:03', '2022-04-05 16:17:03'),
('d5cf5157fe6ecf3ea62614e7f5e6740b85fd15a9832d9b234d382a62d13988e35f35bfd368b0506a', 23, 1, 'mobile', '[]', 1, '2021-03-21 17:30:07', '2021-03-21 17:30:07', '2022-03-21 12:30:07'),
('d5d535906a077567cf0c51fdba2ff2e55758f98f0008903d0dcff77c69d24ed3b219e97c5522dbef', 1, 1, 'mobile', '[]', 1, '2020-03-31 10:06:29', '2020-03-31 10:06:29', '2021-03-31 13:06:29'),
('d5f4039e45daedcea0a2d689462610920a51e5bf0bdeea050e1bd289ecbc3337176f1ccc24ad4df4', 1, 1, 'mobile', '[]', 0, '2021-05-18 11:04:29', '2021-05-18 11:04:29', '2022-05-18 11:04:29'),
('d5f9604e20ad4273801560b4cf9a0b57ad1abf1d8d78a4efae0e29beef9091dad0d8d3293803b8ea', 1, 1, 'mobile', '[]', 0, '2021-12-08 09:15:25', '2021-12-08 09:15:25', '2022-12-08 03:15:25'),
('d63f7433f9ce047bab9ad628b4f2051fb76555fb4966a80adedeaf0629c70a70b643981f5b6c220a', 15, 1, 'mobile', '[]', 1, '2021-03-23 14:45:18', '2021-03-23 14:45:18', '2022-03-23 09:45:18'),
('d64cac32c2e5737618b20be939bf04ed1882c59918f6997a9a49cc2abd5e48752cc2866efad94506', 14, 1, 'mobile', '[]', 0, '2021-06-13 08:23:50', '2021-06-13 08:23:50', '2022-06-13 08:23:50'),
('d6586c0f310f9e0e771c17bf19dfe83570e06895f6c7ce6ad5c9a8ca6bd291ac1d87409916b43deb', 1, 1, 'mobile', '[]', 0, '2021-12-12 16:30:11', '2021-12-12 16:30:11', '2022-12-12 10:30:11'),
('d65f2b20f619b5e842623c57721c43d6bd1b003e6dbbd9d9b95e76fc6af9d2baa37fc5b398bdf9ad', 16, 1, 'mobile', '[]', 0, '2022-06-07 09:19:02', '2022-06-07 09:19:02', '2023-06-07 09:19:02'),
('d66d17ac9fa4a68f0050bae23f04ee60c0d1d7b85fab2ad298983f25793544275087f233c306da25', 12, 1, 'mobile', '[]', 0, '2019-12-11 20:46:26', '2019-12-11 20:46:26', '2020-12-11 13:46:26'),
('d683e56f18e932a41d20329f65dbe98f283b9800fb121f1c33955b6d3aea547f9bda2415bb1f543c', 23, 1, 'mobile', '[]', 1, '2021-03-23 14:47:35', '2021-03-23 14:47:35', '2022-03-23 09:47:35'),
('d69aae0328a56cdad9fbc3e46835f103a3ad3f6502fc60075e57ec5c78536432fc8d14948afd6c7d', 7, 1, 'mobile', '[]', 0, '2021-04-21 14:44:19', '2021-04-21 14:44:19', '2022-04-21 14:44:19'),
('d6a114d1034d4dbe607bbf5b354a76df358203346e83804b854db2880089ae2385e4992ceae08c7e', 1, 1, 'mobile', '[]', 0, '2021-12-07 03:42:51', '2021-12-07 03:42:51', '2022-12-06 21:42:51'),
('d6faa9eaf9e1e88954bb3b8d0164d0dd24b6f7d30190ecad216390e7ac25a688e99635cab5747f21', 10, 1, 'mobile', '[]', 1, '2021-06-17 10:16:38', '2021-06-17 10:16:38', '2022-06-17 10:16:38'),
('d708dde9028e211a23bb3146d1e1e7ee4376e86212a9dd629ae03c5ed18f0f59fba2c3011e365471', 7, 1, 'mobile', '[]', 1, '2020-06-03 21:12:06', '2020-06-03 21:12:06', '2021-06-03 14:12:06'),
('d70e1cda77f73e32ee818eafff3e59aa6b23e19fab0239c4cc7c2a02ff6abc49904fd39c83cb6db0', 15, 1, 'mobile', '[]', 0, '2021-03-22 14:13:27', '2021-03-22 14:13:27', '2022-03-22 09:13:27'),
('d77206731d30a2cf0e18b6f1d75740736c500c25e42331d60a09cc9dfbedaf0dc5aa69906e2d38ae', 31, 1, 'mobile', '[]', 1, '2021-03-31 12:46:01', '2021-03-31 12:46:01', '2022-03-31 07:46:01'),
('d799dab95d3269de4081e54184054f4403914ac31fe5e88181e530f77d7d6ae88184cfc5270f7fe3', 1, 1, 'mobile', '[]', 0, '2020-06-10 22:02:43', '2020-06-10 22:02:43', '2021-06-10 15:02:43'),
('d7a78334b7b99eb5b17ab8372fecdb3693bca5aa140d51fcafb55eeb11ecbc3413a4e25f6d1d459a', 12, 1, 'mobile', '[]', 0, '2021-02-24 02:51:04', '2021-02-24 02:51:04', '2022-02-23 20:51:04'),
('d7c048db0cc9a4e0e0acd46a68ad6b02c2d2d60e0774d1acf5dab7fb426f34e96feff7acf3e08976', 33, 1, 'mobile', '[]', 0, '2021-11-17 10:19:31', '2021-11-17 10:19:31', '2022-11-17 13:19:31'),
('d7ca80f5d2b717005184586c7bf3d44acc7fa0f08c3b8e0d018b14e4a966602aaae662de88d60b45', 1, 1, 'mobile', '[]', 0, '2020-04-28 22:15:27', '2020-04-28 22:15:27', '2021-04-28 17:15:27'),
('d7f0d024c7b2c1af8cbdbe6965c5037c19e3a2bbbd4b9b757c3ee36bebf5489d3d42a774b312a445', 23, 1, 'mobile', '[]', 0, '2021-03-19 04:29:14', '2021-03-19 04:29:14', '2022-03-18 23:29:14'),
('d7f17c66798d63fbe98a3585022731fb1256326977a1e60e9072186b1cd4aa0ea27c3a079ded5e87', 3, 1, 'mobile', '[]', 0, '2021-05-18 10:07:50', '2021-05-18 10:07:50', '2022-05-18 10:07:50'),
('d81e3bcacb4ff84fcafd3404c9302e9377f51e8c37c081cb1d9b122ed665e24f4253448aa344cd49', 15, 1, 'mobile', '[]', 0, '2021-03-08 15:49:17', '2021-03-08 15:49:17', '2022-03-08 09:49:17'),
('d830033a40719c91c0d76c41d27ca7272b6da7ae2f3fdceab3593efc7aa7d43cea275734cba459d8', 15, 1, 'mobile', '[]', 0, '2021-03-22 14:00:07', '2021-03-22 14:00:07', '2022-03-22 09:00:07'),
('d87fa84853f7b2463bc78ee85268c0c40254f7587800dcb2475f809b4dc961c00947cdea59021536', 1, 1, 'mobile', '[]', 0, '2020-04-22 21:40:24', '2020-04-22 21:40:24', '2021-04-22 16:40:24'),
('d900e62b20a89e48ee670f27e0b26ffc7d53c2ef0b73899e4970c0d23d787e6bd0414f219af67147', 9, 1, 'mobile', '[]', 1, '2022-06-06 07:39:49', '2022-06-06 07:39:49', '2023-06-06 07:39:49'),
('d928083f64fbd10b211f24580416cfc4aefed97de2eeb46db11ff51dfa361d95bb49fba8cfbb7aea', 9, 1, 'mobile', '[]', 0, '2022-06-06 07:37:13', '2022-06-06 07:37:13', '2023-06-06 07:37:13'),
('d9c5f8934ad6141441ab796f246ae177a98e5e264c29e5320ee36e8fd4372613ec74dee045e1bfcf', 14, 1, 'mobile', '[]', 0, '2021-06-09 13:19:04', '2021-06-09 13:19:04', '2022-06-09 13:19:04'),
('d9ca54c8609898010786b8a79e4ae8dd3d03b3dc5134e2a63e2fd679da8b282f444f6da09ce5d696', 3, 1, 'mobile', '[]', 0, '2022-02-03 16:25:39', '2022-02-03 16:25:39', '2023-02-03 10:25:39'),
('d9ee10729f140b208bd6149e2fb98b4ff48c462e177e38dc68eca507772cdf7e3862ac5780f08523', 9, 1, 'mobile', '[]', 1, '2022-06-06 11:10:46', '2022-06-06 11:10:46', '2023-06-06 11:10:46'),
('da08265c83a158b47a2195632feeed7607ce7b53d57262a3c50ab5f0dad604566dd5e67327889d05', 17, 1, 'mobile', '[]', 1, '2021-03-18 05:18:50', '2021-03-18 05:18:50', '2022-03-18 00:18:50'),
('da70dd93324c6620f750ef3e1f9194aac23c38d2f79b3e70dbcd77b1bc1af5c7385659bb190c1e63', 1, 1, 'mobile', '[]', 0, '2021-12-07 15:43:35', '2021-12-07 15:43:35', '2022-12-07 09:43:35'),
('da83d09d8946a6d0e0ba2aa6d8001fac10bcefd4de1aeccec5481710c6330ca7f42cf644c3e2bfc0', 9, 1, 'mobile', '[]', 1, '2022-06-01 08:23:51', '2022-06-01 08:23:51', '2023-06-01 08:23:51'),
('da9bcf1062eab979a28764ae9404b9bd439de420326e9860d5da38c6ec99c03de230f8e5e9789ba2', 1, 1, 'mobile', '[]', 0, '2020-03-31 10:37:48', '2020-03-31 10:37:48', '2021-03-31 13:37:48'),
('dab09a2725c2c7ce57bf2497bfcbff39a5f6ef2de2a302319f34fcf9d9f6a5c93e6407d8b9ac29dd', 15, 1, 'mobile', '[]', 1, '2021-03-09 09:25:50', '2021-03-09 09:25:50', '2022-03-09 03:25:50'),
('dab0b6b25fca8b615e817f3d73cce177e2c30e48732575f18a7bc86d83646d07b2cd94e45deee78f', 2, 1, 'mobile', '[]', 1, '2022-01-12 20:15:45', '2022-01-12 20:15:45', '2023-01-12 14:15:45'),
('dab257236bbe14d7c7be01f666fa123cddd4dc57413096a9186c95af6a3e08209bbf6ae36026fac9', 2, 1, 'mobile', '[]', 0, '2021-12-20 21:01:48', '2021-12-20 21:01:48', '2022-12-20 15:01:48'),
('dac57a402a800faf28f5ea68b3d9a4c4105e85153b136301f6d9dde2867bbb49388a409a42309f98', 9, 1, 'mobile', '[]', 0, '2022-06-04 15:08:15', '2022-06-04 15:08:15', '2023-06-04 15:08:15'),
('dacb4d2fe8b23643f76b3a21205cd5a3517b3db63db8d4470b404e7b491fafdb98ac571d4cc9b3cf', 10, 1, 'mobile', '[]', 1, '2021-06-16 15:39:51', '2021-06-16 15:39:51', '2022-06-16 15:39:51'),
('daf5865fbb9f815acd003de27d03b33ef95ef7387a04f564bcb2791c045d7f52cf5c4a35ad4e1967', 12, 1, 'mobile', '[]', 0, '2021-03-04 19:25:10', '2021-03-04 19:25:10', '2022-03-04 13:25:10'),
('dafcd7d4815019f1271593878d2bda8c9818ac1dc6f6e584ff53acef13ffa6dfcbc3112d209dd9e1', 17, 1, 'mobile', '[]', 0, '2021-03-31 08:59:07', '2021-03-31 08:59:07', '2022-03-31 03:59:07'),
('db12d9dfd5391a5656fe54d650345724da81166edc70a82d25660558b6e21bf99ac02f9934fd99c5', 15, 1, 'mobile', '[]', 1, '2021-03-14 17:23:50', '2021-03-14 17:23:50', '2022-03-14 12:23:50'),
('db4d6c2e3d4ded1fe30aa893ead0074e54683fd346f38f397c270843db771faf519314d4d3014f53', 1, 1, 'mobile', '[]', 1, '2022-05-24 03:22:02', '2022-05-24 03:22:02', '2023-05-24 06:22:02'),
('db69c23daf756c1dadd244c93f5313e0c4a5c10399bbad2b4153219034fbf2f00af8bb38148d0218', 1, 1, 'mobile', '[]', 0, '2022-01-03 22:28:35', '2022-01-03 22:28:35', '2023-01-03 16:28:35'),
('db7556be505b0c56810d100e26276d05d0ec8c869a94fec3ad1598f058cdba0296b926447f1eccdf', 1, 1, 'mobile', '[]', 0, '2022-05-24 04:44:08', '2022-05-24 04:44:08', '2023-05-24 07:44:08'),
('db96663655a40d44accb241369154d9a9f5c1a6c98bc9b40fe6e013229db776adbc4d1ba58083420', 10, 1, 'mobile', '[]', 0, '2021-06-14 16:05:02', '2021-06-14 16:05:02', '2022-06-14 16:05:02'),
('dbcd64d79643f63de114fd56b8442333749ccf2e2b16437828ba5a8b53b2b4628b681c5e0a76b949', 9, 1, 'mobile', '[]', 0, '2022-06-01 06:51:20', '2022-06-01 06:51:20', '2023-06-01 06:51:20'),
('dbe4b2680dc82e23707f0cce55551bc27c7962eebd28c3039cdc2a3eab10157899281ba42ac9f41e', 29, 1, 'mobile', '[]', 1, '2022-01-18 00:11:56', '2022-01-18 00:11:56', '2023-01-17 18:11:56'),
('dbf447a20e25bde1c0d12312a285fd269402478843cbdab9b245c126ff7710589be24b4838f25ab4', 3, 1, 'mobile', '[]', 1, '2022-02-02 20:25:19', '2022-02-02 20:25:19', '2023-02-02 14:25:19'),
('dc281c2d94ff53f78d380ac234ab3eb9f01c5cdc2bea8ac21a91609c2cff929aef629a576800fc2b', 1, 1, 'mobile', '[]', 0, '2022-01-04 19:17:12', '2022-01-04 19:17:12', '2023-01-04 13:17:12'),
('dca1e0d7e0e55c6ba0f29b0a1e85a0c2b1901ec50e1dc61564066217a57ab8cad89776592d5852aa', 2, 1, 'mobile', '[]', 1, '2022-01-18 00:20:04', '2022-01-18 00:20:04', '2023-01-17 18:20:04'),
('dcc4321dddd34ba7026f5cb0dd01a80ae51e21e342ae505fb1fd997d882479f586bc2caac3fcb0cf', 7, 1, 'mobile', '[]', 0, '2020-06-11 22:06:38', '2020-06-11 22:06:38', '2021-06-11 15:06:38'),
('dcdc26eb98b976ce7966308b30b17d4a4a968dac219db7809ccd15a7bf0bd200a58fcc1e2f899d52', 15, 1, 'mobile', '[]', 0, '2021-03-08 19:40:54', '2021-03-08 19:40:54', '2022-03-08 13:40:54'),
('dd5f9114d1df7ec26c4840b9fdb8c55ff0b296f0cee4435006155ad28f56c692a50735a22153c2f1', 1, 1, 'mobile', '[]', 1, '2022-06-07 06:49:39', '2022-06-07 06:49:39', '2023-06-07 06:49:39'),
('dd787f38bc3831c932b3431bee63da7cab145f3a9d2364093d666dcdd3ac25692cde074252b26947', 15, 1, 'mobile', '[]', 0, '2022-01-13 18:57:13', '2022-01-13 18:57:13', '2023-01-13 12:57:13'),
('dd972ac6010e091c2409918aa8f6589c6a9e4abe774f6590842de4a33a8c1e6a0c611fb95648ccfe', 4, 1, 'mobile', '[]', 0, '2020-06-11 00:19:59', '2020-06-11 00:19:59', '2021-06-10 17:19:59'),
('ddf60ec6e39b3ef292b97293e410624ee241a3896261d4c51bb649ba9dd4ebbf651a15b8ef51a911', 1, 1, 'mobile', '[]', 1, '2022-06-07 06:27:39', '2022-06-07 06:27:39', '2023-06-07 06:27:39'),
('ddff8396c8541ab627f5ef2f2fe4e7443de6e632d93acfcdc7d302fa998000a2cd04fe63f8bc661d', 7, 1, 'mobile', '[]', 0, '2020-06-04 09:19:06', '2020-06-04 09:19:06', '2021-06-04 02:19:06'),
('de7adb2555aabfdb0c6f399346cc4301df4101713239a886feb108776f887729f577cecdcaa189e6', 29, 1, 'mobile', '[]', 1, '2021-11-04 08:15:24', '2021-11-04 08:15:24', '2022-11-04 11:15:24'),
('de8dcf645289890245c613fd1dea42f6576a559c9a9bcea8e8b90b5a16984faf3b6162f9f53044bf', 15, 1, 'mobile', '[]', 0, '2021-03-09 09:39:38', '2021-03-09 09:39:38', '2022-03-09 03:39:38'),
('de9c54d337d161dba2ac107eaed9e5b4f85f850c91c23ebc49198b1e9ca992444b880e77f646ab18', 7, 1, 'mobile', '[]', 0, '2020-06-04 16:33:02', '2020-06-04 16:33:02', '2021-06-04 09:33:02'),
('dea558464f66675031431ecea4e95b7ab6e6e1a70b8ee2925042e2c2378c4eb68f397941d1fbe276', 17, 1, 'mobile', '[]', 0, '2021-03-30 15:24:53', '2021-03-30 15:24:53', '2022-03-30 10:24:53'),
('dfab8ea7548eee0a0661034231eb7c6a0a24fe75addaa4d9894f08176349ea9b9035eec2f69faef3', 1, 1, 'mobile', '[]', 1, '2022-06-07 06:19:42', '2022-06-07 06:19:42', '2023-06-07 06:19:42'),
('dfb73b0622640225c2b20716a7ce867ed0780130d7b9d797a851730409f974a74b93d75022c3ad63', 2, 1, 'mobile', '[]', 0, '2021-12-22 15:45:44', '2021-12-22 15:45:44', '2022-12-22 09:45:44'),
('dfbed0655b55e9b4d96324e64dce7dc1c868e29f21f75f30848c20fde14b4b5934d98983b6e4d415', 7, 1, 'mobile', '[]', 0, '2021-05-30 15:07:19', '2021-05-30 15:07:19', '2022-05-30 15:07:19'),
('dfdce3cb72dcb1d9d90f49541dfa493fc040c39bb0278507fa45e300c8920b07d09dff0574b48966', 1, 1, 'mobile', '[]', 0, '2021-12-06 21:39:51', '2021-12-06 21:39:51', '2022-12-06 15:39:51'),
('e026e5787d3aa630f42a9d62e5e1445a435c9e1479d688cd6251506173cebe0918908820b681df15', 4, 1, 'mobile', '[]', 0, '2020-06-11 00:13:54', '2020-06-11 00:13:54', '2021-06-10 17:13:54'),
('e04c702c0e0858f8a0df4f03232790465f01a45004e9e271a486f1448d4b2803ee84c2f6e2fc110a', 9, 1, 'mobile', '[]', 0, '2022-06-05 05:49:31', '2022-06-05 05:49:31', '2023-06-05 05:49:31'),
('e066263bec41ab9c4af6baab0657757bcf0a2de4dcbae0c325b593b370359620e670b90f9c634a20', 20, 1, 'mobile', '[]', 1, '2022-01-19 00:47:57', '2022-01-19 00:47:57', '2023-01-18 18:47:57'),
('e066c07f50aed90727ea66ab644896b6e2ba4eb0a2b711773ff90426c888b08c980bedb3bd208e55', 4, 1, 'mobile', '[]', 0, '2021-03-08 13:19:43', '2021-03-08 13:19:43', '2022-03-08 07:19:43'),
('e0cacca19cad9bd3be070b320cdd9a1a50cdc31186597f94fe5f0338b96eaaf992f75ee40fcc50a2', 29, 1, 'mobile', '[]', 0, '2022-01-19 20:48:02', '2022-01-19 20:48:02', '2023-01-19 14:48:02'),
('e11497e96f6653faf8fe8a4df0f68841404c4693ae94908f40ebcbf2165bdc07036db712099f76cb', 25, 1, 'mobile', '[]', 0, '2021-03-23 13:57:40', '2021-03-23 13:57:40', '2022-03-23 08:57:40'),
('e144ca7c4b40cc10647359da9268be808be3b54939a4ac101061a5f58cfaad59bcf2be76f832ec94', 15, 1, 'mobile', '[]', 1, '2021-03-09 13:27:31', '2021-03-09 13:27:31', '2022-03-09 07:27:31'),
('e1632f7499ca369357aa992ee29a3f580cba4192f1f435eae309e7b45006c04f6234ea4268c05300', 10, 1, 'mobile', '[]', 0, '2021-12-12 18:32:35', '2021-12-12 18:32:35', '2022-12-12 12:32:35'),
('e175d9710cc96f38c093c5a0014d288fbc0b087f793278daa6eecbfc2545704ef98bca4056f8867a', 3, 1, 'mobile', '[]', 0, '2020-04-28 22:25:57', '2020-04-28 22:25:57', '2021-04-28 17:25:57'),
('e1ab6d2b5b9bad25837e9bba1f72179ad13f808142d7a4e6a74471fe6dbdffcbd08e099cd2faff73', 10, 1, 'mobile', '[]', 0, '2021-06-21 20:08:54', '2021-06-21 20:08:54', '2022-06-21 20:08:54'),
('e1ba4e07b9722a6438a8f3ea7f3701b49136ed65d13aea47b318e793a98dc4eb680deba9cf27a171', 9, 1, 'mobile', '[]', 0, '2022-06-01 09:14:49', '2022-06-01 09:14:49', '2023-06-01 09:14:49'),
('e1dba4da1ef0018f61050b437433f4bf55bf320403f2a2bb3f5f9bd4464c8e26eddf2dd197cd42e1', 29, 1, 'mobile', '[]', 0, '2021-03-28 14:19:29', '2021-03-28 14:19:29', '2022-03-28 09:19:29'),
('e1eddddd042daab2abd0d06dcfdb211d4d1c9946bc75d28ee3e2f5a55330fdfc0f67d9362b45200b', 12, 1, 'mobile', '[]', 0, '2021-03-17 11:56:55', '2021-03-17 11:56:55', '2022-03-17 06:56:55'),
('e29436df3c18c470996d562318ddfbf0ede0f1d472d4f384812ade3f69324a7a04d9331e3ad686a1', 7, 1, 'mobile', '[]', 0, '2021-05-30 14:32:39', '2021-05-30 14:32:39', '2022-05-30 14:32:39'),
('e30d963fd4c1d1e8e2b2ee5bdf388492593bd1a62aab122931aadccb27c609334e6620a8f0d2bd1c', 9, 1, 'mobile', '[]', 1, '2022-06-04 15:25:43', '2022-06-04 15:25:43', '2023-06-04 15:25:43'),
('e33f38d908dff504d6bc2d020a1877fd8bfca3583067e4bcf1b06cb957915f667d242664cc678234', 13, 1, 'mobile', '[]', 0, '2022-05-30 09:50:56', '2022-05-30 09:50:56', '2023-05-30 09:50:56'),
('e3abde7dcbd0a5a213fe588ef0bf786c84347ddadf1917c9bc0f9d6ce0cf4c624b5f2a2b7abde5ae', 7, 1, 'mobile', '[]', 0, '2021-04-23 18:32:37', '2021-04-23 18:32:37', '2022-04-23 18:32:37'),
('e3c1174ead7de63d3a2569d1011f83bac04b457c6c8d1321e468d9b303600827437a72e2168c9223', 13, 1, 'mobile', '[]', 0, '2021-02-24 13:49:21', '2021-02-24 13:49:21', '2022-02-24 07:49:21'),
('e3ed9bd591eb685b7119b13fb44fe89a58a034cff0b9503f26a91a24c38fc660cf3103690fa8022f', 9, 1, 'mobile', '[]', 1, '2022-06-06 12:39:43', '2022-06-06 12:39:43', '2023-06-06 12:39:43'),
('e4b72ed7fb9ef1a2ce3b68284efc66916e0ad8749c4a9795ece96a256ba844ffa439f2e5fb307f0a', 2, 1, 'mobile', '[]', 0, '2021-12-14 16:08:13', '2021-12-14 16:08:13', '2022-12-14 10:08:13'),
('e4b91482b66526b81ba272bd4647959b4aa8ebf2b46b381ccefcef7069925845b9a0b25beb15ca8f', 1, 1, 'mobile', '[]', 0, '2019-11-30 20:13:56', '2019-11-30 20:13:56', '2020-11-30 13:13:56'),
('e513b95cc13926ee7476527721e787a33ed25ef02a5b0d7365199efe3d8ae7f5338e365fbc8383e5', 15, 1, 'mobile', '[]', 1, '2021-03-17 18:39:00', '2021-03-17 18:39:00', '2022-03-17 13:39:00'),
('e5e4a3128fc2cf11208250a0444abc3836c699c9808583641e5c7440d0a504fc0697df4752d5bf9a', 9, 1, 'mobile', '[]', 0, '2022-05-30 17:38:58', '2022-05-30 17:38:58', '2023-05-30 17:38:58'),
('e607b5aa30cf589172c926fc850331ca6be566449cc0807fd7259f63a73a7335d74ba0c0fb3d3e26', 1, 1, 'mobile', '[]', 0, '2021-02-24 02:44:30', '2021-02-24 02:44:30', '2022-02-23 20:44:30'),
('e6311dbd74c8eb6ad7c3332014c15fa7ee9a57bcfa43f2fc51b9bc06415fa94218fd4580afd35e92', 1, 1, 'mobile', '[]', 0, '2021-12-05 17:46:37', '2021-12-05 17:46:37', '2022-12-05 11:46:37'),
('e6382a0fcd356bd568b4a8f194004e375b1e85cb0173a29c3b294b5fcafecd6a0207299e0f22d7c3', 15, 1, 'mobile', '[]', 1, '2021-03-16 23:29:09', '2021-03-16 23:29:09', '2022-03-16 18:29:09'),
('e67343080e995eb4331b2ca6597a641237dd2038fafeb24ab0ff07009885a93f1f3478e886799247', 26, 1, 'mobile', '[]', 0, '2021-03-23 17:16:09', '2021-03-23 17:16:09', '2022-03-23 12:16:09'),
('e6d7e5d556adb7bfc4a920d4e11ab349b000cf31d97276b95ef5e704dedd64741841444d0e043f91', 2, 1, 'mobile', '[]', 0, '2022-01-11 23:23:26', '2022-01-11 23:23:26', '2023-01-11 17:23:26'),
('e725a71f4f836bd826c8d127a04089b538eada1b21e910c3ae71c09f74fa8155459bbb74ee462691', 15, 1, 'mobile', '[]', 1, '2021-03-16 13:17:08', '2021-03-16 13:17:08', '2022-03-16 08:17:08'),
('e7413cebcf9d9cc1e7806f4908369091388a3947862471d4c45a114305b14b6af20a700ea3f3cc49', 2, 1, 'mobile', '[]', 1, '2022-01-03 22:26:06', '2022-01-03 22:26:06', '2023-01-03 16:26:06'),
('e7612fb94aec86758451dd072cfb9ee973cb1f5a65ebb7959a00cb51b66da7adff70388247efc4dc', 17, 1, 'mobile', '[]', 0, '2021-04-06 03:51:47', '2021-04-06 03:51:47', '2022-04-05 22:51:47'),
('e7a9643713e72f0f51aeb7adf3715d079fbc95ab0345781984c3515b23c92c5015c1621710798aca', 7, 1, 'mobile', '[]', 0, '2020-06-09 23:54:15', '2020-06-09 23:54:15', '2021-06-09 16:54:15'),
('e7df46a5505b5b7230e0e50d71b240d3767fd7515a40a46828c2c4d842881915b5d5c68ff15a730a', 7, 1, 'mobile', '[]', 0, '2021-04-21 15:52:43', '2021-04-21 15:52:43', '2022-04-21 15:52:43'),
('e889924d3088d45b183dc97c3c1a166f04f22d4c366277926b91d5301c6c6d18ecb4d5cbe4ff5205', 16, 1, 'mobile', '[]', 0, '2022-06-06 07:31:42', '2022-06-06 07:31:42', '2023-06-06 07:31:42'),
('e8bca7662f3b2c3389f6ed98d5e74e60737f0a285f93b49a6cd8468a029fa413ad2d1efaf4e49a0f', 10, 1, 'mobile', '[]', 0, '2021-06-14 16:05:40', '2021-06-14 16:05:40', '2022-06-14 16:05:40'),
('e8da3171d230b0a7d95a03caecf15d7d9251df972d0269417d488f52cd155d44cf5764a7ebfc5fa2', 9, 1, 'mobile', '[]', 1, '2022-06-06 10:16:24', '2022-06-06 10:16:24', '2023-06-06 10:16:24'),
('e91a4f2b41f299dd51c59e6bb576b287594a5c151ed914cc23eef4b85a2471e788a80a5237804dc9', 9, 1, 'mobile', '[]', 1, '2022-06-08 07:25:07', '2022-06-08 07:25:07', '2023-06-08 07:25:07'),
('e93e88d5fb2c1e46beeb6d43dfa1be8d1be06293ba15d7527c3eb7785ed14a78372a2f126d6f3722', 7, 1, 'mobile', '[]', 0, '2021-04-21 15:45:45', '2021-04-21 15:45:45', '2022-04-21 15:45:45'),
('e9a5221d3214fb28c81c76399152571bb1c92b02befef5e83712bfd70dc5511424c4c3d1b1a8bd2d', 2, 1, 'mobile', '[]', 1, '2021-12-27 16:54:47', '2021-12-27 16:54:47', '2022-12-27 10:54:47'),
('e9b6b8110c9decab1755f4dc0e49d247dbc1707cc2436ed0c6abb9bc0e5724dba8ee4767de6bb590', 16, 1, 'mobile', '[]', 0, '2022-06-12 07:03:08', '2022-06-12 07:03:08', '2023-06-12 10:03:08'),
('e9d3e990ee081672c2fbab0c561ac48764e7b65e6c98aa12bd2097d74a8c269f3deb3b0ff0203fdb', 7, 1, 'mobile', '[]', 0, '2021-05-11 23:44:53', '2021-05-11 23:44:53', '2022-05-11 23:44:53'),
('e9e93e9ed09152e6d417aab5b659a3c91f962131c4a68ce3ab52688add3b21651f871b5ae0b22c6d', 18, 1, 'mobile', '[]', 1, '2021-03-17 11:43:12', '2021-03-17 11:43:12', '2022-03-17 06:43:12'),
('e9eefe5910320a4b302795916225c46bfcc9ca197d477eb0173f86caa82ad83a3e5fa0ac3f6a4592', 7, 1, 'mobile', '[]', 0, '2020-06-10 19:06:12', '2020-06-10 19:06:12', '2021-06-10 12:06:12'),
('ea351a1a80a5ddd4d7eea8daa1c831a3bf3bc494c390fa4e613a50290e2ced5a59da25e84601ec06', 9, 1, 'mobile', '[]', 1, '2022-06-06 10:03:25', '2022-06-06 10:03:25', '2023-06-06 10:03:25'),
('eab7bc30e32a62d98bb58e378468d8e433d2fffe69a314817eea06fbbd38414176f5cdf1de8c02ac', 7, 1, 'mobile', '[]', 1, '2020-06-03 18:40:31', '2020-06-03 18:40:31', '2021-06-03 11:40:31'),
('eabe3b5c9a3cfe68059829821fdc086b2ee557b0bb513f29a9f6179f99eb44221f06458ba6d453af', 1, 1, 'mobile', '[]', 0, '2022-01-09 21:38:50', '2022-01-09 21:38:50', '2023-01-09 15:38:50'),
('eabff31a549b348fa6c5ec779c17f9064410aa5341f54cb6925c062886b55ceb6f9cf89dd60d5162', 7, 1, 'mobile', '[]', 0, '2021-04-21 14:14:50', '2021-04-21 14:14:50', '2022-04-21 14:14:50'),
('eaf8437b9cfd1daee5e4464000795c4463e6227e91c46f773e86ad2f5d620bf09f87819eb3db1d7c', 12, 1, 'mobile', '[]', 0, '2019-12-11 22:53:08', '2019-12-11 22:53:08', '2020-12-11 15:53:08'),
('eb3f2fc16250c3544411dd48582f8f6170ce50389508d006ae2707a2c2873992c9b7f58d96d6a510', 9, 1, 'mobile', '[]', 0, '2022-06-07 09:19:49', '2022-06-07 09:19:49', '2023-06-07 09:19:49'),
('eb622f2c995bfc524d8ae4c63dcd7d63d5aad698c6726c7687fb9db550669ebf3898c1d890852f04', 1, 1, 'mobile', '[]', 0, '2021-12-02 22:44:42', '2021-12-02 22:44:42', '2022-12-02 16:44:42'),
('eb709ae88233ee5cc825f41f8fdd5bf1fdbea230886fe066fe120029a0a238425ebf9adb0c7a4357', 4, 1, 'mobile', '[]', 1, '2022-02-02 20:37:26', '2022-02-02 20:37:26', '2023-02-02 14:37:26'),
('ec20cd889a5e1e95dd98016f39fb19add8b36fd9fa08761da6a74b2bf891ec4ac94c285dfdd87546', 15, 1, 'mobile', '[]', 1, '2021-03-09 09:52:32', '2021-03-09 09:52:32', '2022-03-09 03:52:32'),
('ec2290b38745118dbe1b5109987c8c2e9e5a0d1319cd33bf4c5fe9bd413d7ab4bbd5ae42bb4a0eae', 2, 1, 'mobile', '[]', 0, '2021-12-22 22:18:11', '2021-12-22 22:18:11', '2022-12-22 16:18:11'),
('ed081451da4ceb47fa9387db45ca709481777b6b52f33df3ee9001c3786367f6ff2d4707a32a744d', 1, 1, 'mobile', '[]', 1, '2022-06-08 07:19:01', '2022-06-08 07:19:01', '2023-06-08 07:19:01'),
('ed08363814e46bc164fd3f7b309626558511307f64a7a947d3af8b21f52a1108db27d5a1cd4b9fc1', 23, 1, 'mobile', '[]', 1, '2021-03-17 22:49:49', '2021-03-17 22:49:49', '2022-03-17 17:49:49'),
('ed26b4d5fda52bebace13373958fc4b6695a73ed954ba0b46f763bd8f229b319dee9cb0f81d21042', 15, 1, 'mobile', '[]', 1, '2021-03-10 14:19:48', '2021-03-10 14:19:48', '2022-03-10 08:19:48'),
('ed5269789d0a92ea6ceafbf3cc3e6f17eb61ae806557651eca49773ed572bb4927c351b5151629d8', 2, 1, 'mobile', '[]', 0, '2021-12-26 20:39:55', '2021-12-26 20:39:55', '2022-12-26 14:39:55'),
('ed78c0a5468a4c26c7cfc9b743419b02b47f9d8629d6b7960a345c7fc0fc6283ef9f91b6be95826d', 29, 1, 'mobile', '[]', 1, '2021-11-08 09:22:36', '2021-11-08 09:22:36', '2022-11-08 12:22:36'),
('edbf115a3e10ab9c107b5cbe03abc154804dc65c48b06601d92c1525b2213697ca6bcfcfdfd95de9', 9, 1, 'mobile', '[]', 1, '2022-06-06 11:04:20', '2022-06-06 11:04:20', '2023-06-06 11:04:20'),
('ee180f050173c987a64d823b6375527c4c95c0e11c6c4017e1b815076b33c46e53c23345c1c846ab', 15, 1, 'mobile', '[]', 0, '2021-03-22 14:00:20', '2021-03-22 14:00:20', '2022-03-22 09:00:20'),
('ee5521fc8fae3a737ec7ffb0656986e08943f097cb9752b779bb8a90a74ab6b7d907922b820c42cd', 7, 1, 'mobile', '[]', 0, '2021-04-21 14:05:53', '2021-04-21 14:05:53', '2022-04-21 14:05:53'),
('ee7be3592e5790714eb47245164501bad037f130d712e466dbf06ef2b54c8b933e20f48b7c158d8a', 29, 1, 'mobile', '[]', 1, '2021-11-08 10:00:48', '2021-11-08 10:00:48', '2022-11-08 13:00:48'),
('eea44b2818769aad08cd04ad6d93470f826438db6454949cade30730ead2091351175c240f07370d', 35, 1, 'mobile', '[]', 1, '2021-04-09 15:39:43', '2021-04-09 15:39:43', '2022-04-09 10:39:43'),
('eee4571d1a76ed535140dfa3dfb436f943de45d7ceed202b645206989ef6d56bca9feeb0ff17814f', 20, 1, 'mobile', '[]', 1, '2022-01-04 23:00:20', '2022-01-04 23:00:20', '2023-01-04 17:00:20'),
('eee7fa4eb947db6f48a292836703f176d7c1b78439183a506d8c07f2b86b99af62b5973c44ed20ed', 1, 1, 'mobile', '[]', 0, '2022-05-24 04:47:01', '2022-05-24 04:47:01', '2023-05-24 07:47:01'),
('ef4b8b979d2ca24c7ebbbb96333eb08690c66911430a07de5d4a018e71a99c4c17572d885bcfdd41', 9, 1, 'mobile', '[]', 0, '2022-06-08 10:40:08', '2022-06-08 10:40:08', '2023-06-08 10:40:08'),
('ef95329b423fd43ff6482f3397d235487b2bdaac56f50d40d6c729ec444f24c485028c3f13234270', 29, 1, 'mobile', '[]', 1, '2022-01-19 18:07:37', '2022-01-19 18:07:37', '2023-01-19 12:07:37'),
('efd4ffa30f0b096268c82bd0d0cf09cd0cfe3c6c7b9555268318ef0d76af09a483fb4bf1148c7fe7', 22, 1, 'mobile', '[]', 1, '2021-03-17 17:34:00', '2021-03-17 17:34:00', '2022-03-17 12:34:00'),
('effe84ebe3fe3d068270a7585d6511e48c77efdb848643152579e2e9a077c3c56a3e724c59ac2f0a', 9, 1, 'mobile', '[]', 1, '2022-06-06 07:37:54', '2022-06-06 07:37:54', '2023-06-06 07:37:54'),
('f05389adcbfef608162914f1df8f15c47a98cf6e15ac4c8457b82c8db5fcd7e8130ff0adbb36d96c', 7, 1, 'mobile', '[]', 0, '2020-06-18 23:28:31', '2020-06-18 23:28:31', '2021-06-18 16:28:31'),
('f067e502cf0a2de2a86780c97ca1ac79a11ec320a83c233eb223ce7a87ef5fbb3faae4d323e7ddaa', 1, 1, 'mobile', '[]', 0, '2022-06-01 05:56:35', '2022-06-01 05:56:35', '2023-06-01 05:56:35'),
('f090cb7e081471e86011202ac1c6a1790c9057d973d4a7d22e41ede7d5696e8f491bcb354e1dfe25', 17, 1, 'mobile', '[]', 0, '2021-03-14 12:04:20', '2021-03-14 12:04:20', '2022-03-14 07:04:20'),
('f0b84a28f9499a402108cd45673f99b1eabe084e49e8a1b313a4fc2e2da8e38d14cb7f73e07caf59', 12, 1, 'mobile', '[]', 0, '2021-03-04 19:49:10', '2021-03-04 19:49:10', '2022-03-04 13:49:10'),
('f0ea40c56f4bf8ecb8ec42958b94da79d4e6a06f68631700c824cd1c933688df917b81017ab06ca2', 14, 1, 'mobile', '[]', 0, '2021-06-09 11:55:15', '2021-06-09 11:55:15', '2022-06-09 11:55:15'),
('f0eac71c6fbea1ea5fda9193d21b5e75c8435a43b837dd4406990248592af0c9ff4fab5cfea01804', 10, 1, 'mobile', '[]', 0, '2021-06-09 09:24:43', '2021-06-09 09:24:43', '2022-06-09 09:24:43'),
('f101af4b664106c660a5bf9c5dec3e3767121ad162c1563951825abe6d4bf9baeaacab6ea1e4ea8a', 3, 1, 'mobile', '[]', 1, '2022-02-03 15:49:43', '2022-02-03 15:49:43', '2023-02-03 09:49:43'),
('f139c421f754545c80847be7ede2d68eaeecda860b542daa4b82af167adb3924ae2d43d26ca1f80a', 6, 1, 'mobile', '[]', 0, '2021-04-21 13:54:10', '2021-04-21 13:54:10', '2022-04-21 13:54:10'),
('f147e0d1985febae8e495bfb356ea354c3ea41b093523cd8857d948c642f4433fafbb202df7b496e', 2, 1, 'mobile', '[]', 1, '2022-01-10 21:38:33', '2022-01-10 21:38:33', '2023-01-10 15:38:33'),
('f1d9e3907371710d8439990463cdf5a024765245ba73e955214c40233b15b7345681566b3428c8aa', 13, 1, 'mobile', '[]', 0, '2021-03-03 16:29:00', '2021-03-03 16:29:00', '2022-03-03 10:29:00'),
('f203b214ef6572f9178aede12370fc8646a432088cc6ecc4602b1fab66a72797f53abbf99623c02a', 3, 1, 'mobile', '[]', 0, '2021-05-18 10:04:37', '2021-05-18 10:04:37', '2022-05-18 10:04:37'),
('f2501591b72fb0f011b45e7b788d92f63cdb4db6d25b7c63fa3249304305300e228d3d1bf15503d2', 3, 1, 'mobile', '[]', 0, '2020-04-28 22:25:51', '2020-04-28 22:25:51', '2021-04-28 17:25:51'),
('f2672369b5014ae7b4ed5b867b4bcab361902eec25a83fb98a1a6ad0a96a01b2d68096243c1e88c2', 14, 1, 'mobile', '[]', 1, '2021-06-15 11:44:18', '2021-06-15 11:44:18', '2022-06-15 11:44:18'),
('f27a702aed0694141337498021c81f74d6059afcd401962c2099a3e18be76f214815308d29fefde7', 15, 1, 'mobile', '[]', 1, '2021-03-23 22:46:47', '2021-03-23 22:46:47', '2022-03-23 17:46:47'),
('f28856a383cc4a7d1b98f7f4016396d07bfa4b133c09460d29eccca4e1f0110d4df0dab332365753', 1, 1, 'mobile', '[]', 0, '2019-12-09 05:38:26', '2019-12-09 05:38:26', '2020-12-08 22:38:26'),
('f2bc5e860598a18aad1a1570f3bcc21559ab2ce7b51fb59f056e34a30ae6ad82fd9dc1c5cf7c17b8', 1, 1, 'mobile', '[]', 0, '2021-12-02 17:21:57', '2021-12-02 17:21:57', '2022-12-02 11:21:57'),
('f2be18e892b5c4551dd44788c9e4cf85f842a7bbe9c11a8cf49ea3e5501dc900ab6592a695c032ad', 2, 1, 'mobile', '[]', 0, '2021-12-16 15:36:04', '2021-12-16 15:36:04', '2022-12-16 09:36:04'),
('f2cf92bca8e48a0a7efb4c002305e3f82aa98e6faffb26b51c6982cc1f4a0c2e318c8c47b70234ec', 2, 1, 'mobile', '[]', 1, '2022-01-19 01:44:18', '2022-01-19 01:44:18', '2023-01-18 19:44:18'),
('f30ed31004af47588d45af75007b7e894dd62edbb8d4081803e4264000f0af6e5a51248b24f600db', 1, 1, 'mobile', '[]', 0, '2021-11-29 07:43:39', '2021-11-29 07:43:39', '2022-11-29 09:43:39'),
('f312d2003687a897adf28ca37d2faf835b33c9c4bd13591b47f1f4cb51ed5ffa6a458e1c8384f964', 1, 1, 'mobile', '[]', 0, '2021-02-23 16:56:33', '2021-02-23 16:56:33', '2022-02-23 10:56:33'),
('f35d2527dc1426d2d6b576d86c638b7f68acf7fcb3fbd48e879380d1b841d4ea8c2fc21e6040b17c', 9, 1, 'mobile', '[]', 0, '2022-06-01 08:40:08', '2022-06-01 08:40:08', '2023-06-01 08:40:08'),
('f3e72b87938cf3fccbe760263a62c961a822a1da9a60372c9a467b6a28911b29da1b194e1fb04421', 2, 1, 'mobile', '[]', 0, '2021-12-14 17:48:37', '2021-12-14 17:48:37', '2022-12-14 11:48:37'),
('f41600bde94355e57f20e5bf561c5e22abf25e3458f21c97f507e1a19c390a3d04dc1e442253209c', 10, 1, 'mobile', '[]', 0, '2021-06-10 08:13:45', '2021-06-10 08:13:45', '2022-06-10 08:13:45'),
('f421c74296531e0fbee1728c7b6310844b78dba86ba51aad053760bddcdc47ca1c86386a1df2ac2a', 1, 1, 'mobile', '[]', 0, '2021-12-02 22:49:03', '2021-12-02 22:49:03', '2022-12-02 16:49:03'),
('f42a5cd400be1061d659fd89faa3c60594cbbadfe8b2df88f3c283705e4fa2860d281d391efba5cc', 15, 1, 'mobile', '[]', 1, '2021-03-22 14:10:45', '2021-03-22 14:10:45', '2022-03-22 09:10:45'),
('f4834c8e7fee6010ad3caaec6355158565e209e9956508e51f21242783b0fdf6cc1cbb69e9524139', 3, 1, 'mobile', '[]', 0, '2022-01-26 18:11:30', '2022-01-26 18:11:30', '2023-01-26 12:11:30'),
('f494aadd57d717ea71d717eb85ce588bfe7d2783220c81b248bea1745ff6342b0299b4591e59ee87', 1, 1, 'mobile', '[]', 0, '2020-06-10 22:02:25', '2020-06-10 22:02:25', '2021-06-10 15:02:25'),
('f4d6a266634cddb4aa658e23131e1fc2c95d630769eb269a9245b3a63049ec5f5d9cbd95fb22e7a3', 2, 1, 'mobile', '[]', 0, '2022-01-13 19:52:03', '2022-01-13 19:52:03', '2023-01-13 13:52:03'),
('f4e95e7a5fd97697413c6579cf65f93b0c1d9f797c6631af4208f1220a4c025f11c5b23b45cbca94', 9, 1, 'mobile', '[]', 1, '2022-05-31 11:40:47', '2022-05-31 11:40:47', '2023-05-31 11:40:47'),
('f53969ffbb1839cdc0a1d15f4ba7a158c2f02bb15e3a520055395af2eb5cdbc47e97c7c388354914', 9, 1, 'mobile', '[]', 1, '2022-06-06 12:46:57', '2022-06-06 12:46:57', '2023-06-06 12:46:57'),
('f554ebb249b2602cbd64a31d24ece7bf204dace51493b45d7039be15bafccee12ba40bc93e9201aa', 1, 1, 'mobile', '[]', 0, '2021-03-16 17:28:19', '2021-03-16 17:28:19', '2022-03-16 12:28:19'),
('f5b86e1a725f63d6a598ade42e8fa681b68c50f6f3f605a9787520a1d986375c53d38b53f7663354', 2, 1, 'mobile', '[]', 0, '2022-01-10 22:39:55', '2022-01-10 22:39:55', '2023-01-10 16:39:55'),
('f5b8d86714c837890d598679ce2d0fbe3d7c26a2aacd99834edf2296b6e3682c43deb10f0413e307', 3, 1, 'mobile', '[]', 0, '2019-11-30 00:50:39', '2019-11-30 00:50:39', '2020-11-29 17:50:39'),
('f6075bcfdb7edc2b4c9bfc5d0d3fdcf522ff75956afff61e6829e5ef819b290b74cc12edc5a7b7d4', 2, 1, 'mobile', '[]', 0, '2022-01-02 21:04:39', '2022-01-02 21:04:39', '2023-01-02 15:04:39'),
('f61ff593c6332d1e0ef213f28b29db0a07234adb729e082d9d73abdfb53328fb1eb5e02dafa17cf0', 35, 1, 'mobile', '[]', 1, '2021-04-09 15:47:50', '2021-04-09 15:47:50', '2022-04-09 10:47:50'),
('f62e7f141e34401c99cd4cc9b767d140cf4aa2bccafa13a05d1fd94747d1b06a87464c3bfbea7855', 15, 1, 'mobile', '[]', 0, '2021-03-19 04:29:39', '2021-03-19 04:29:39', '2022-03-18 23:29:39'),
('f6455e97ec5ceaf103c30552cb93b74ecfa2abd75ce8d3026eaa066bcbe6ac6e4c70463f7963f38c', 1, 1, 'mobile', '[]', 0, '2019-12-13 04:53:14', '2019-12-13 04:53:14', '2020-12-12 21:53:14'),
('f652a7eed93680f014f61a88aa625f936335769d4569b32e32020e5c6c6eda4520e6aec12c5aba44', 10, 1, 'mobile', '[]', 0, '2021-06-10 09:22:13', '2021-06-10 09:22:13', '2022-06-10 09:22:13'),
('f65b170043d019fff05f945d86cb6bd8b3ea6bcdd013b38c585ec0b41a15ff4d7427cf6fc4ec354d', 1, 1, 'mobile', '[]', 0, '2021-12-05 15:34:58', '2021-12-05 15:34:58', '2022-12-05 09:34:58'),
('f69088cf21c37ba79020c8b7e146af4f596244900fc34666ef952732c81948bc79f98da54fcd2a40', 15, 1, 'mobile', '[]', 0, '2021-03-17 17:58:45', '2021-03-17 17:58:45', '2022-03-17 12:58:45'),
('f6c884ac10cd5bbbc0ce1aaf56ed179cfa2d1b93bcabfd83bba7fd87f6da2730426d2916f9948d53', 12, 1, 'mobile', '[]', 1, '2021-02-25 18:27:20', '2021-02-25 18:27:20', '2022-02-25 12:27:20'),
('f7657ec55d9a9b704aabe544359f2c8ee393c96ecd2c8ef249c22748a958ba152ecbb2e8bfb50397', 10, 1, 'mobile', '[]', 0, '2021-06-27 11:44:45', '2021-06-27 11:44:45', '2022-06-27 11:44:45');
INSERT INTO `oauth_access_tokens` (`id`, `user_id`, `client_id`, `name`, `scopes`, `revoked`, `created_at`, `updated_at`, `expires_at`) VALUES
('f7682090d1ac6ca0328aad1a2e51d51c78825b79f0377484727239d693e974bc47e0a5138d62dac4', 7, 1, 'mobile', '[]', 1, '2020-06-04 13:21:55', '2020-06-04 13:21:55', '2021-06-04 06:21:55'),
('f7dced780805d027bc48e2c04aa5c9e2dba8a5f515655677bd6435a4d3a74438e6705c440179cd9f', 34, 1, 'mobile', '[]', 0, '2021-11-23 13:45:59', '2021-11-23 13:45:59', '2022-11-23 16:45:59'),
('f7f83ecd869e8a5132885b7a5babc29d771d0aa07b3e180bd34fb7c3a323988f1715aa412670fb61', 9, 1, 'mobile', '[]', 0, '2022-05-31 10:10:16', '2022-05-31 10:10:16', '2023-05-31 10:10:16'),
('f84d3355cc1bd48faf4989f60298563ae24e2596c83d07a607d4ceae7143d555161e508bf7e74944', 15, 1, 'mobile', '[]', 1, '2021-03-17 23:24:34', '2021-03-17 23:24:34', '2022-03-17 18:24:34'),
('f89755947236432777d14ed83a23d4fd9f67fb58111cfb392a6948966a5f9c9d28a30c26a1945bdc', 3, 1, 'mobile', '[]', 1, '2022-02-02 20:07:06', '2022-02-02 20:07:06', '2023-02-02 14:07:06'),
('f8b8f4df9083264d98668ce47b447d16ea66e25d4719da93475a67e5f2af7f41ebc457a8e1e6b22e', 2, 1, 'mobile', '[]', 1, '2022-01-18 21:16:11', '2022-01-18 21:16:11', '2023-01-18 15:16:11'),
('f8caad913407c326690372b3f721c0725652df0c3386035ccb76d526261c1e6e4c9fcaefa0d751cc', 15, 1, 'mobile', '[]', 1, '2021-03-22 17:44:35', '2021-03-22 17:44:35', '2022-03-22 12:44:35'),
('f92a25342b736852f1a6b8cac8894f2db1ea822db3e3ccd04651944aa7c526a2cfdb3fc8032ba348', 1, 1, 'mobile', '[]', 0, '2021-03-16 17:34:47', '2021-03-16 17:34:47', '2022-03-16 12:34:47'),
('f9373708a0f6806a473511ec77e6c58e0511e2687497d1da0178b2ca72089020c1b80ec938d673a8', 1, 1, 'mobile', '[]', 0, '2021-12-05 21:54:38', '2021-12-05 21:54:38', '2022-12-05 15:54:38'),
('f94abcfbe0a2c5c41e9c7d474ea4487479a3da402105adf6d6d43fffad28d12226aa6b3d38ea73d1', 1, 1, 'mobile', '[]', 1, '2022-06-08 07:22:15', '2022-06-08 07:22:15', '2023-06-08 07:22:15'),
('f984ec989084395466b7469a8984eb95458ef7d9c42b8cf7f7f463e40da5deda72ee843d85a49d75', 4, 1, 'mobile', '[]', 0, '2022-05-26 03:23:36', '2022-05-26 03:23:36', '2023-05-26 06:23:36'),
('f9c8aa58292ca67057433ebeaef5ffb88676313993c638e7b998c5e9e0766c329caa24f1ee242138', 30, 1, 'mobile', '[]', 1, '2021-11-08 09:07:04', '2021-11-08 09:07:04', '2022-11-08 12:07:04'),
('fa04049efa5a266fcac331a3ef705e11208ca88e7f9ab2544ded7013999573346bbb43974d1fdb72', 9, 1, 'mobile', '[]', 1, '2022-05-31 11:58:02', '2022-05-31 11:58:02', '2023-05-31 11:58:02'),
('faa86d5b1867441cd42d0cc2c7dc937b9f4af491eaf70fdc756e6308e9ae19d48a9ae6e6e85b8967', 10, 1, 'mobile', '[]', 1, '2021-06-08 05:14:56', '2021-06-08 05:14:56', '2022-06-08 08:14:56'),
('fab173ad0f21f6cb2d0c4d15594bf21fb8974de19fc191cf53a42e3f0c0b1c023ade60648419b972', 2, 1, 'mobile', '[]', 1, '2022-01-11 03:14:59', '2022-01-11 03:14:59', '2023-01-10 21:14:59'),
('fab794d97adb3490e305181a21cdc2e81ba815d263a1f19a2f59a7d345b4dd0a240723efbb504f67', 14, 1, 'mobile', '[]', 0, '2021-12-27 17:06:30', '2021-12-27 17:06:30', '2022-12-27 11:06:30'),
('fad9a8294f478e274ed75f19f648662d96b2ba34f01a0ac7be633e13b591638bc10f6429b09bdec4', 14, 1, 'mobile', '[]', 0, '2021-06-10 11:02:43', '2021-06-10 11:02:43', '2022-06-10 11:02:43'),
('faf5d1184c96b803834acf8b7bf9e649b5752123e65600d2306edba38eb4f60865f7263be37e60b1', 12, 1, 'mobile', '[]', 1, '2021-03-06 02:56:46', '2021-03-06 02:56:46', '2022-03-05 20:56:46'),
('fb3d6e13e9561720bc64ce384c0962a05234a31570662f297ed908b716f26e9161312cf0bafa6527', 12, 1, 'mobile', '[]', 0, '2021-03-16 17:21:31', '2021-03-16 17:21:31', '2022-03-16 12:21:31'),
('fb4ca5cfd9b255b029a04ba639f33f7540c2ee7dcbfd0d45c09621c2e01b62a9cc274c44a72b8993', 2, 1, 'mobile', '[]', 0, '2019-11-30 17:37:12', '2019-11-30 17:37:12', '2020-11-30 10:37:12'),
('fb6a04a9e93fbd851ff7f85a7fb90872dcfbd8481d90a40f296e4d78780123c2006c9b144b413bf7', 7, 1, 'mobile', '[]', 0, '2021-03-16 17:03:33', '2021-03-16 17:03:33', '2022-03-16 12:03:33'),
('fbaa8064219f5abece7936654f85b9f7ae7b446bc23d9f426d5eb1118a7997c9c83befdf13434a07', 23, 1, 'mobile', '[]', 0, '2021-03-18 06:06:11', '2021-03-18 06:06:11', '2022-03-18 01:06:11'),
('fbcc0de1cdce50018917735276d2996eed7d476dd5fbdbd4b9b6621b9a659484bb2e9efad076c694', 1, 1, 'mobile', '[]', 0, '2021-12-02 19:55:57', '2021-12-02 19:55:57', '2022-12-02 13:55:57'),
('fc5455199656f1fdf19d3aeb63e2423aa0e3f3fad7ca564b0bc291af0e2605a8eb7dade8951f2da8', 7, 1, 'mobile', '[]', 0, '2020-06-07 22:13:06', '2020-06-07 22:13:06', '2021-06-07 15:13:06'),
('fc67c6ac81db125542494f92ab4872d57d79dd7d3080c796fc2dd225f7b3cc3c1f569d5388407b43', 4, 1, 'mobile', '[]', 0, '2021-03-22 14:54:54', '2021-03-22 14:54:54', '2022-03-22 09:54:54'),
('fc80c0c1918d1d21d35382823d2e6a03eeab904619a337bce0068f3880f75318f82356e4c8124674', 9, 1, 'mobile', '[]', 0, '2022-05-31 11:43:22', '2022-05-31 11:43:22', '2023-05-31 11:43:22'),
('fc88b5c4762202bb34b17d789c73f5252dad1940da0ae2d3c09f9a2326483b8eb6814805b138415b', 17, 1, 'mobile', '[]', 0, '2021-03-17 23:33:30', '2021-03-17 23:33:30', '2022-03-17 18:33:30'),
('fcba733ad0da10dc239297079df09897c89e83eb60a7cacb70787a055e5270a9f1e0a4c577d73b6d', 7, 1, 'mobile', '[]', 0, '2020-06-04 16:33:36', '2020-06-04 16:33:36', '2021-06-04 09:33:36'),
('fcdb279e6973b7a956bd8c979c5f50d35ec612639f5efce257adcf369824fe17e9902307204e5f2c', 9, 1, 'mobile', '[]', 0, '2022-06-01 08:46:39', '2022-06-01 08:46:39', '2023-06-01 08:46:39'),
('fdca3c77e873e78cb76bf1f7a264dabf57d9e973adea6eda9a79d61a602c5bb6a9aa7d54a2e32d78', 9, 1, 'mobile', '[]', 0, '2022-06-04 11:00:28', '2022-06-04 11:00:28', '2023-06-04 11:00:28'),
('fdd05249d3eac790d6bb128fd3f67acdb44d805c55e2fd82678c7cc476516d8e295e1134e4ed2ea9', 9, 1, 'mobile', '[]', 1, '2022-06-06 10:44:46', '2022-06-06 10:44:46', '2023-06-06 10:44:46'),
('fde265706fcceda763537dc9134c57d5bf12219f10ecb3e3845d9f9062740f581002f79f5a949096', 1, 1, 'mobile', '[]', 0, '2022-06-01 06:18:56', '2022-06-01 06:18:56', '2023-06-01 06:18:56'),
('fdee18279b4b5b000d37a471e593d76ac227ab539bdbcb0e70c26d53ca291ae0d1f3c078fca62ae1', 4, 1, 'mobile', '[]', 0, '2022-05-25 03:24:16', '2022-05-25 03:24:16', '2023-05-25 06:24:16'),
('fdff075bfe16b7f8923ca08a77012853790de8c87fe1cb970ebe9cbcfc3223b0ab8f77b11a7de606', 2, 1, 'mobile', '[]', 1, '2022-01-03 22:26:59', '2022-01-03 22:26:59', '2023-01-03 16:26:59'),
('fe0032bb5f3aebe60a5198b2a53f7952f967226bac51ecd944c6a0b1f9d528ed29a6d6eb4ff60a47', 10, 1, 'mobile', '[]', 0, '2021-06-09 14:40:50', '2021-06-09 14:40:50', '2022-06-09 14:40:50'),
('fe7ce2e1d110b3de1da28c335e5c45725eb688b017db09bd519f4c1cd3c4c3518a1374edc4ba54a8', 2, 1, 'mobile', '[]', 1, '2022-01-19 21:25:13', '2022-01-19 21:25:13', '2023-01-19 15:25:13'),
('fec5858cd029dbe1e8a0b3eb2588bc15d2cdb5458a98a8d7e221c21d2ce6f000a476d270013ccb49', 12, 1, 'mobile', '[]', 0, '2021-03-16 12:23:08', '2021-03-16 12:23:08', '2022-03-16 07:23:08'),
('ff043bc6eb0b03dcd4d18ba2e96c374a6ef12ab3b00bf30c15257b608fc7e5eeaa7b7526f40f35d6', 2, 1, 'mobile', '[]', 0, '2021-12-22 22:17:25', '2021-12-22 22:17:25', '2022-12-22 16:17:25'),
('ff2b6d5cded51ef1d3e0b6c4e092a4957ecfdb40acf7e43389051656ebcedb78026e113c43e5b97b', 15, 1, 'mobile', '[]', 1, '2021-03-14 14:54:14', '2021-03-14 14:54:14', '2022-03-14 09:54:14'),
('ff32f03e96681ffae1bfae9877e26e35c158dba639f47552ae2dd21ad9da12cfe70eb5f883be8245', 1, 1, 'mobile', '[]', 0, '2021-03-16 17:32:38', '2021-03-16 17:32:38', '2022-03-16 12:32:38'),
('ff3e88583194f0f06f02a4103136e925825b18338a91a7f0f39be50b55576c7b5668142d377de9fb', 15, 1, 'mobile', '[]', 1, '2021-03-14 16:09:26', '2021-03-14 16:09:26', '2022-03-14 11:09:26'),
('ff82b04e8accbe95b1a1644763ff076d13087df1fb20812483ee1e0e18e9c0c28ca6dcc807a97e25', 1, 1, 'mobile', '[]', 0, '2021-12-05 16:20:05', '2021-12-05 16:20:05', '2022-12-05 10:20:05'),
('ffd7b25859273e47b1321fcc7d3ce4387b87db45f25c8b4d5f478d9f5c266c0f5a74cc289756f42d', 4, 1, 'mobile', '[]', 0, '2021-03-08 20:21:41', '2021-03-08 20:21:41', '2022-03-08 14:21:41'),
('ffda525e46bb3a1109327b0d81375482ca1e3bddd591724dd8a3f8608f323918d26a727f52c721db', 15, 1, 'mobile', '[]', 1, '2021-03-21 17:57:08', '2021-03-21 17:57:08', '2022-03-21 12:57:08'),
('ffdaf303fe558558e33ebaa7a763ccf177a6980e8a990207e9812ff84abfeeec5d07a2d2a94d68e9', 15, 1, 'mobile', '[]', 1, '2021-03-17 17:59:28', '2021-03-17 17:59:28', '2022-03-17 12:59:28');

-- --------------------------------------------------------

--
-- Table structure for table `oauth_auth_codes`
--

CREATE TABLE `oauth_auth_codes` (
  `id` varchar(100) COLLATE utf8mb4_unicode_ci NOT NULL,
  `user_id` bigint(20) UNSIGNED NOT NULL,
  `client_id` char(36) COLLATE utf8mb4_unicode_ci NOT NULL,
  `scopes` text COLLATE utf8mb4_unicode_ci DEFAULT NULL,
  `revoked` tinyint(1) NOT NULL,
  `expires_at` datetime DEFAULT NULL
) ENGINE=InnoDB DEFAULT CHARSET=utf8mb4 COLLATE=utf8mb4_unicode_ci;

-- --------------------------------------------------------

--
-- Table structure for table `oauth_clients`
--

CREATE TABLE `oauth_clients` (
  `id` int(10) UNSIGNED NOT NULL,
  `user_id` int(11) DEFAULT NULL,
  `name` varchar(191) COLLATE utf8mb4_unicode_ci NOT NULL,
  `secret` varchar(100) COLLATE utf8mb4_unicode_ci NOT NULL,
  `redirect` text COLLATE utf8mb4_unicode_ci NOT NULL,
  `personal_access_client` tinyint(1) NOT NULL,
  `password_client` tinyint(1) NOT NULL,
  `revoked` tinyint(1) NOT NULL,
  `created_at` timestamp NULL DEFAULT NULL,
  `updated_at` timestamp NULL DEFAULT NULL
) ENGINE=InnoDB DEFAULT CHARSET=utf8mb4 COLLATE=utf8mb4_unicode_ci;

--
-- Dumping data for table `oauth_clients`
--

INSERT INTO `oauth_clients` (`id`, `user_id`, `name`, `secret`, `redirect`, `personal_access_client`, `password_client`, `revoked`, `created_at`, `updated_at`) VALUES
(1, NULL, 'Laravel Personal Access Client', 'b5R7r18pfp92zTbIeNbcAEUnUOKAFj4RF26OQBQ9', 'http://localhost', 1, 0, 0, '2018-04-04 05:12:13', '2018-04-04 05:12:13'),
(2, NULL, 'Laravel Password Grant Client', '8FeNSQNGX4ImJ1IScKBaEi1XzD76DFIifSRBjn9j', 'http://localhost', 0, 1, 0, '2018-04-04 05:12:13', '2018-04-04 05:12:13');

-- --------------------------------------------------------

--
-- Table structure for table `oauth_personal_access_clients`
--

CREATE TABLE `oauth_personal_access_clients` (
  `id` int(10) UNSIGNED NOT NULL,
  `client_id` int(11) NOT NULL,
  `created_at` timestamp NULL DEFAULT NULL,
  `updated_at` timestamp NULL DEFAULT NULL
) ENGINE=InnoDB DEFAULT CHARSET=utf8mb4 COLLATE=utf8mb4_unicode_ci;

--
-- Dumping data for table `oauth_personal_access_clients`
--

INSERT INTO `oauth_personal_access_clients` (`id`, `client_id`, `created_at`, `updated_at`) VALUES
(1, 1, '2018-04-04 05:12:13', '2018-04-04 05:12:13');

-- --------------------------------------------------------

--
-- Table structure for table `oauth_refresh_tokens`
--

CREATE TABLE `oauth_refresh_tokens` (
  `id` varchar(100) COLLATE utf8mb4_unicode_ci NOT NULL,
  `access_token_id` varchar(100) COLLATE utf8mb4_unicode_ci NOT NULL,
  `revoked` tinyint(1) NOT NULL,
  `expires_at` datetime DEFAULT NULL
) ENGINE=InnoDB DEFAULT CHARSET=utf8mb4 COLLATE=utf8mb4_unicode_ci;

-- --------------------------------------------------------

--
-- Table structure for table `pages`
--

CREATE TABLE `pages` (
  `id` bigint(20) UNSIGNED NOT NULL,
  `image` varchar(191) COLLATE utf8mb4_unicode_ci NOT NULL,
  `views` int(11) NOT NULL,
  `slug` varchar(191) COLLATE utf8mb4_unicode_ci NOT NULL,
  `status` enum('active','not_active') COLLATE utf8mb4_unicode_ci NOT NULL,
  `created_at` timestamp NULL DEFAULT NULL,
  `updated_at` timestamp NULL DEFAULT NULL,
  `deleted_at` timestamp NULL DEFAULT NULL
) ENGINE=InnoDB DEFAULT CHARSET=utf8mb4 COLLATE=utf8mb4_unicode_ci;

--
-- Dumping data for table `pages`
--

INSERT INTO `pages` (`id`, `image`, `views`, `slug`, `status`, `created_at`, `updated_at`, `deleted_at`) VALUES
(1, 'image.png', 1, 'about-us', 'active', NULL, NULL, NULL),
(2, 'image.png', 1, 'privacy-policy', 'active', NULL, NULL, NULL),
(3, 'image.png', 1, 'terms-of-use', 'active', NULL, NULL, NULL),
(4, 'image.png', 1, 'return_policy_page', 'active', NULL, NULL, NULL);

-- --------------------------------------------------------

--
-- Table structure for table `page_translations`
--

CREATE TABLE `page_translations` (
  `id` bigint(20) UNSIGNED NOT NULL,
  `page_id` int(11) NOT NULL,
  `locale` varchar(191) COLLATE utf8mb4_unicode_ci NOT NULL,
  `title` varchar(191) COLLATE utf8mb4_unicode_ci NOT NULL,
  `description` text COLLATE utf8mb4_unicode_ci NOT NULL,
  `key_words` text COLLATE utf8mb4_unicode_ci NOT NULL,
  `created_at` timestamp NULL DEFAULT NULL,
  `updated_at` timestamp NULL DEFAULT NULL,
  `deleted_at` timestamp NULL DEFAULT NULL
) ENGINE=InnoDB DEFAULT CHARSET=utf8mb4 COLLATE=utf8mb4_unicode_ci;

--
-- Dumping data for table `page_translations`
--

INSERT INTO `page_translations` (`id`, `page_id`, `locale`, `title`, `description`, `key_words`, `created_at`, `updated_at`, `deleted_at`) VALUES
(1, 1, 'en', 'about us', 'description', 'key words', NULL, NULL, NULL),
(2, 1, 'ar', 'من نحن', 'description', 'key words', NULL, NULL, NULL),
(3, 2, 'en', 'privacy policy', 'description', 'key words', NULL, NULL, NULL),
(4, 2, 'ar', 'سياسة الخصوصية', 'description', 'key words', NULL, NULL, NULL),
(5, 3, 'en', 'terms of use', 'description', 'key words', NULL, NULL, NULL),
(6, 3, 'ar', 'شروط الاستخدام', 'description', 'key words', NULL, NULL, NULL),
(7, 4, 'en', 'return policy page', 'description', 'key words', NULL, NULL, NULL),
(8, 4, 'ar', 'سياسة الارجاع', 'description', 'key words', NULL, NULL, NULL);

-- --------------------------------------------------------

--
-- Table structure for table `password_resets`
--

CREATE TABLE `password_resets` (
  `email` varchar(191) COLLATE utf8mb4_unicode_ci NOT NULL,
  `token` varchar(191) COLLATE utf8mb4_unicode_ci NOT NULL,
  `created_at` timestamp NULL DEFAULT NULL
) ENGINE=InnoDB DEFAULT CHARSET=utf8mb4 COLLATE=utf8mb4_unicode_ci;

-- --------------------------------------------------------

--
-- Table structure for table `permissions`
--

CREATE TABLE `permissions` (
  `id` bigint(20) UNSIGNED NOT NULL,
  `slug` varchar(191) COLLATE utf8mb4_unicode_ci NOT NULL,
  `created_at` timestamp NULL DEFAULT NULL,
  `updated_at` timestamp NULL DEFAULT NULL,
  `deleted_at` timestamp NULL DEFAULT NULL
) ENGINE=InnoDB DEFAULT CHARSET=utf8mb4 COLLATE=utf8mb4_unicode_ci;

--
-- Dumping data for table `permissions`
--

INSERT INTO `permissions` (`id`, `slug`, `created_at`, `updated_at`, `deleted_at`) VALUES
(1, 'admins-show', NULL, NULL, NULL),
(2, 'admins-create', NULL, NULL, NULL),
(3, 'admins-edit', NULL, NULL, NULL),
(4, 'admins-delete', NULL, NULL, NULL),
(5, 'users-show', NULL, NULL, NULL),
(6, 'users-edit', NULL, NULL, NULL),
(7, 'users-delete', NULL, NULL, NULL),
(8, 'landingPages-show', NULL, NULL, NULL),
(9, 'landingPages-edit', NULL, NULL, NULL),
(10, 'categories-show', NULL, NULL, NULL),
(11, 'categories-edit', NULL, NULL, NULL),
(12, 'plans-show', NULL, NULL, NULL),
(13, 'plans-create', NULL, NULL, NULL),
(14, 'plans-edit', NULL, NULL, NULL),
(15, 'plans-delete', NULL, NULL, NULL),
(16, 'articles-show', NULL, NULL, NULL),
(17, 'articles-create', NULL, NULL, NULL),
(18, 'articles-edit', NULL, NULL, NULL),
(19, 'articles-delete', NULL, NULL, NULL),
(20, 'videos-show', NULL, NULL, NULL),
(21, 'videos-create', NULL, NULL, NULL),
(22, 'videos-edit', NULL, NULL, NULL),
(23, 'videos-delete', NULL, NULL, NULL),
(24, 'subscription-show', NULL, NULL, NULL),
(25, 'subscription-delete', NULL, NULL, NULL),
(26, 'contacts-show', NULL, NULL, NULL),
(27, 'contacts-delete', NULL, NULL, NULL),
(28, 'pages-show', NULL, NULL, NULL),
(29, 'pages-edit', NULL, NULL, NULL),
(30, 'roles-show', NULL, NULL, NULL),
(31, 'roles-create', NULL, NULL, NULL),
(32, 'roles-edit', NULL, NULL, NULL),
(33, 'roles-delete', NULL, NULL, NULL),
(34, 'settings-show', NULL, NULL, NULL),
(35, 'settings-edit', NULL, NULL, NULL),
(36, 'home-show', NULL, NULL, NULL);

-- --------------------------------------------------------

--
-- Table structure for table `permission_translations`
--

CREATE TABLE `permission_translations` (
  `id` bigint(20) UNSIGNED NOT NULL,
  `permission_id` int(11) NOT NULL,
  `locale` varchar(191) COLLATE utf8mb4_unicode_ci NOT NULL,
  `name` varchar(191) COLLATE utf8mb4_unicode_ci NOT NULL,
  `created_at` timestamp NULL DEFAULT NULL,
  `updated_at` timestamp NULL DEFAULT NULL,
  `deleted_at` timestamp NULL DEFAULT NULL
) ENGINE=InnoDB DEFAULT CHARSET=utf8mb4 COLLATE=utf8mb4_unicode_ci;

--
-- Dumping data for table `permission_translations`
--

INSERT INTO `permission_translations` (`id`, `permission_id`, `locale`, `name`, `created_at`, `updated_at`, `deleted_at`) VALUES
(1, 1, 'en', 'admins-show', NULL, NULL, NULL),
(2, 1, 'ar', 'عرض المدراء', NULL, NULL, NULL),
(3, 2, 'en', 'admins-create', NULL, NULL, NULL),
(4, 2, 'ar', 'إضافة المدراء', NULL, NULL, NULL),
(5, 3, 'en', 'admins-edit', NULL, NULL, NULL),
(6, 3, 'ar', 'تعديل المدراء', NULL, NULL, NULL),
(7, 4, 'en', 'admins-delete', NULL, NULL, NULL),
(8, 4, 'ar', 'حذف المدراء', NULL, NULL, NULL),
(9, 5, 'en', 'users-show', NULL, NULL, NULL),
(10, 5, 'ar', 'عرض المستخدمين', NULL, NULL, NULL),
(11, 6, 'en', 'users-edit', NULL, NULL, NULL),
(12, 6, 'ar', 'تعديل المستخدمين', NULL, NULL, NULL),
(13, 7, 'en', 'users-delete', NULL, NULL, NULL),
(14, 7, 'ar', 'حذف المستخدمين', NULL, NULL, NULL),
(15, 8, 'en', 'landingPages-show', NULL, NULL, NULL),
(16, 8, 'ar', 'عرض الصفحة الرئيسية', NULL, NULL, NULL),
(17, 9, 'en', 'landingPages-edit', NULL, NULL, NULL),
(18, 9, 'ar', 'تعديل الصفحة الرئيسية', NULL, NULL, NULL),
(19, 10, 'en', 'categories-show', NULL, NULL, NULL),
(20, 10, 'ar', 'عرض التصنيفات', NULL, NULL, NULL),
(21, 12, 'en', 'categories-edit', NULL, NULL, NULL),
(22, 12, 'ar', 'تعديل التصنيفات', NULL, NULL, NULL),
(23, 14, 'en', 'plans-show', NULL, NULL, NULL),
(24, 14, 'ar', 'عرض الخطط', NULL, NULL, NULL),
(25, 15, 'en', 'plans-create', NULL, NULL, NULL),
(26, 15, 'ar', 'إضافة الخطط', NULL, NULL, NULL),
(27, 16, 'en', 'plans-edit', NULL, NULL, NULL),
(28, 16, 'ar', 'تعديل الخطط', NULL, NULL, NULL),
(29, 17, 'en', 'plans-delete', NULL, NULL, NULL),
(30, 17, 'ar', 'حذف الخطط', NULL, NULL, NULL),
(31, 18, 'en', 'articles-show', NULL, NULL, NULL),
(32, 18, 'ar', 'عرض المقالات', NULL, NULL, NULL),
(33, 19, 'en', 'articles-create', NULL, NULL, NULL),
(34, 19, 'ar', 'إضافة المقالات', NULL, NULL, NULL),
(35, 20, 'en', 'articles-edit', NULL, NULL, NULL),
(36, 20, 'ar', 'تعديل المقالات', NULL, NULL, NULL),
(37, 21, 'en', 'articles-delete', NULL, NULL, NULL),
(38, 21, 'ar', 'حذف المقالات', NULL, NULL, NULL),
(39, 22, 'en', 'videos-show', NULL, NULL, NULL),
(40, 22, 'ar', 'عرض الفيديوهات', NULL, NULL, NULL),
(41, 23, 'en', 'videos-create', NULL, NULL, NULL),
(42, 23, 'ar', 'إضافة الفيديوهات', NULL, NULL, NULL),
(43, 24, 'en', 'videos-edit', NULL, NULL, NULL),
(44, 24, 'ar', 'تعديل الفيديوهات', NULL, NULL, NULL),
(45, 25, 'en', 'videos-delete', NULL, NULL, NULL),
(46, 25, 'ar', 'حذف الفيديوهات', NULL, NULL, NULL),
(47, 26, 'en', 'subscription-show', NULL, NULL, NULL),
(48, 26, 'ar', 'عرض الإشتراكات', NULL, NULL, NULL),
(49, 27, 'en', 'subscription-delete', NULL, NULL, NULL),
(50, 27, 'ar', 'حذف الإشتراكات', NULL, NULL, NULL),
(51, 28, 'en', 'contacts-show', NULL, NULL, NULL),
(52, 28, 'ar', 'عرض الرسائل', NULL, NULL, NULL),
(53, 29, 'en', 'contacts-delete', NULL, NULL, NULL),
(54, 29, 'ar', 'حذف الرسائل', NULL, NULL, NULL),
(55, 30, 'en', 'pages-show', NULL, NULL, NULL),
(56, 30, 'ar', 'عرض الصفحات', NULL, NULL, NULL),
(57, 31, 'en', 'pages-edit', NULL, NULL, NULL),
(58, 31, 'ar', 'تعديل الصفحات', NULL, NULL, NULL),
(59, 32, 'en', 'roles-show', NULL, NULL, NULL),
(60, 32, 'ar', 'عرض الصلاحيات', NULL, NULL, NULL),
(61, 33, 'en', 'roles-create', NULL, NULL, NULL),
(62, 33, 'ar', 'إضافة الصلاحيات', NULL, NULL, NULL),
(63, 34, 'en', 'roles-edit', NULL, NULL, NULL),
(64, 34, 'ar', 'تعديل الصلاحيات', NULL, NULL, NULL),
(65, 35, 'en', 'roles-delete', NULL, NULL, NULL),
(66, 35, 'ar', 'حذف الصلاحيات', NULL, NULL, NULL),
(67, 36, 'en', 'settings-show', NULL, NULL, NULL),
(68, 36, 'ar', 'عرض الإعدادات', NULL, NULL, NULL),
(69, 37, 'en', 'settings-edit', NULL, NULL, NULL),
(70, 37, 'ar', 'تعديل الإعدادات', NULL, NULL, NULL),
(71, 38, 'en', 'home-show', NULL, NULL, NULL),
(72, 38, 'ar', 'عرض الإحصائيات', NULL, NULL, NULL);

-- --------------------------------------------------------

--
-- Table structure for table `roles`
--

CREATE TABLE `roles` (
  `id` bigint(20) UNSIGNED NOT NULL,
  `slug` varchar(191) COLLATE utf8mb4_unicode_ci NOT NULL,
  `created_at` timestamp NULL DEFAULT NULL,
  `updated_at` timestamp NULL DEFAULT NULL,
  `deleted_at` timestamp NULL DEFAULT NULL
) ENGINE=InnoDB DEFAULT CHARSET=utf8mb4 COLLATE=utf8mb4_unicode_ci;

-- --------------------------------------------------------

--
-- Table structure for table `role_permissions`
--

CREATE TABLE `role_permissions` (
  `id` bigint(20) UNSIGNED NOT NULL,
  `role_id` int(11) NOT NULL,
  `permission_id` int(11) NOT NULL,
  `created_at` timestamp NULL DEFAULT NULL,
  `updated_at` timestamp NULL DEFAULT NULL,
  `deleted_at` timestamp NULL DEFAULT NULL
) ENGINE=InnoDB DEFAULT CHARSET=utf8mb4 COLLATE=utf8mb4_unicode_ci;

-- --------------------------------------------------------

--
-- Table structure for table `role_translations`
--

CREATE TABLE `role_translations` (
  `id` bigint(20) UNSIGNED NOT NULL,
  `role_id` int(11) NOT NULL,
  `locale` varchar(191) COLLATE utf8mb4_unicode_ci NOT NULL,
  `name` varchar(191) COLLATE utf8mb4_unicode_ci NOT NULL,
  `created_at` timestamp NULL DEFAULT NULL,
  `updated_at` timestamp NULL DEFAULT NULL,
  `deleted_at` timestamp NULL DEFAULT NULL
) ENGINE=InnoDB DEFAULT CHARSET=utf8mb4 COLLATE=utf8mb4_unicode_ci;

-- --------------------------------------------------------

--
-- Table structure for table `settings`
--

CREATE TABLE `settings` (
  `id` bigint(20) UNSIGNED NOT NULL,
  `paginateTotal` int(11) NOT NULL,
  `logo` varchar(191) COLLATE utf8mb4_unicode_ci NOT NULL,
  `login_image` varchar(191) COLLATE utf8mb4_unicode_ci NOT NULL,
  `google_play_url` varchar(191) COLLATE utf8mb4_unicode_ci NOT NULL,
  `app_store_url` varchar(191) COLLATE utf8mb4_unicode_ci NOT NULL,
  `info_email` varchar(191) COLLATE utf8mb4_unicode_ci NOT NULL,
  `mobile` varchar(191) COLLATE utf8mb4_unicode_ci NOT NULL,
  `facebook` varchar(191) COLLATE utf8mb4_unicode_ci NOT NULL,
  `twitter` varchar(191) COLLATE utf8mb4_unicode_ci NOT NULL,
  `whatsApp` varchar(191) COLLATE utf8mb4_unicode_ci NOT NULL,
  `snapchat` varchar(191) COLLATE utf8mb4_unicode_ci NOT NULL,
  `instagram` varchar(191) COLLATE utf8mb4_unicode_ci NOT NULL,
  `latitude` varchar(191) COLLATE utf8mb4_unicode_ci NOT NULL,
  `longitude` varchar(191) COLLATE utf8mb4_unicode_ci NOT NULL,
  `is_maintenance_mode` enum('0','1') COLLATE utf8mb4_unicode_ci NOT NULL COMMENT '0->of 1->on',
  `is_allowed_login` enum('0','1') COLLATE utf8mb4_unicode_ci NOT NULL COMMENT '0->of 1->on',
  `is_allowed_register` enum('0','1') COLLATE utf8mb4_unicode_ci NOT NULL COMMENT '0->of 1->on',
  `is_allowed_subscribe` enum('0','1') COLLATE utf8mb4_unicode_ci NOT NULL COMMENT '0->of 1->on',
  `created_at` timestamp NULL DEFAULT NULL,
  `updated_at` timestamp NULL DEFAULT NULL,
  `deleted_at` timestamp NULL DEFAULT NULL
) ENGINE=InnoDB DEFAULT CHARSET=utf8mb4 COLLATE=utf8mb4_unicode_ci;

--
-- Dumping data for table `settings`
--

INSERT INTO `settings` (`id`, `paginateTotal`, `logo`, `login_image`, `google_play_url`, `app_store_url`, `info_email`, `mobile`, `facebook`, `twitter`, `whatsApp`, `snapchat`, `instagram`, `latitude`, `longitude`, `is_maintenance_mode`, `is_allowed_login`, `is_allowed_register`, `is_allowed_subscribe`, `created_at`, `updated_at`, `deleted_at`) VALUES
(1, 4, 'WzYOEB9QwAon2WL38336301653557477_6285964.png', 'image.png', '', '', 'info@gmail.com', '123456789', 'https://facebook.com', 'https://twitter.com', '123456789', 'https://snapchat.com', 'https://instagram.com', '1', '1', '0', '1', '1', '1', '2022-05-24 07:07:22', NULL, NULL);

-- --------------------------------------------------------

--
-- Table structure for table `setting_translations`
--

CREATE TABLE `setting_translations` (
  `id` bigint(20) UNSIGNED NOT NULL,
  `locale` varchar(191) COLLATE utf8mb4_unicode_ci NOT NULL,
  `setting_id` int(10) UNSIGNED NOT NULL,
  `address` varchar(191) COLLATE utf8mb4_unicode_ci NOT NULL,
  `title` varchar(191) COLLATE utf8mb4_unicode_ci NOT NULL,
  `description` varchar(191) COLLATE utf8mb4_unicode_ci NOT NULL,
  `key_words` text COLLATE utf8mb4_unicode_ci NOT NULL,
  `login_cover` text COLLATE utf8mb4_unicode_ci NOT NULL,
  `plan_cover` text COLLATE utf8mb4_unicode_ci NOT NULL,
  `videos_cover` text COLLATE utf8mb4_unicode_ci NOT NULL,
  `created_at` timestamp NULL DEFAULT NULL,
  `updated_at` timestamp NULL DEFAULT NULL,
  `deleted_at` timestamp NULL DEFAULT NULL
) ENGINE=InnoDB DEFAULT CHARSET=utf8mb4 COLLATE=utf8mb4_unicode_ci;

--
-- Dumping data for table `setting_translations`
--

INSERT INTO `setting_translations` (`id`, `locale`, `setting_id`, `address`, `title`, `description`, `key_words`, `login_cover`, `plan_cover`, `videos_cover`, `created_at`, `updated_at`, `deleted_at`) VALUES
(1, 'en', 1, '1', '1', '1', '1', '1', '1', '1', '2022-05-24 07:07:22', NULL, NULL),
(2, 'ar', 1, '1', '1', '1', '1', '1', '1', '1', '2022-05-08 07:09:26', NULL, NULL);

-- --------------------------------------------------------

--
-- Table structure for table `subscriptions`
--

CREATE TABLE `subscriptions` (
  `id` bigint(20) UNSIGNED NOT NULL,
  `user_id` varchar(191) COLLATE utf8mb4_unicode_ci NOT NULL,
  `gift_id` int(11) NOT NULL,
  `is_winner` int(11) NOT NULL DEFAULT 0,
  `created_at` timestamp NULL DEFAULT NULL,
  `updated_at` timestamp NULL DEFAULT NULL,
  `deleted_at` timestamp NULL DEFAULT NULL
) ENGINE=InnoDB DEFAULT CHARSET=utf8mb4 COLLATE=utf8mb4_unicode_ci;

--
-- Dumping data for table `subscriptions`
--

INSERT INTO `subscriptions` (`id`, `user_id`, `gift_id`, `is_winner`, `created_at`, `updated_at`, `deleted_at`) VALUES
(1, '9', 2, 1, '2022-05-24 08:04:43', '2022-05-29 06:27:28', NULL),
(2, '10', 2, 0, '2022-05-24 08:06:57', '2022-05-29 06:25:28', NULL),
(3, '9', 1, 0, '2022-05-24 08:37:12', '2022-05-24 08:37:12', NULL),
(4, '11', 3, 0, '2022-05-29 08:49:01', '2022-05-29 08:49:01', NULL),
(5, '9', 3, 0, '2022-05-29 08:51:04', '2022-05-29 08:51:04', NULL),
(6, '9', 3, 0, '2022-06-02 21:44:48', '2022-06-02 21:44:48', NULL),
(7, '9', 2, 0, '2022-06-02 22:03:34', '2022-06-02 22:03:34', NULL),
(8, '9', 2, 0, '2022-06-02 22:03:39', '2022-06-02 22:03:39', NULL),
(9, '9', 2, 0, '2022-06-02 22:05:20', '2022-06-02 22:05:20', NULL),
(10, '9', 2, 0, '2022-06-02 22:05:27', '2022-06-02 22:05:27', NULL),
(11, '9', 3, 0, '2022-06-05 13:07:21', '2022-06-05 13:07:21', NULL),
(12, '9', 3, 0, '2022-06-06 05:29:44', '2022-06-06 05:29:44', NULL),
(13, '9', 3, 0, '2022-06-06 06:10:16', '2022-06-06 06:10:16', NULL),
(14, '9', 3, 0, '2022-06-06 06:44:44', '2022-06-06 06:44:44', NULL),
(15, '9', 3, 0, '2022-06-06 06:46:51', '2022-06-06 06:46:51', NULL),
(16, '9', 3, 0, '2022-06-06 06:50:39', '2022-06-06 06:50:39', NULL),
(17, '9', 3, 0, '2022-06-06 11:57:15', '2022-06-06 11:57:15', NULL),
(18, '9', 3, 0, '2022-06-06 11:57:23', '2022-06-06 11:57:23', NULL),
(19, '9', 3, 0, '2022-06-06 12:02:17', '2022-06-06 12:02:17', NULL),
(20, '9', 2, 0, '2022-06-06 12:30:19', '2022-06-06 12:30:19', NULL),
(21, '9', 3, 0, '2022-06-07 06:51:57', '2022-06-07 06:51:57', NULL);

-- --------------------------------------------------------

--
-- Table structure for table `tokens`
--

CREATE TABLE `tokens` (
  `id` int(10) UNSIGNED NOT NULL,
  `user_id` int(11) NOT NULL,
  `fcm_token` text COLLATE utf8mb4_unicode_ci NOT NULL,
  `device_type` varchar(191) COLLATE utf8mb4_unicode_ci NOT NULL COMMENT '0->android , 1 ->ios',
  `accept` int(11) DEFAULT NULL,
  `lang` varchar(255) COLLATE utf8mb4_unicode_ci DEFAULT 'ar',
  `created_at` timestamp NULL DEFAULT NULL,
  `updated_at` timestamp NULL DEFAULT NULL,
  `deleted_at` timestamp NULL DEFAULT NULL
) ENGINE=InnoDB DEFAULT CHARSET=utf8mb4 COLLATE=utf8mb4_unicode_ci;

--
-- Dumping data for table `tokens`
--

INSERT INTO `tokens` (`id`, `user_id`, `fcm_token`, `device_type`, `accept`, `lang`, `created_at`, `updated_at`, `deleted_at`) VALUES
(57, 9, '123', '0', NULL, 'en', '2022-05-26 03:51:24', '2022-06-06 11:50:40', NULL),
(58, 15, '123', '0', NULL, 'en', '2022-05-26 05:58:21', '2022-06-06 11:50:40', NULL),
(59, 16, '123', '0', NULL, 'en', '2022-06-06 07:11:08', '2022-06-06 11:50:40', NULL);

-- --------------------------------------------------------

--
-- Table structure for table `users`
--

CREATE TABLE `users` (
  `id` bigint(20) UNSIGNED NOT NULL,
  `image` varchar(191) COLLATE utf8mb4_unicode_ci NOT NULL,
  `email` varchar(191) COLLATE utf8mb4_unicode_ci NOT NULL,
  `name` varchar(191) COLLATE utf8mb4_unicode_ci NOT NULL,
  `mobile` varchar(191) COLLATE utf8mb4_unicode_ci NOT NULL,
  `status` enum('active','not_active') COLLATE utf8mb4_unicode_ci NOT NULL,
  `email_verified_at` timestamp NULL DEFAULT NULL,
  `password` varchar(191) COLLATE utf8mb4_unicode_ci NOT NULL,
  `remember_token` varchar(100) COLLATE utf8mb4_unicode_ci DEFAULT NULL,
  `exchange_price` int(11) DEFAULT NULL,
  `social_type` varchar(191) COLLATE utf8mb4_unicode_ci DEFAULT NULL,
  `type` enum('1','2') COLLATE utf8mb4_unicode_ci NOT NULL COMMENT '1->user,2->provider',
  `social_token` varchar(191) COLLATE utf8mb4_unicode_ci DEFAULT NULL,
  `created_at` timestamp NULL DEFAULT NULL,
  `updated_at` timestamp NULL DEFAULT NULL,
  `deleted_at` timestamp NULL DEFAULT NULL,
  `id_number` varchar(191) COLLATE utf8mb4_unicode_ci NOT NULL,
  `address` varchar(191) COLLATE utf8mb4_unicode_ci NOT NULL
) ENGINE=InnoDB DEFAULT CHARSET=utf8mb4 COLLATE=utf8mb4_unicode_ci;

--
-- Dumping data for table `users`
--

INSERT INTO `users` (`id`, `image`, `email`, `name`, `mobile`, `status`, `email_verified_at`, `password`, `remember_token`, `exchange_price`, `social_type`, `type`, `social_token`, `created_at`, `updated_at`, `deleted_at`, `id_number`, `address`) VALUES
(1, 'E2lEIJZ4nOUZ9pX61205611653546941_4226752.png', '', 'ali', '134590199', 'active', NULL, '$2y$10$CMSQf/CMlIg5aLowqNVo.eWdXdaKaUBPsUIdokwiiiIoKsVldUg32', NULL, 50, '', '2', NULL, '2022-05-16 08:45:19', '2022-06-01 06:21:27', NULL, '2', 'nusirat'),
(4, 'eVRUZlmfo4yOb6t35179801653547050_2470161.png', '', 'Mahmoud Tabaza', '13459019', 'active', NULL, '$2y$10$2Ozb6L1ZAXB60dxXUx4dI.Q/u3Fjq3nPHO6IDBxbbdE8yr7KO2mpG', NULL, NULL, '', '1', NULL, '2022-05-16 08:51:23', '2022-05-26 03:37:30', NULL, '3', 'nusirat'),
(9, 'AFVeSyNQuEpl76e23085861654684788_7059876.jpg', '', 'Ahmed Ali', '0592744079', 'active', NULL, '$2y$10$hDhPfHqFQP7/RsEL5qTaDuZvVfzvQUgSS0N0bNyDuln0Z5J9ZMHnm', NULL, NULL, '', '1', NULL, '2022-05-26 03:51:24', '2022-06-08 10:39:48', NULL, '0592744079', 'gaza'),
(10, '', '', 'mahmoud', '12346783', 'active', NULL, '$2y$10$YhCE75f/o4GRJLXucZ9Ocu8hGB.uMJrxEz98tm3Pn8x1.BSYSg44S', NULL, NULL, '', '1', NULL, '2022-05-26 05:58:21', '2022-05-26 07:24:29', NULL, '5', 'gaza'),
(11, '', '', 'Omar', '12345612345', 'active', NULL, '$2y$10$U5aKvd0acMG7gdyTyQ8ZmuWrShqeiUyxFZRsZvHJHxKDzBp05jEYS', NULL, NULL, '', '1', NULL, '2022-05-26 07:25:39', '2022-05-26 07:25:39', NULL, '6', 'gaza'),
(12, '', '', 'Ahmed', '135590199', 'active', NULL, '$2y$10$pF7gYLO66xb.9ti2hME4Zu5.77wWHQW9HCMqa.Fy7.9gYTc4h5TR6', NULL, NULL, '', '1', NULL, '2022-05-26 07:28:01', '2022-05-26 07:30:27', NULL, '7', 'gaza'),
(13, '', '', 'hexa inf', '12345678', 'active', NULL, '$2y$10$Ti0WoROx2o3jYhFEF.rbm.5mvfrIApb7LNw2c24YqFUitLpnO1.92', NULL, NULL, '', '1', NULL, '2022-05-30 09:50:56', '2022-05-30 09:50:56', NULL, '123456789', 'gaza'),
(14, '', '', 'hashem', '1234567890', 'active', NULL, '$2y$10$DM9ne8D/vFcOvHeosVZTFO1RWjxVO18hFlx6F1yh1bxSAL7aGC87S', NULL, NULL, '', '1', NULL, '2022-05-30 13:04:42', '2022-05-30 13:04:42', NULL, '1111111111', 'gaza'),
(15, '', '', 'test', '0987654321', 'active', NULL, '$2y$10$RZ7Njj0hGB52JGMP9XgHJuZ4bMdNV1VBAtSW8Kz0L2WPF0kMkyYGq', NULL, NULL, '', '1', NULL, '2022-05-31 08:28:48', '2022-05-31 08:28:48', NULL, '0987654321', 'gaza'),
(16, 'dRc4ljMnZKWzk7659511471654500701_8727788.jpg', '', 'Mahmoud Omar', '134590190', 'active', NULL, '$2y$10$6IB146xoC1I4CyAO4UYufuvDikbgBr.fHv6WFMmBA4xQvpZZTgnhC', NULL, NULL, '', '1', NULL, '2022-06-06 07:11:08', '2022-06-06 07:31:42', NULL, '4', 'nusirat');

-- --------------------------------------------------------

--
-- Table structure for table `varification_codes`
--

CREATE TABLE `varification_codes` (
  `id` bigint(20) UNSIGNED NOT NULL,
  `user_id` varchar(191) COLLATE utf8mb4_unicode_ci NOT NULL,
  `code` varchar(191) COLLATE utf8mb4_unicode_ci NOT NULL,
  `created_at` timestamp NULL DEFAULT NULL,
  `updated_at` timestamp NULL DEFAULT NULL,
  `deleted_at` timestamp NULL DEFAULT NULL
) ENGINE=InnoDB DEFAULT CHARSET=utf8mb4 COLLATE=utf8mb4_unicode_ci;

--
-- Dumping data for table `varification_codes`
--

INSERT INTO `varification_codes` (`id`, `user_id`, `code`, `created_at`, `updated_at`, `deleted_at`) VALUES
(1, '1', '1111', '2022-05-24 03:54:38', '2022-05-24 04:48:35', '2022-05-24 04:48:35'),
(2, '1', '1111', '2022-05-26 05:59:49', '2022-05-31 11:48:33', '2022-05-31 11:48:33'),
(3, '1', '1111', '2022-05-31 11:48:16', '2022-06-01 05:27:12', '2022-06-01 05:27:12'),
(4, '9', '1111', '2022-05-31 12:44:13', '2022-05-31 12:44:13', NULL),
(5, '9', '1111', '2022-05-31 12:44:55', '2022-05-31 12:44:55', NULL),
(6, '9', '1111', '2022-05-31 12:56:06', '2022-05-31 12:56:06', NULL),
(7, '9', '1111', '2022-06-01 05:26:55', '2022-06-01 05:26:55', NULL),
(8, '1', '1111', '2022-06-01 05:47:11', '2022-06-01 05:50:19', '2022-06-01 05:50:19'),
(9, '1', '1111', '2022-06-01 05:47:33', '2022-06-01 05:52:14', '2022-06-01 05:52:14'),
(10, '1', '1111', '2022-06-01 05:50:12', '2022-06-01 05:54:43', '2022-06-01 05:54:43'),
(11, '1', '1111', '2022-06-01 05:52:06', '2022-06-01 05:55:16', '2022-06-01 05:55:16'),
(12, '1', '1111', '2022-06-01 05:54:38', '2022-06-01 05:56:35', '2022-06-01 05:56:35'),
(13, '1', '1111', '2022-06-01 05:56:04', '2022-06-01 06:18:56', '2022-06-01 06:18:56'),
(14, '1', '1111', '2022-06-01 06:18:50', '2022-06-01 06:18:50', NULL);

-- --------------------------------------------------------

--
-- Table structure for table `wallets`
--

CREATE TABLE `wallets` (
  `id` bigint(20) UNSIGNED NOT NULL,
  `user_id` varchar(191) COLLATE utf8mb4_unicode_ci NOT NULL,
  `amount` int(11) NOT NULL,
  `gift_id` int(11) NOT NULL,
  `type` enum('1','2') COLLATE utf8mb4_unicode_ci NOT NULL COMMENT '1->deposit , 2->withdraw',
  `created_at` timestamp NULL DEFAULT NULL,
  `updated_at` timestamp NULL DEFAULT NULL,
  `deleted_at` timestamp NULL DEFAULT NULL
) ENGINE=InnoDB DEFAULT CHARSET=utf8mb4 COLLATE=utf8mb4_unicode_ci;

--
-- Dumping data for table `wallets`
--

INSERT INTO `wallets` (`id`, `user_id`, `amount`, `gift_id`, `type`, `created_at`, `updated_at`, `deleted_at`) VALUES
(1, '1', 5, 1, '1', NULL, NULL, NULL),
(2, '1', 2, 2, '2', '2022-05-24 08:04:43', '2022-05-24 08:04:43', NULL),
(3, '1', 2, 2, '2', '2022-05-24 08:06:57', '2022-05-24 08:06:57', NULL),
(4, '1', 3, 1, '1', '2022-05-24 08:19:01', '2022-05-24 08:19:01', NULL),
(5, '1', 4, 1, '1', '2022-05-24 08:19:54', '2022-05-24 08:19:54', NULL),
(6, '1', 4, 1, '1', '2022-05-24 08:20:22', '2022-05-24 08:20:22', NULL),
(7, '1', 10, 1, '2', '2022-05-24 08:37:12', '2022-05-24 08:37:12', NULL),
(8, '1', 4, 1, '1', '2022-05-24 08:50:56', '2022-05-24 08:50:56', NULL),
(10, '4', 4, 1, '1', '2022-05-25 02:49:42', '2022-05-25 02:49:42', NULL),
(11, '4', 4, 1, '1', '2022-05-25 02:53:44', '2022-05-25 02:53:44', NULL),
(12, '4', 4, 1, '1', '2022-05-25 02:57:30', '2022-05-25 02:57:30', NULL),
(13, '9', 4, 1, '1', '2022-05-26 04:10:50', '2022-05-26 04:10:50', NULL),
(14, '9', 4, 1, '1', '2022-05-26 04:13:08', '2022-05-26 04:13:08', NULL),
(15, '9', 4, 1, '1', '2022-05-26 04:14:31', '2022-05-26 04:14:31', NULL),
(16, '11', 4, 3, '1', '2022-05-29 08:48:50', '2022-05-29 08:48:50', NULL),
(17, '11', 3, 3, '2', '2022-05-29 08:49:01', '2022-05-29 08:49:01', NULL),
(18, '9', 4, 3, '1', '2022-05-29 08:50:52', '2022-05-29 08:50:52', NULL),
(19, '9', 3, 3, '2', '2022-05-29 08:51:04', '2022-05-29 08:51:04', NULL),
(20, '9', 3, 3, '2', '2022-06-02 21:44:48', '2022-06-02 21:44:48', NULL),
(21, '9', 2, 2, '2', '2022-06-02 22:03:34', '2022-06-02 22:03:34', NULL),
(22, '9', 2, 2, '2', '2022-06-02 22:03:39', '2022-06-02 22:03:39', NULL),
(23, '9', 2, 2, '2', '2022-06-02 22:05:20', '2022-06-02 22:05:20', NULL),
(24, '9', 2, 2, '2', '2022-06-02 22:05:27', '2022-06-02 22:05:27', NULL),
(25, '1', 4, 3, '1', '2022-06-05 12:58:23', '2022-06-05 12:58:23', NULL),
(26, '1', 4, 3, '1', '2022-06-05 13:00:15', '2022-06-05 13:00:15', NULL),
(27, '1', 6, 1, '1', '2022-06-05 13:01:44', '2022-06-05 13:01:44', NULL),
(28, '1', 6, 2, '1', '2022-06-05 13:04:29', '2022-06-05 13:04:29', NULL),
(29, '9', 6, 3, '1', '2022-06-05 13:05:36', '2022-06-05 13:05:36', NULL),
(30, '9', 6, 4, '1', '2022-06-05 13:06:20', '2022-06-05 13:06:20', NULL),
(31, '9', 3, 3, '2', '2022-06-05 13:07:21', '2022-06-05 13:07:21', NULL),
(32, '9', 6, 0, '1', '2022-06-06 05:29:20', '2022-06-06 05:29:20', NULL),
(33, '9', 3, 3, '2', '2022-06-06 05:29:44', '2022-06-06 05:29:44', NULL),
(34, '9', 4, 0, '1', '2022-06-06 05:36:01', '2022-06-06 05:36:01', NULL),
(35, '9', 3, 3, '2', '2022-06-06 06:10:16', '2022-06-06 06:10:16', NULL),
(36, '9', 6, 0, '1', '2022-06-06 06:44:34', '2022-06-06 06:44:34', NULL),
(37, '9', 3, 3, '2', '2022-06-06 06:44:45', '2022-06-06 06:44:45', NULL),
(38, '9', 3, 3, '2', '2022-06-06 06:46:51', '2022-06-06 06:46:51', NULL),
(39, '9', 3, 3, '2', '2022-06-06 06:50:39', '2022-06-06 06:50:39', NULL),
(40, '9', 3, 3, '2', '2022-06-06 11:57:15', '2022-06-06 11:57:15', NULL),
(41, '9', 3, 3, '2', '2022-06-06 11:57:23', '2022-06-06 11:57:23', NULL),
(42, '9', 3, 3, '2', '2022-06-06 12:02:17', '2022-06-06 12:02:17', NULL),
(43, '9', 2, 2, '2', '2022-06-06 12:30:19', '2022-06-06 12:30:19', NULL),
(44, '9', 1, 0, '1', '2022-06-07 05:26:00', '2022-06-07 05:26:00', NULL),
(45, '9', 1, 0, '1', '2022-06-07 05:29:02', '2022-06-07 05:29:02', NULL),
(46, '9', 2, 0, '1', '2022-06-07 05:29:15', '2022-06-07 05:29:15', NULL),
(47, '9', 3, 3, '2', '2022-06-07 06:51:57', '2022-06-07 06:51:57', NULL),
(48, '9', 10, 0, '1', '2022-06-07 07:24:13', '2022-06-07 07:24:13', NULL),
(49, '9', 1, 0, '1', '2022-06-07 07:26:37', '2022-06-07 07:26:37', NULL),
(50, '9', 1, 0, '1', '2022-06-07 10:26:44', '2022-06-07 10:26:44', NULL),
(51, '9', 20, 0, '1', '2022-06-07 10:33:09', '2022-06-07 10:33:09', NULL),
(52, '9', 20, 0, '1', '2022-06-07 10:34:19', '2022-06-07 10:34:19', NULL),
(53, '9', 19, 0, '1', '2022-06-07 10:44:24', '2022-06-07 10:44:24', NULL),
(54, '9', 19, 0, '1', '2022-06-07 10:45:24', '2022-06-07 10:45:24', NULL),
(55, '9', 193, 0, '1', '2022-06-07 10:47:19', '2022-06-07 10:47:19', NULL),
(56, '9', 193, 0, '1', '2022-06-07 10:47:19', '2022-06-07 10:47:19', NULL),
(57, '9', 193, 0, '1', '2022-06-07 10:47:19', '2022-06-07 10:47:19', NULL),
(58, '9', 9, 0, '1', '2022-06-07 10:49:01', '2022-06-07 10:49:01', NULL),
(59, '9', 9, 0, '1', '2022-06-07 10:49:01', '2022-06-07 10:49:01', NULL),
(60, '9', 9, 0, '1', '2022-06-07 10:50:14', '2022-06-07 10:50:14', NULL),
(61, '9', 887, 0, '1', '2022-06-07 10:52:08', '2022-06-07 10:52:08', NULL),
(62, '9', 887, 0, '1', '2022-06-07 10:59:35', '2022-06-07 10:59:35', NULL),
(63, '9', 887, 0, '1', '2022-06-07 11:00:23', '2022-06-07 11:00:23', NULL),
(64, '9', 8, 0, '1', '2022-06-07 11:01:10', '2022-06-07 11:01:10', NULL),
(65, '9', 8, 0, '1', '2022-06-07 11:01:53', '2022-06-07 11:01:53', NULL),
(66, '9', 8, 0, '1', '2022-06-07 11:01:53', '2022-06-07 11:01:53', NULL),
(67, '9', 8, 0, '1', '2022-06-07 11:01:53', '2022-06-07 11:01:53', NULL),
(68, '9', 5, 0, '1', '2022-06-07 11:02:34', '2022-06-07 11:02:34', NULL),
(69, '9', 26, 0, '1', '2022-06-07 11:06:27', '2022-06-07 11:06:27', NULL),
(70, '9', 26, 0, '1', '2022-06-07 11:06:27', '2022-06-07 11:06:27', NULL),
(71, '9', 26, 0, '1', '2022-06-07 11:07:28', '2022-06-07 11:07:28', NULL),
(72, '9', 26, 0, '1', '2022-06-07 11:08:49', '2022-06-07 11:08:49', NULL),
(73, '9', 26, 0, '1', '2022-06-07 11:09:29', '2022-06-07 11:09:29', NULL),
(74, '9', 26, 0, '1', '2022-06-07 11:11:48', '2022-06-07 11:11:48', NULL),
(75, '9', 26, 0, '1', '2022-06-07 11:11:48', '2022-06-07 11:11:48', NULL),
(76, '9', 26, 0, '1', '2022-06-07 11:11:48', '2022-06-07 11:11:48', NULL),
(77, '9', 26, 0, '1', '2022-06-07 11:11:48', '2022-06-07 11:11:48', NULL),
(78, '9', 26, 0, '1', '2022-06-07 11:11:48', '2022-06-07 11:11:48', NULL),
(79, '9', 26, 0, '1', '2022-06-07 11:14:15', '2022-06-07 11:14:15', NULL),
(80, '9', 26, 0, '1', '2022-06-07 11:14:53', '2022-06-07 11:14:53', NULL),
(81, '9', 0, 0, '1', '2022-06-07 11:16:05', '2022-06-07 11:16:05', NULL),
(82, '9', 0, 0, '1', '2022-06-07 11:16:45', '2022-06-07 11:16:45', NULL),
(83, '9', 0, 0, '1', '2022-06-07 11:17:22', '2022-06-07 11:17:22', NULL),
(84, '9', 0, 0, '1', '2022-06-07 11:17:22', '2022-06-07 11:17:22', NULL),
(85, '9', 0, 0, '1', '2022-06-07 11:17:57', '2022-06-07 11:17:57', NULL),
(86, '9', 0, 0, '1', '2022-06-07 11:23:38', '2022-06-07 11:23:38', NULL),
(87, '9', 0, 0, '1', '2022-06-07 11:24:48', '2022-06-07 11:24:48', NULL),
(88, '9', 0, 0, '1', '2022-06-07 11:25:30', '2022-06-07 11:25:30', NULL),
(89, '9', 0, 0, '1', '2022-06-07 11:26:09', '2022-06-07 11:26:09', NULL),
(90, '9', 0, 0, '1', '2022-06-07 11:27:12', '2022-06-07 11:27:12', NULL),
(91, '9', 0, 0, '1', '2022-06-07 11:27:12', '2022-06-07 11:27:12', NULL),
(92, '9', 0, 0, '1', '2022-06-07 11:27:46', '2022-06-07 11:27:46', NULL),
(93, '9', 0, 0, '1', '2022-06-07 11:28:16', '2022-06-07 11:28:16', NULL),
(94, '9', 0, 0, '1', '2022-06-07 11:28:16', '2022-06-07 11:28:16', NULL),
(95, '9', 0, 0, '1', '2022-06-07 11:28:16', '2022-06-07 11:28:16', NULL),
(96, '9', 0, 0, '1', '2022-06-07 11:28:16', '2022-06-07 11:28:16', NULL),
(97, '9', 0, 0, '1', '2022-06-07 11:29:33', '2022-06-07 11:29:33', NULL),
(98, '9', 0, 0, '1', '2022-06-07 11:30:35', '2022-06-07 11:30:35', NULL),
(99, '9', 0, 0, '1', '2022-06-07 11:30:35', '2022-06-07 11:30:35', NULL),
(100, '9', 0, 0, '1', '2022-06-07 11:31:39', '2022-06-07 11:31:39', NULL);

-- --------------------------------------------------------

--
-- Table structure for table `websockets_statistics_entries`
--

CREATE TABLE `websockets_statistics_entries` (
  `id` int(10) UNSIGNED NOT NULL,
  `app_id` varchar(191) COLLATE utf8mb4_unicode_ci NOT NULL,
  `peak_connection_count` int(11) NOT NULL,
  `websocket_message_count` int(11) NOT NULL,
  `api_message_count` int(11) NOT NULL,
  `created_at` timestamp NULL DEFAULT NULL,
  `updated_at` timestamp NULL DEFAULT NULL
) ENGINE=InnoDB DEFAULT CHARSET=utf8mb4 COLLATE=utf8mb4_unicode_ci;

--
-- Indexes for dumped tables
--

--
-- Indexes for table `admins`
--
ALTER TABLE `admins`
  ADD PRIMARY KEY (`id`),
  ADD UNIQUE KEY `admins_email_unique` (`email`);

--
-- Indexes for table `admin_roles`
--
ALTER TABLE `admin_roles`
  ADD PRIMARY KEY (`id`);

--
-- Indexes for table `banners`
--
ALTER TABLE `banners`
  ADD PRIMARY KEY (`id`);

--
-- Indexes for table `banner_translations`
--
ALTER TABLE `banner_translations`
  ADD PRIMARY KEY (`id`),
  ADD KEY `banner_translations_locale_index` (`locale`);

--
-- Indexes for table `bills`
--
ALTER TABLE `bills`
  ADD PRIMARY KEY (`id`),
  ADD UNIQUE KEY `bill_number` (`bill_number`),
  ADD UNIQUE KEY `qr_code` (`qr_code`);

--
-- Indexes for table `contacts`
--
ALTER TABLE `contacts`
  ADD PRIMARY KEY (`id`);

--
-- Indexes for table `failed_jobs`
--
ALTER TABLE `failed_jobs`
  ADD PRIMARY KEY (`id`),
  ADD UNIQUE KEY `failed_jobs_uuid_unique` (`uuid`);

--
-- Indexes for table `gifts`
--
ALTER TABLE `gifts`
  ADD PRIMARY KEY (`id`);

--
-- Indexes for table `gift_translations`
--
ALTER TABLE `gift_translations`
  ADD PRIMARY KEY (`id`);

--
-- Indexes for table `languages`
--
ALTER TABLE `languages`
  ADD PRIMARY KEY (`id`);

--
-- Indexes for table `language_translation`
--
ALTER TABLE `language_translation`
  ADD PRIMARY KEY (`id`);

--
-- Indexes for table `migrations`
--
ALTER TABLE `migrations`
  ADD PRIMARY KEY (`id`);

--
-- Indexes for table `notifications`
--
ALTER TABLE `notifications`
  ADD PRIMARY KEY (`id`);

--
-- Indexes for table `notification_translations`
--
ALTER TABLE `notification_translations`
  ADD PRIMARY KEY (`id`);

--
-- Indexes for table `oauth_access_tokens`
--
ALTER TABLE `oauth_access_tokens`
  ADD PRIMARY KEY (`id`),
  ADD KEY `oauth_access_tokens_user_id_index` (`user_id`);

--
-- Indexes for table `oauth_auth_codes`
--
ALTER TABLE `oauth_auth_codes`
  ADD PRIMARY KEY (`id`),
  ADD KEY `oauth_auth_codes_user_id_index` (`user_id`);

--
-- Indexes for table `oauth_clients`
--
ALTER TABLE `oauth_clients`
  ADD PRIMARY KEY (`id`),
  ADD KEY `oauth_clients_user_id_index` (`user_id`);

--
-- Indexes for table `oauth_personal_access_clients`
--
ALTER TABLE `oauth_personal_access_clients`
  ADD PRIMARY KEY (`id`),
  ADD KEY `oauth_personal_access_clients_client_id_index` (`client_id`);

--
-- Indexes for table `oauth_refresh_tokens`
--
ALTER TABLE `oauth_refresh_tokens`
  ADD PRIMARY KEY (`id`),
  ADD KEY `oauth_refresh_tokens_access_token_id_index` (`access_token_id`);

--
-- Indexes for table `pages`
--
ALTER TABLE `pages`
  ADD PRIMARY KEY (`id`);

--
-- Indexes for table `page_translations`
--
ALTER TABLE `page_translations`
  ADD PRIMARY KEY (`id`);

--
-- Indexes for table `password_resets`
--
ALTER TABLE `password_resets`
  ADD KEY `password_resets_email_index` (`email`);

--
-- Indexes for table `permissions`
--
ALTER TABLE `permissions`
  ADD PRIMARY KEY (`id`);

--
-- Indexes for table `permission_translations`
--
ALTER TABLE `permission_translations`
  ADD PRIMARY KEY (`id`);

--
-- Indexes for table `roles`
--
ALTER TABLE `roles`
  ADD PRIMARY KEY (`id`);

--
-- Indexes for table `role_permissions`
--
ALTER TABLE `role_permissions`
  ADD PRIMARY KEY (`id`);

--
-- Indexes for table `role_translations`
--
ALTER TABLE `role_translations`
  ADD PRIMARY KEY (`id`);

--
-- Indexes for table `settings`
--
ALTER TABLE `settings`
  ADD PRIMARY KEY (`id`);

--
-- Indexes for table `setting_translations`
--
ALTER TABLE `setting_translations`
  ADD PRIMARY KEY (`id`),
  ADD KEY `setting_translations_locale_index` (`locale`);

--
-- Indexes for table `subscriptions`
--
ALTER TABLE `subscriptions`
  ADD PRIMARY KEY (`id`);

--
-- Indexes for table `tokens`
--
ALTER TABLE `tokens`
  ADD PRIMARY KEY (`id`);

--
-- Indexes for table `users`
--
ALTER TABLE `users`
  ADD PRIMARY KEY (`id`);

--
-- Indexes for table `varification_codes`
--
ALTER TABLE `varification_codes`
  ADD PRIMARY KEY (`id`);

--
-- Indexes for table `wallets`
--
ALTER TABLE `wallets`
  ADD PRIMARY KEY (`id`);

--
-- Indexes for table `websockets_statistics_entries`
--
ALTER TABLE `websockets_statistics_entries`
  ADD PRIMARY KEY (`id`);

--
-- AUTO_INCREMENT for dumped tables
--

--
-- AUTO_INCREMENT for table `admins`
--
ALTER TABLE `admins`
  MODIFY `id` int(10) UNSIGNED NOT NULL AUTO_INCREMENT, AUTO_INCREMENT=10;

--
-- AUTO_INCREMENT for table `admin_roles`
--
ALTER TABLE `admin_roles`
  MODIFY `id` bigint(20) UNSIGNED NOT NULL AUTO_INCREMENT;

--
-- AUTO_INCREMENT for table `banners`
--
ALTER TABLE `banners`
  MODIFY `id` bigint(20) UNSIGNED NOT NULL AUTO_INCREMENT, AUTO_INCREMENT=4;

--
-- AUTO_INCREMENT for table `banner_translations`
--
ALTER TABLE `banner_translations`
  MODIFY `id` bigint(20) UNSIGNED NOT NULL AUTO_INCREMENT, AUTO_INCREMENT=3;

--
-- AUTO_INCREMENT for table `bills`
--
ALTER TABLE `bills`
  MODIFY `id` bigint(20) UNSIGNED NOT NULL AUTO_INCREMENT, AUTO_INCREMENT=74;

--
-- AUTO_INCREMENT for table `contacts`
--
ALTER TABLE `contacts`
  MODIFY `id` bigint(20) UNSIGNED NOT NULL AUTO_INCREMENT, AUTO_INCREMENT=13;

--
-- AUTO_INCREMENT for table `failed_jobs`
--
ALTER TABLE `failed_jobs`
  MODIFY `id` bigint(20) UNSIGNED NOT NULL AUTO_INCREMENT;

--
-- AUTO_INCREMENT for table `gifts`
--
ALTER TABLE `gifts`
  MODIFY `id` bigint(20) UNSIGNED NOT NULL AUTO_INCREMENT, AUTO_INCREMENT=4;

--
-- AUTO_INCREMENT for table `gift_translations`
--
ALTER TABLE `gift_translations`
  MODIFY `id` bigint(20) UNSIGNED NOT NULL AUTO_INCREMENT, AUTO_INCREMENT=7;

--
-- AUTO_INCREMENT for table `languages`
--
ALTER TABLE `languages`
  MODIFY `id` bigint(20) UNSIGNED NOT NULL AUTO_INCREMENT, AUTO_INCREMENT=3;

--
-- AUTO_INCREMENT for table `language_translation`
--
ALTER TABLE `language_translation`
  MODIFY `id` bigint(20) UNSIGNED NOT NULL AUTO_INCREMENT, AUTO_INCREMENT=5;

--
-- AUTO_INCREMENT for table `migrations`
--
ALTER TABLE `migrations`
  MODIFY `id` int(10) UNSIGNED NOT NULL AUTO_INCREMENT, AUTO_INCREMENT=33;

--
-- AUTO_INCREMENT for table `notifications`
--
ALTER TABLE `notifications`
  MODIFY `id` bigint(20) UNSIGNED NOT NULL AUTO_INCREMENT, AUTO_INCREMENT=3;

--
-- AUTO_INCREMENT for table `notification_translations`
--
ALTER TABLE `notification_translations`
  MODIFY `id` bigint(20) UNSIGNED NOT NULL AUTO_INCREMENT, AUTO_INCREMENT=5;

--
-- AUTO_INCREMENT for table `oauth_clients`
--
ALTER TABLE `oauth_clients`
  MODIFY `id` int(10) UNSIGNED NOT NULL AUTO_INCREMENT, AUTO_INCREMENT=3;

--
-- AUTO_INCREMENT for table `oauth_personal_access_clients`
--
ALTER TABLE `oauth_personal_access_clients`
  MODIFY `id` int(10) UNSIGNED NOT NULL AUTO_INCREMENT, AUTO_INCREMENT=2;

--
-- AUTO_INCREMENT for table `pages`
--
ALTER TABLE `pages`
  MODIFY `id` bigint(20) UNSIGNED NOT NULL AUTO_INCREMENT, AUTO_INCREMENT=5;

--
-- AUTO_INCREMENT for table `page_translations`
--
ALTER TABLE `page_translations`
  MODIFY `id` bigint(20) UNSIGNED NOT NULL AUTO_INCREMENT, AUTO_INCREMENT=9;

--
-- AUTO_INCREMENT for table `permissions`
--
ALTER TABLE `permissions`
  MODIFY `id` bigint(20) UNSIGNED NOT NULL AUTO_INCREMENT, AUTO_INCREMENT=37;

--
-- AUTO_INCREMENT for table `permission_translations`
--
ALTER TABLE `permission_translations`
  MODIFY `id` bigint(20) UNSIGNED NOT NULL AUTO_INCREMENT, AUTO_INCREMENT=73;

--
-- AUTO_INCREMENT for table `roles`
--
ALTER TABLE `roles`
  MODIFY `id` bigint(20) UNSIGNED NOT NULL AUTO_INCREMENT;

--
-- AUTO_INCREMENT for table `role_permissions`
--
ALTER TABLE `role_permissions`
  MODIFY `id` bigint(20) UNSIGNED NOT NULL AUTO_INCREMENT;

--
-- AUTO_INCREMENT for table `role_translations`
--
ALTER TABLE `role_translations`
  MODIFY `id` bigint(20) UNSIGNED NOT NULL AUTO_INCREMENT;

--
-- AUTO_INCREMENT for table `settings`
--
ALTER TABLE `settings`
  MODIFY `id` bigint(20) UNSIGNED NOT NULL AUTO_INCREMENT, AUTO_INCREMENT=2;

--
-- AUTO_INCREMENT for table `setting_translations`
--
ALTER TABLE `setting_translations`
  MODIFY `id` bigint(20) UNSIGNED NOT NULL AUTO_INCREMENT, AUTO_INCREMENT=3;

--
-- AUTO_INCREMENT for table `subscriptions`
--
ALTER TABLE `subscriptions`
  MODIFY `id` bigint(20) UNSIGNED NOT NULL AUTO_INCREMENT, AUTO_INCREMENT=22;

--
-- AUTO_INCREMENT for table `tokens`
--
ALTER TABLE `tokens`
  MODIFY `id` int(10) UNSIGNED NOT NULL AUTO_INCREMENT, AUTO_INCREMENT=60;

--
-- AUTO_INCREMENT for table `users`
--
ALTER TABLE `users`
  MODIFY `id` bigint(20) UNSIGNED NOT NULL AUTO_INCREMENT, AUTO_INCREMENT=17;

--
-- AUTO_INCREMENT for table `varification_codes`
--
ALTER TABLE `varification_codes`
  MODIFY `id` bigint(20) UNSIGNED NOT NULL AUTO_INCREMENT, AUTO_INCREMENT=15;

--
-- AUTO_INCREMENT for table `wallets`
--
ALTER TABLE `wallets`
  MODIFY `id` bigint(20) UNSIGNED NOT NULL AUTO_INCREMENT, AUTO_INCREMENT=101;

--
-- AUTO_INCREMENT for table `websockets_statistics_entries`
--
ALTER TABLE `websockets_statistics_entries`
  MODIFY `id` int(10) UNSIGNED NOT NULL AUTO_INCREMENT;
COMMIT;

/*!40101 SET CHARACTER_SET_CLIENT=@OLD_CHARACTER_SET_CLIENT */;
/*!40101 SET CHARACTER_SET_RESULTS=@OLD_CHARACTER_SET_RESULTS */;
/*!40101 SET COLLATION_CONNECTION=@OLD_COLLATION_CONNECTION */;
