-- phpMyAdmin SQL Dump
-- version 5.1.4-dev+20220410.3300847701
-- https://www.phpmyadmin.net/
--
-- Host: 127.0.0.1
-- Generation Time: Jun 24, 2022 at 11:12 PM
-- Server version: 10.4.24-MariaDB
-- PHP Version: 8.1.4

SET SQL_MODE = "NO_AUTO_VALUE_ON_ZERO";
START TRANSACTION;
SET time_zone = "+00:00";


/*!40101 SET @OLD_CHARACTER_SET_CLIENT=@@CHARACTER_SET_CLIENT */;
/*!40101 SET @OLD_CHARACTER_SET_RESULTS=@@CHARACTER_SET_RESULTS */;
/*!40101 SET @OLD_COLLATION_CONNECTION=@@COLLATION_CONNECTION */;
/*!40101 SET NAMES utf8mb4 */;

--
-- Database: `graduation_project`
--

-- --------------------------------------------------------

--
-- Table structure for table `admins`
--

CREATE TABLE `admins` (
  `id` int(10) UNSIGNED NOT NULL,
  `name` varchar(191) COLLATE utf8mb4_unicode_ci NOT NULL,
  `email` varchar(191) COLLATE utf8mb4_unicode_ci NOT NULL,
  `image` varchar(255) COLLATE utf8mb4_unicode_ci DEFAULT NULL,
  `mobile` varchar(191) COLLATE utf8mb4_unicode_ci NOT NULL,
  `password` varchar(191) COLLATE utf8mb4_unicode_ci NOT NULL,
  `remember_token` varchar(100) COLLATE utf8mb4_unicode_ci DEFAULT NULL,
  `status` varchar(191) COLLATE utf8mb4_unicode_ci NOT NULL,
  `created_at` timestamp NULL DEFAULT NULL,
  `updated_at` timestamp NULL DEFAULT NULL
) ENGINE=InnoDB DEFAULT CHARSET=utf8mb4 COLLATE=utf8mb4_unicode_ci;

--
-- Dumping data for table `admins`
--

INSERT INTO `admins` (`id`, `name`, `email`, `image`, `mobile`, `password`, `remember_token`, `status`, `created_at`, `updated_at`) VALUES
(1, 'alshatti', 'admin@admin.com', '214868', '1234567891', '$2y$10$p8fP0uZVZglPkxAYheT4Zu3fspp55a6/3rKzKZDRpfU.3BJd05ZfK', 'xzFP0ZJel2P5IoTmMexuXDPSYOMSSJnhOMUlWnlQNZxfsMlD0FwNAx0mxq9e', 'active', '2022-04-05 11:13:26', '2021-11-04 06:56:00'),
(5, 'mahmoud', 'b@b.com', NULL, '0592123488', '$2y$10$oZ79nsqhxIffD67ACV7xf.V0BBlT5D/7/sdRIITLwXPxswvtZRmZS', NULL, 'active', '2021-06-21 07:20:27', '2022-04-22 05:11:40'),
(6, 'ali', 'a@a.com', NULL, '1234567890', '$2y$10$ey2njugOIQeKfpiU4Ms63OTfQH/mcdz5Aqv30qgCOESg2Tj.lPCFO', NULL, 'active', '2022-04-11 08:07:11', '2022-06-23 16:42:47');

-- --------------------------------------------------------

--
-- Table structure for table `admin_roles`
--

CREATE TABLE `admin_roles` (
  `id` bigint(20) UNSIGNED NOT NULL,
  `admin_id` int(11) NOT NULL,
  `role_id` int(11) NOT NULL,
  `created_at` timestamp NULL DEFAULT NULL,
  `updated_at` timestamp NULL DEFAULT NULL,
  `deleted_at` timestamp NULL DEFAULT NULL
) ENGINE=InnoDB DEFAULT CHARSET=utf8mb4 COLLATE=utf8mb4_unicode_ci;

--
-- Dumping data for table `admin_roles`
--

INSERT INTO `admin_roles` (`id`, `admin_id`, `role_id`, `created_at`, `updated_at`, `deleted_at`) VALUES
(1, 6, 1, NULL, NULL, NULL),
(2, 5, 1, NULL, NULL, NULL);

-- --------------------------------------------------------

--
-- Table structure for table `comments`
--

CREATE TABLE `comments` (
  `id` bigint(20) UNSIGNED NOT NULL,
  `comment` varchar(191) COLLATE utf8mb4_unicode_ci NOT NULL,
  `user_id` int(11) NOT NULL,
  `video_id` int(11) NOT NULL,
  `created_at` timestamp NULL DEFAULT NULL,
  `updated_at` timestamp NULL DEFAULT NULL,
  `deleted_at` timestamp NULL DEFAULT NULL
) ENGINE=InnoDB DEFAULT CHARSET=utf8mb4 COLLATE=utf8mb4_unicode_ci;

--
-- Dumping data for table `comments`
--

INSERT INTO `comments` (`id`, `comment`, `user_id`, `video_id`, `created_at`, `updated_at`, `deleted_at`) VALUES
(17, 'بارك الله فيك دكتور على هذا الشرح الكافي', 1, 1, '2022-06-20 18:08:42', '2022-06-20 18:08:42', NULL),
(18, 'n', 1, 7, '2022-06-21 16:26:40', '2022-06-21 16:26:40', NULL),
(19, 'السلام عليكم', 1, 4, '2022-06-23 17:03:35', '2022-06-23 17:03:35', NULL),
(20, '.', 1, 19, '2022-06-24 18:02:39', '2022-06-24 18:02:39', NULL);

-- --------------------------------------------------------

--
-- Table structure for table `courses`
--

CREATE TABLE `courses` (
  `id` bigint(20) UNSIGNED NOT NULL,
  `name` varchar(191) COLLATE utf8mb4_unicode_ci NOT NULL,
  `department_id` int(11) DEFAULT NULL,
  `year_id` int(11) DEFAULT NULL,
  `semester_id` int(11) DEFAULT NULL,
  `is_requirement` int(11) DEFAULT 0 COMMENT '1->yes , 0->no',
  `status` enum('active','not_active') COLLATE utf8mb4_unicode_ci NOT NULL DEFAULT 'active',
  `created_at` timestamp NULL DEFAULT current_timestamp(),
  `updated_at` timestamp NULL DEFAULT NULL,
  `deleted_at` timestamp NULL DEFAULT NULL
) ENGINE=InnoDB DEFAULT CHARSET=utf8mb4 COLLATE=utf8mb4_unicode_ci;

--
-- Dumping data for table `courses`
--

INSERT INTO `courses` (`id`, `name`, `department_id`, `year_id`, `semester_id`, `is_requirement`, `status`, `created_at`, `updated_at`, `deleted_at`) VALUES
(1, 'تصميم', 2, 1, 1, 0, 'active', '2022-06-15 12:49:06', '2022-06-15 12:53:02', NULL),
(2, 'برمجة 1', 1, 1, 1, 0, 'active', '2022-06-15 12:49:06', '2022-06-15 12:49:06', NULL),
(3, 'برمجة 2', 1, 1, 2, 0, 'active', '2022-06-15 12:49:23', '2022-06-17 03:14:25', NULL),
(4, 'تحاليل 1', 3, 1, 2, 0, 'active', '2022-06-16 14:46:09', '2022-06-16 14:46:09', NULL),
(5, 'دراسات في الفقه', NULL, NULL, NULL, 1, 'active', '2022-06-19 17:04:06', '2022-06-24 15:23:34', NULL),
(6, 'دراسات في الحديث', NULL, NULL, NULL, 1, 'active', '2022-06-19 17:04:19', '2022-06-19 17:04:19', NULL),
(7, 'دراسات فلسطينية', NULL, NULL, NULL, 1, 'active', '2022-06-19 17:04:30', '2022-06-19 17:04:30', NULL),
(9, 'برمجة (1) - عملي', 1, 1, 1, 0, 'active', '2022-06-24 12:10:24', '2022-06-24 12:10:24', NULL),
(11, 'مقدمة للحاسوب والإنترنت', 1, 1, 1, 0, 'active', '2022-06-24 12:11:01', '2022-06-24 12:11:01', NULL),
(12, 'مقدمة للحاسوب والانترنت (عملي)', 1, 1, 1, 0, 'active', '2022-06-24 12:11:21', '2022-06-24 12:11:21', NULL),
(13, 'الرياضيات المنفصلة للحوسبة المتنقلة', 1, 1, 1, 0, 'active', '2022-06-24 12:11:36', '2022-06-24 12:11:36', NULL),
(14, 'برمجة (2) - عملي', 1, 1, 2, 0, 'active', '2022-06-24 12:11:51', '2022-06-24 12:11:51', NULL),
(15, 'برمجة (2)', 1, 1, 2, 0, 'active', '2022-06-24 12:12:08', '2022-06-24 15:09:58', '2022-06-24 15:09:58'),
(16, 'أساسيات التصميم وتجربة المستخدم', 1, 1, 2, 0, 'active', '2022-06-24 12:12:24', '2022-06-24 12:12:24', NULL),
(17, 'تطبيقات الوسائط المتعددة للأجهزة الذكية', 1, 1, 2, 0, 'active', '2022-06-24 12:12:46', '2022-06-24 12:12:46', NULL),
(18, 'اللغة الإنجليزية (تكنولوجيا المعلومات)', 1, 1, 2, 0, 'active', '2022-06-24 12:13:00', '2022-06-24 12:13:00', NULL),
(19, 'تطبيقات الوسائط المتعددة للأجهزة الذكية - عملي', 1, 1, 2, 0, 'active', '2022-06-24 12:13:15', '2022-06-24 12:13:15', NULL),
(20, 'بنية البيانات والخوارزميات (عملي)', 1, 2, 1, 0, 'active', '2022-06-24 12:13:35', '2022-06-24 12:13:35', NULL),
(21, 'قواعد البيانات (1) - عملي', 1, 2, 2, 0, 'active', '2022-06-24 12:14:01', '2022-06-24 12:14:01', NULL),
(22, 'بنية البيانات والخوارزميات', 1, 2, 2, 0, 'active', '2022-06-24 12:14:17', '2022-06-24 12:14:17', NULL),
(23, 'تطوير الويب (1)', 1, 2, 2, 0, 'active', '2022-06-24 12:14:34', '2022-06-24 12:14:34', NULL),
(24, 'برمجة تطبيقات الأجهزة الذكية (1) -عملي', 1, 2, 1, 0, 'active', '2022-06-24 12:39:06', '2022-06-24 12:39:06', NULL),
(25, 'برمجة تطبيقات الأجهزة الذكية (1)', 1, 2, 1, 0, 'active', '2022-06-24 12:39:22', '2022-06-24 12:39:22', NULL),
(26, 'قواعد البيانات (1)', 1, 2, 1, 0, 'active', '2022-06-24 12:40:26', '2022-06-24 12:40:26', NULL),
(27, 'قواعد البيانات (2)', 1, 2, 2, 0, 'active', '2022-06-24 12:40:45', '2022-06-24 12:40:45', NULL),
(28, 'تطوير الويب للأجهزة الذكية - عملي', 1, 2, 2, 0, 'active', '2022-06-24 12:41:02', '2022-06-24 12:41:02', NULL),
(29, 'برمجة تطبيقات الأجهزة الذكية (2) - عملي', 1, 2, 2, 0, 'active', '2022-06-24 12:41:19', '2022-06-24 12:41:19', NULL),
(30, 'تطوير الويب للأجهزة الذكية', 1, 2, 2, 0, 'active', '2022-06-24 12:41:35', '2022-06-24 12:41:35', NULL),
(31, 'الرياضيات للوسائط المتعددة', 1, 2, 2, 0, 'active', '2022-06-24 12:41:54', '2022-06-24 12:41:54', NULL),
(32, 'برمجة تطبيقات الأجهزة الذكية (2)', 1, 2, 2, 0, 'active', '2022-06-24 12:42:12', '2022-06-24 12:42:12', NULL),
(33, 'برمجة تطبيقات الأجهزة الذكية (3) -عملي', 1, 3, 2, 0, 'active', '2022-06-24 12:42:27', '2022-06-24 12:42:27', NULL),
(34, 'الحوسبة المنتشرة - عملي', 1, 3, 1, 0, 'active', '2022-06-24 12:42:43', '2022-06-24 12:42:43', NULL),
(35, 'برمجة تطبيقات الأجهزة الذكية (3)', 1, 3, 1, 0, 'active', '2022-06-24 12:43:01', '2022-06-24 12:43:01', NULL),
(36, 'مبادئ هندسة البرمجيات', 1, 3, 1, 0, 'active', '2022-06-24 12:43:21', '2022-06-24 12:43:21', NULL),
(37, 'فحص برمجيات الأجهزة الذكية', 1, 3, 1, 0, 'active', '2022-06-24 12:43:42', '2022-06-24 12:43:42', NULL),
(38, 'الحوسبة المنتشرة', 1, 3, 1, 0, 'active', '2022-06-24 12:44:04', '2022-06-24 12:44:04', NULL),
(39, 'التطبيقات الشبكية للأجهزة الذكية - عملي', 1, 3, 2, 0, 'active', '2022-06-24 12:44:26', '2022-06-24 12:44:26', NULL),
(40, 'أمن المعلومات', 1, 3, 2, 0, 'active', '2022-06-24 12:44:46', '2022-06-24 12:44:46', NULL),
(41, 'تصميم وعمارة البرمجيات', 1, 3, 2, 0, 'active', '2022-06-24 12:45:04', '2022-06-24 12:45:04', NULL),
(42, 'ريادة الأعمال والعمل الحر', 1, 3, 2, 0, 'active', '2022-06-24 12:45:34', '2022-06-24 12:45:34', NULL),
(43, 'التطبيقات الشبكية للأجهزة الذكية', 1, 3, 2, 0, 'active', '2022-06-24 12:46:09', '2022-06-24 12:46:09', NULL),
(44, 'بحث تخرج', 1, 4, 1, 0, 'active', '2022-06-24 12:46:30', '2022-06-24 12:46:30', NULL),
(45, 'برمجة الألعاب للأجهزة الذكية', 1, 4, 1, 0, 'active', '2022-06-24 12:47:15', '2022-06-24 12:47:15', NULL),
(46, 'تطوير التطبيقات متعددة المنصات للأجهزة الذكية', 1, 4, 1, 0, 'active', '2022-06-24 12:47:34', '2022-06-24 12:47:34', NULL),
(47, 'أطر تطوير البرمجيات', 1, 4, 1, 0, 'active', '2022-06-24 12:47:57', '2022-06-24 12:47:57', NULL),
(48, 'أخلاقيات المهنة', 1, 4, 2, 0, 'active', '2022-06-24 12:48:31', '2022-06-24 12:48:31', NULL),
(49, 'مشروع التخرج', 1, 4, 2, 0, 'active', '2022-06-24 12:48:48', '2022-06-24 12:48:48', NULL),
(50, 'الحوسبة السحابية وتطبيقاتها', 1, 4, 2, 0, 'active', '2022-06-24 12:49:09', '2022-06-24 12:49:09', NULL),
(51, 'مقدمة في الحوسبة - عملي', 6, 1, 1, 0, 'active', '2022-06-24 13:03:15', '2022-06-24 13:03:15', NULL),
(52, 'برمجة (1) - عملي', 6, 1, 1, 0, 'active', '2022-06-24 13:03:32', '2022-06-24 13:03:32', NULL),
(53, 'برمجة (1)', 1, 1, 1, 0, 'active', '2022-06-24 13:03:48', '2022-06-24 15:09:34', '2022-06-24 15:09:34'),
(54, 'رياضيات منفصلة', 6, 1, 1, 0, 'active', '2022-06-24 13:04:17', '2022-06-24 13:04:17', NULL),
(55, 'مقدمة في الحوسبة', 1, 1, 1, 0, 'not_active', '2022-06-24 13:04:33', '2022-06-24 18:11:37', NULL),
(56, 'برمجة (2) - عملي', 6, 1, 1, 0, 'active', '2022-06-24 13:04:51', '2022-06-24 13:04:51', NULL),
(57, 'برمجة (2)', 6, 1, 2, 0, 'active', '2022-06-24 13:05:11', '2022-06-24 13:05:11', NULL),
(58, 'الإحصاء والاحتمالات (تكنولوجيا المعلومات)', 6, 1, 2, 0, 'active', '2022-06-24 13:05:35', '2022-06-24 13:05:35', NULL),
(59, 'اللغة الإنجليزية (تكنولوجيا المعلومات)', 6, 1, 1, 0, 'active', '2022-06-24 13:05:51', '2022-06-24 13:05:51', NULL),
(60, 'تصميم منطقي', 6, 1, 2, 0, 'active', '2022-06-24 13:06:10', '2022-06-24 13:06:10', NULL),
(61, 'بنية البيانات والخوارزميات (عملي)', 6, 2, 1, 0, 'active', '2022-06-24 13:22:55', '2022-06-24 13:22:55', NULL),
(62, 'قواعد البيانات (1) - عملي', 1, 2, 1, 0, 'active', '2022-06-24 13:23:10', '2022-06-24 13:23:10', NULL),
(63, 'بنية البيانات والخوارزميات', 6, 1, 2, 0, 'active', '2022-06-24 13:23:33', '2022-06-24 13:23:33', NULL),
(64, 'برمجة ويب (1)', 6, 1, 2, 0, 'active', '2022-06-24 13:24:07', '2022-06-24 13:24:07', NULL),
(65, 'قواعد البيانات (1)', 6, 2, 1, 0, 'active', '2022-06-24 13:24:54', '2022-06-24 13:24:54', NULL),
(66, 'برمجة ويب (1) عملي', 6, 2, 1, 0, 'active', '2022-06-24 13:25:12', '2022-06-24 13:25:12', NULL),
(67, 'هندسة البرمجيات', 6, 2, 1, 0, 'active', '2022-06-24 13:25:39', '2022-06-24 13:25:39', NULL),
(68, 'برمجة (3) - عملي', 6, 2, 2, 0, 'active', '2022-06-24 13:26:05', '2022-06-24 13:26:05', NULL),
(69, 'عمارة الكمبيوتر ولغة التجميع - عملي', 6, 2, 2, 0, 'active', '2022-06-24 13:26:31', '2022-06-24 13:26:31', NULL),
(70, 'قواعد البيانات (2)', 6, 2, 2, 0, 'active', '2022-06-24 13:26:51', '2022-06-24 13:26:51', NULL),
(71, 'برمجة (3)', 6, 2, 2, 0, 'active', '2022-06-24 13:27:10', '2022-06-24 13:27:10', NULL),
(72, 'برمجة ويب (2) عملي', 6, 2, 2, 0, 'active', '2022-06-24 13:27:28', '2022-06-24 13:27:28', NULL),
(73, 'برمجة ويب (2)', 6, 2, 2, 0, 'active', '2022-06-24 13:27:47', '2022-06-24 13:27:47', NULL),
(74, 'عمارة الكمبيوتر ولغة التجميع', 6, 2, 2, 0, 'active', '2022-06-24 13:28:04', '2022-06-24 13:28:04', NULL),
(75, 'برمجة تطبيقات الأجهزة الذكية (3) -عملي', 6, 3, 1, 0, 'active', '2022-06-24 13:31:36', '2022-06-24 13:43:40', '2022-06-24 13:43:40'),
(76, 'الحوسبة المنتشرة - عملي', 6, 3, 1, 0, 'active', '2022-06-24 13:32:08', '2022-06-24 13:43:40', '2022-06-24 13:43:40'),
(77, 'برمجة تطبيقات الأجهزة الذكية (3)', 6, 3, 1, 0, 'active', '2022-06-24 13:32:25', '2022-06-24 13:43:40', '2022-06-24 13:43:40'),
(78, 'مبادئ هندسة البرمجيات', 6, 3, 1, 0, 'active', '2022-06-24 13:32:45', '2022-06-24 13:43:40', '2022-06-24 13:43:40'),
(79, 'فحص برمجيات الأجهزة الذكية', 6, 3, 1, 0, 'active', '2022-06-24 13:33:02', '2022-06-24 13:43:40', '2022-06-24 13:43:40'),
(80, 'الحوسبة المنتشرة', 6, 3, 1, 0, 'active', '2022-06-24 13:33:22', '2022-06-24 13:43:40', '2022-06-24 13:43:40'),
(81, 'التطبيقات الشبكية للأجهزة الذكية - عملي', 6, 3, 2, 0, 'active', '2022-06-24 13:33:39', '2022-06-24 13:43:40', '2022-06-24 13:43:40'),
(82, 'أمن المعلومات', 6, 3, 2, 0, 'active', '2022-06-24 13:34:02', '2022-06-24 13:43:40', '2022-06-24 13:43:40'),
(83, 'تصميم وعمارة البرمجيات', 6, 2, 2, 0, 'active', '2022-06-24 13:34:18', '2022-06-24 13:43:40', '2022-06-24 13:43:40'),
(84, 'ريادة الأعمال والعمل الحر', 6, 3, 2, 0, 'active', '2022-06-24 13:34:36', '2022-06-24 13:43:40', '2022-06-24 13:43:40'),
(85, 'التطبيقات الشبكية للأجهزة الذكية', 6, 3, 2, 0, 'active', '2022-06-24 13:34:53', '2022-06-24 13:43:40', '2022-06-24 13:43:40'),
(86, 'بحث تخرج', 6, 4, 1, 0, 'active', '2022-06-24 13:35:16', '2022-06-24 13:43:40', '2022-06-24 13:43:40'),
(87, 'برمجة الألعاب للأجهزة الذكية', 6, 4, 1, 0, 'active', '2022-06-24 13:35:33', '2022-06-24 13:43:40', '2022-06-24 13:43:40'),
(88, 'تطوير التطبيقات متعددة المنصات للأجهزة الذكية', 6, 4, 1, 0, 'active', '2022-06-24 13:35:49', '2022-06-24 13:43:40', '2022-06-24 13:43:40'),
(89, 'أطر تطوير البرمجيات', 6, 4, 1, 0, 'active', '2022-06-24 13:36:56', '2022-06-24 13:43:40', '2022-06-24 13:43:40'),
(90, 'أخلاقيات المهنة', 6, 4, 2, 0, 'active', '2022-06-24 13:37:13', '2022-06-24 13:43:40', '2022-06-24 13:43:40'),
(91, 'مشروع التخرج', 6, 4, 2, 0, 'active', '2022-06-24 13:37:28', '2022-06-24 13:43:40', '2022-06-24 13:43:40'),
(92, 'الحوسبة السحابية وتطبيقاتها', 6, 4, 2, 0, 'active', '2022-06-24 13:37:43', '2022-06-24 13:43:40', '2022-06-24 13:43:40'),
(93, 'نظم التشغيل - عملي', 6, 3, 1, 0, 'active', '2022-06-24 13:44:08', '2022-06-24 13:44:08', NULL),
(94, 'مبادئ لغة البرمجة\r\n', 6, 3, 1, 0, 'active', '2022-06-24 16:44:59', NULL, NULL),
(95, 'نظم التشغيل\r\n', 6, 3, 1, 0, 'active', '2022-06-24 07:09:26', NULL, NULL),
(96, 'تحليل وتصميم الخوارزميات\r\n', 6, 3, 1, 0, 'active', '2022-06-24 16:47:51', NULL, NULL),
(97, 'علم البيانات\r\n', 6, 3, 1, 0, 'active', '2022-06-24 16:47:51', NULL, NULL),
(98, 'علم البيانات\r\n', 6, 3, 1, 0, 'active', '2022-06-24 16:48:30', '2022-06-24 13:49:32', '2022-06-24 13:49:32'),
(99, 'الرياضيات والحوسبة', 6, 3, 1, 0, 'active', '2022-06-24 16:48:30', '2022-06-24 13:49:40', NULL),
(100, 'شبكات الكمبيوتر - عملي\r\n', 6, 3, 2, 0, 'active', '2022-06-24 16:50:07', NULL, NULL),
(101, 'أمن المعلومات\r\n', 6, 3, 2, 0, 'active', '2022-06-24 16:50:07', NULL, NULL),
(102, 'شبكات الكمبيوتر\r\n', 6, 3, 2, 0, 'active', '2022-06-24 16:50:34', NULL, NULL),
(103, 'ريادة الأعمال والعمل الحر\r\n', 6, 3, 2, 0, 'active', '2022-06-24 16:50:34', NULL, NULL),
(104, 'نظرية الأوتوماتا\r\n', 6, 3, 2, 0, 'active', '2022-06-24 16:51:04', NULL, NULL),
(105, 'بحث تخرج\r\n', 6, 4, 1, 0, 'active', '2022-06-24 16:51:04', NULL, NULL),
(106, 'رسومات الحاسب\r\n', 6, 4, 1, 0, 'active', '2022-06-24 16:51:37', NULL, NULL),
(107, 'تصميم المترجمات\r\n', 6, 4, 1, 0, 'active', '2022-06-24 16:51:37', NULL, NULL),
(108, 'أنظمة موزعة وسحابية\r\n', 6, 4, 1, 0, 'active', '2022-06-24 16:52:06', NULL, NULL),
(109, 'أخلاقيات المهنة\r\n', 6, 4, 2, 0, 'active', '2022-06-24 16:52:06', NULL, NULL),
(110, 'الذكاء الاصطناعي\r\n', 6, 4, 2, 0, 'active', '2022-06-24 16:52:23', NULL, NULL),
(111, 'مقدمة في الحوسبة - عملي', 7, 1, 1, 0, 'active', '2022-06-24 13:53:04', '2022-06-24 13:53:04', NULL),
(112, 'برمجة (1) - عملي\r\n', 7, 1, 1, 0, 'active', '2022-06-24 16:53:52', NULL, NULL),
(113, 'برمجة (1)\r\n', 7, 1, 1, 0, 'active', '2022-06-24 16:53:52', NULL, NULL),
(114, 'رياضيات منفصلة\r\n', 7, 1, 1, 0, 'active', '2022-06-24 16:54:18', NULL, NULL),
(115, 'مقدمة في الحوسبة\r\n', 7, 1, 1, 0, 'active', '2022-06-24 16:54:18', NULL, NULL),
(116, 'برمجة (2) - عملي	\r\n', 7, 1, 2, 0, 'active', '2022-06-24 16:54:50', NULL, NULL),
(117, 'برمجة (2)\r\n', 7, 1, 2, 0, 'active', '2022-06-24 16:54:50', NULL, NULL),
(118, 'الإحصاء والاحتمالات (تكنولوجيا المعلومات)\r\n', 7, 1, 2, 0, 'active', '2022-06-24 16:55:22', NULL, NULL),
(119, 'اللغة الإنجليزية (تكنولوجيا المعلومات)\r\n', 7, 1, 2, 0, 'active', '2022-06-24 16:55:22', NULL, NULL),
(120, 'تصميم منطقي\r\n', 7, 1, 2, 0, 'active', '2022-06-24 16:55:49', NULL, NULL),
(121, 'بنية البيانات والخوارزميات (عملي)\r\n', 7, 2, 1, 0, 'active', '2022-06-24 16:59:11', NULL, NULL),
(122, 'قواعد البيانات (1) - عملي\r\n', 7, 2, 1, 0, 'active', '2022-06-24 16:59:11', NULL, NULL),
(123, 'بنية البيانات والخوارزميات\r\n', 7, 2, 1, 0, 'active', '2022-06-24 16:59:11', NULL, NULL),
(124, 'برمجة ويب (1)\r\n', 7, 2, 1, 0, 'active', '2022-06-24 16:59:11', NULL, NULL),
(125, 'قواعد البيانات (1)\r\n', 7, 2, 1, 0, 'active', '2022-06-24 16:59:11', NULL, NULL),
(126, 'برمجة ويب (1) عملي\r\n', 7, 2, 1, 0, 'active', '2022-06-24 16:59:11', NULL, NULL),
(127, 'هندسة البرمجيات\r\n', 7, 2, 1, 0, 'active', '2022-06-24 16:59:11', NULL, NULL),
(128, 'برمجة (3) - عملي\r\n', 7, 2, 2, 0, 'active', '2022-06-24 17:00:45', NULL, NULL),
(129, 'عمارة الكمبيوتر ولغة التجميع - عملي\r\n', 7, 2, 2, 0, 'active', '2022-06-24 17:00:45', NULL, NULL),
(130, 'قواعد البيانات (2)\r\n', 7, 2, 2, 0, 'active', '2022-06-24 17:00:45', NULL, NULL),
(131, 'برمجة (3)\r\n', 7, 2, 2, 0, 'active', '2022-06-24 17:00:45', NULL, NULL),
(132, 'برمجة ويب (2) عملي\r\n', 7, 2, 2, 0, 'active', '2022-06-24 17:00:45', NULL, NULL),
(133, 'برمجة ويب (2)\r\n', 7, 2, 2, 0, 'active', '2022-06-24 17:00:45', NULL, NULL),
(134, 'عمارة الكمبيوتر ولغة التجميع\r\n', 7, 2, 2, 0, 'active', '2022-06-24 17:00:45', NULL, NULL),
(135, 'نظم التشغيل - عملي\r\n', 7, 3, 1, 0, 'active', '2022-06-24 17:03:40', NULL, NULL),
(136, 'نظم التشغيل\r\n', 7, 3, 1, 0, 'active', '2022-06-24 17:03:40', NULL, NULL),
(137, 'الرياضيات والحوسبة\r\n', 7, 3, 1, 0, 'active', '2022-06-24 17:03:40', NULL, NULL),
(138, 'أنظمة المعلومات\r\n', 7, 3, 1, 0, 'active', '2022-06-24 17:03:40', NULL, NULL),
(139, 'علم البيانات\r\n', 7, 3, 1, 0, 'active', '2022-06-24 17:03:40', NULL, NULL),
(140, 'حليل وتصميم الخوارزميات\r\n', 7, 3, 1, 0, 'active', '2022-06-24 17:03:40', NULL, NULL),
(141, 'شبكات الكمبيوتر - عملي\r\n', 7, 3, 2, 0, 'active', '2022-06-24 17:04:55', NULL, NULL),
(142, 'أنظمة إدارة المحتوى\r\n', 7, 3, 2, 0, 'active', '2022-06-24 17:04:55', NULL, NULL),
(143, 'ريادة الأعمال والعمل الحر\r\n', 7, 3, 2, 0, 'active', '2022-06-24 17:04:55', NULL, NULL),
(144, 'أمن المعلومات\r\n', 7, 3, 2, 0, 'active', '2022-06-24 17:04:55', NULL, NULL),
(145, 'شبكات الكمبيوتر\r\n', 7, 3, 2, 0, 'active', '2022-06-24 17:04:55', NULL, NULL),
(146, 'إدارة الأعمال والتجارة الإلكترونية\r\n', 7, 4, 1, 0, 'active', '2022-06-24 17:06:35', NULL, NULL),
(147, 'حوسبة الهواتف المتنقلة\r\n', 7, 4, 1, 0, 'active', '2022-06-24 17:06:35', NULL, NULL),
(148, 'أنظمة موزعة وسحابية\r\n', 7, 4, 1, 0, 'active', '2022-06-24 17:06:35', NULL, NULL),
(149, 'الأنظمة الذكية ودعم القرار\r\n', 7, 4, 2, 0, 'active', '2022-06-24 17:06:35', NULL, NULL),
(150, 'أخلاقيات المهنة\r\n', 7, 4, 2, 0, 'active', '2022-06-24 17:06:35', NULL, NULL),
(151, 'مقدمة في الحوسبة - عملي', 8, 1, 1, 0, 'active', '2022-06-24 14:07:32', '2022-06-24 14:07:32', NULL),
(152, 'برمجة (1) - عملي\r\n', 8, 1, 1, 0, 'active', '2022-06-24 17:19:20', NULL, NULL),
(153, 'برمجة (1)\r\n', 8, 1, 1, 0, 'active', '2022-06-24 17:19:20', NULL, NULL),
(154, 'رياضيات منفصلة\r\n', 8, 1, 1, 0, 'active', '2022-06-24 17:19:20', NULL, NULL),
(155, 'مقدمة في الحوسبة\r\n', 8, 1, 1, 0, 'active', '2022-06-24 17:19:20', NULL, NULL),
(156, 'برمجة (2) - عملي\r\n', 8, 1, 2, 0, 'active', '2022-06-24 17:19:20', NULL, NULL),
(157, 'برمجة (2)\r\n', 8, 1, 2, 0, 'active', '2022-06-24 17:19:20', NULL, NULL),
(158, 'الإحصاء والاحتمالات (تكنولوجيا المعلومات)\r\n', 8, 1, 2, 0, 'active', '2022-06-24 17:19:20', NULL, NULL),
(159, 'اللغة الإنجليزية (تكنولوجيا المعلومات)	\r\n', 8, 1, 2, 0, 'active', '2022-06-24 17:19:20', NULL, NULL),
(160, 'تصميم منطقي\r\n', 8, 1, 2, 0, 'active', '2022-06-24 17:19:20', NULL, NULL),
(161, 'بنية البيانات والخوارزميات (عملي)\r\n', 8, 2, 1, 0, 'active', '2022-06-24 17:22:38', NULL, NULL),
(162, 'قواعد البيانات (1) - عملي	\r\n', 8, 2, 1, 0, 'active', '2022-06-24 17:22:38', NULL, NULL),
(163, 'برمجة ويب (1)\r\n', 8, 2, 1, 0, 'active', '2022-06-24 17:22:38', NULL, NULL),
(164, 'برمجة ويب (1) عملي\r\n', 8, 2, 1, 0, 'active', '2022-06-24 17:22:38', NULL, NULL),
(165, 'هندسة المتطلبات\r\n', 8, 2, 1, 0, 'active', '2022-06-24 17:22:38', NULL, NULL),
(166, 'قواعد البيانات (1)\r\n', 8, 2, 1, 0, 'active', '2022-06-24 17:22:38', NULL, NULL),
(167, 'برمجة (3) - عملي\r\n', 8, 2, 2, 0, 'active', '2022-06-24 17:22:38', NULL, NULL),
(168, 'قواعد البيانات (2)\r\n', 8, 2, 2, 0, 'active', '2022-06-24 17:22:38', NULL, NULL),
(169, 'برمجة (3)\r\n', 8, 2, 2, 0, 'active', '2022-06-24 17:22:38', NULL, NULL),
(170, 'تصميم وعمارة البرمجيات - عملي\r\n', 8, 2, 2, 0, 'active', '2022-06-24 17:22:38', NULL, NULL),
(171, 'برمجة ويب (2)\r\n', 8, 2, 2, 0, 'active', '2022-06-24 17:22:38', NULL, NULL),
(172, 'تصميم وعمارة البرمجيات\r\n', 8, 2, 2, 0, 'active', '2022-06-24 17:22:38', NULL, NULL),
(173, 'برمجة ويب (2) عملي\r\n', 8, 2, 2, 0, 'active', '2022-06-24 17:22:38', NULL, NULL),
(174, 'نظم التشغيل - عملي\r\n', 8, 3, 1, 0, 'active', '2022-06-24 17:26:00', NULL, NULL),
(175, 'نظم التشغيل\r\n', 8, 3, 1, 0, 'active', '2022-06-24 17:26:00', NULL, NULL),
(176, 'الرياضيات والحوسبة\r\n', 8, 3, 1, 0, 'active', '2022-06-24 17:26:00', NULL, NULL),
(177, 'أطر تطوير البرمجيات\r\n', 8, 3, 1, 0, 'active', '2022-06-24 17:26:00', NULL, NULL),
(178, 'علم البيانات\r\n', 8, 3, 1, 0, 'active', '2022-06-24 17:26:00', NULL, NULL),
(179, 'تحليل وتصميم الخوارزميات\r\n', 8, 3, 1, 0, 'active', '2022-06-24 17:26:00', NULL, NULL),
(180, 'شبكات الكمبيوتر - عملي\r\n', 8, 3, 2, 0, 'active', '2022-06-24 17:26:00', NULL, NULL),
(181, 'ريادة الأعمال والعمل الحر\r\n', 8, 3, 2, 0, 'active', '2022-06-24 17:26:00', NULL, NULL),
(182, 'فحص البرمجيات وتأكيد الجودة\r\n', 8, 3, 2, 0, 'active', '2022-06-24 17:26:00', NULL, NULL),
(183, 'منهجيات تطوير البرمجيات\r\n', 8, 3, 2, 0, 'active', '2022-06-24 17:26:00', NULL, NULL),
(184, 'شبكات الكمبيوتر\r\n', 8, 3, 2, 0, 'active', '2022-06-24 17:26:00', NULL, NULL),
(185, 'بحث تخرج\r\n', 8, 4, 1, 0, 'active', '2022-06-24 17:28:07', NULL, NULL),
(186, 'إدارة مشاريع البرمجيات\r\n', 8, 4, 1, 0, 'active', '2022-06-24 17:28:07', NULL, NULL),
(187, 'أنظمة موزعة وسحابية\r\n', 8, 4, 1, 0, 'active', '2022-06-24 17:28:07', NULL, NULL),
(188, 'أمن البرمجيات\r\n', 8, 4, 1, 0, 'active', '2022-06-24 17:28:07', NULL, NULL),
(189, 'أخلاقيات المهنة\r\n', 8, 4, 2, 0, 'active', '2022-06-24 17:28:07', NULL, NULL),
(190, 'هندسة برمجيات متقدمة\r\n', 8, 4, 2, 0, 'active', '2022-06-24 17:28:07', NULL, NULL),
(191, 'مقدمة للحاسوب والانترنت (عملي)\r\n', 2, 1, 1, 0, 'active', '2022-06-24 17:32:43', NULL, NULL),
(192, 'تكنولوجيا الوسائط المتعددة وتأليفها\r\n', 2, 1, 1, 0, 'active', '2022-06-24 17:32:43', NULL, NULL),
(193, 'مقدمة للحاسوب والإنترنت\r\n', 2, 1, 1, 0, 'active', '2022-06-24 17:32:43', NULL, NULL),
(194, 'برمجة الوسائط (1)\r\n', 2, 1, 1, 0, 'active', '2022-06-24 17:32:43', NULL, NULL),
(195, 'رسم هندسي\r\n', 2, 1, 1, 0, 'active', '2022-06-24 17:32:43', NULL, NULL),
(196, 'اللغة الإنجليزية (تكنولوجيا المعلومات)\r\n', 2, 1, 2, 0, 'active', '2022-06-24 17:32:43', NULL, NULL),
(197, 'أساسيات التصميم وتجربة المستخدم\r\n', 2, 1, 2, 0, 'active', '2022-06-24 17:32:43', NULL, NULL),
(198, 'تصميم وإخراج المطبوعات\r\n', 2, 1, 2, 0, 'active', '2022-06-24 17:32:43', NULL, NULL),
(199, 'برمجة الوسائط (2)\r\n', 2, 1, 2, 0, 'active', '2022-06-24 17:32:43', NULL, NULL),
(200, 'الرسم الحر\r\n', 2, 1, 2, 0, 'active', '2022-06-24 17:32:43', NULL, NULL),
(201, 'تحرير الصوت والصورة الرقمية\r\n', 2, 2, 1, 0, 'active', '2022-06-24 17:36:46', NULL, NULL),
(202, 'التمثيل المرئي للبيانات\r\n', 2, 2, 1, 0, 'active', '2022-06-24 17:36:46', NULL, NULL),
(203, 'قواعد بيانات الوسائط المتعددة والويب	\r\n', 2, 2, 1, 0, 'active', '2022-06-24 17:36:46', NULL, NULL),
(204, 'تطوير الويب (1)\r\n', 2, 2, 1, 0, 'active', '2022-06-24 17:36:46', NULL, NULL),
(205, 'تقنيات إنتاج الوسائط الرقمية\r\n', 2, 2, 1, 0, 'active', '2022-06-24 17:36:46', NULL, NULL),
(206, 'أنظمة إدارة المحتوى\r\n', 2, 2, 2, 0, 'active', '2022-06-24 17:36:46', NULL, NULL),
(207, 'تطوير الويب (2)\r\n', 2, 2, 2, 0, 'active', '2022-06-24 17:36:46', NULL, NULL),
(208, 'الرياضيات للوسائط المتعددة\r\n', 2, 2, 2, 0, 'active', '2022-06-24 17:36:46', NULL, NULL),
(209, '', 2, 2, 2, 0, 'active', '2022-06-24 17:36:46', NULL, NULL),
(210, 'التأثير والتركيب المرئي\r\n', 2, 3, 1, 0, 'active', '2022-06-24 17:39:33', NULL, NULL),
(211, 'هندسة الوسائط والويب\r\n', 2, 3, 1, 0, 'active', '2022-06-24 17:39:33', NULL, NULL),
(212, 'تجسيد النماذج ثلاثية الأبعاد\r\n', 2, 3, 1, 0, 'active', '2022-06-24 17:39:33', NULL, NULL),
(213, 'إدارة الأعمال والتجارة الإلكترونية\r\n', 2, 3, 1, 0, 'active', '2022-06-24 17:39:33', NULL, NULL),
(214, 'ريادة الأعمال والعمل الحر\r\n', 2, 3, 2, 0, 'active', '2022-06-24 17:39:33', NULL, NULL),
(215, 'الرسوم المتحركة\r\n', 2, 3, 2, 0, 'active', '2022-06-24 17:39:33', NULL, NULL),
(216, 'تحريك المجسمات ثلاثية الأبعاد\r\n', 2, 3, 2, 0, 'active', '2022-06-24 17:39:33', NULL, NULL),
(218, 'أمن الويب\r\n', 2, 4, 1, 0, 'active', '2022-06-24 17:42:31', NULL, NULL),
(219, 'برمجة الألعاب الإلكترونية\r\n', 2, 4, 1, 0, 'active', '2022-06-24 17:42:31', NULL, NULL),
(220, 'تطبيقات الهواتف الذكية\r\n', 2, 4, 2, 0, 'active', '2022-06-24 17:42:31', NULL, NULL),
(221, 'أخلاقيات المهنة\r\n', 2, 4, 2, 0, 'active', '2022-06-24 17:42:31', '2022-06-24 15:19:49', NULL);

-- --------------------------------------------------------

--
-- Table structure for table `departments`
--

CREATE TABLE `departments` (
  `id` bigint(20) UNSIGNED NOT NULL,
  `faculty_id` int(11) NOT NULL,
  `image` varchar(191) COLLATE utf8mb4_unicode_ci DEFAULT NULL,
  `status` enum('active','not_active') COLLATE utf8mb4_unicode_ci NOT NULL DEFAULT 'active',
  `created_at` timestamp NULL DEFAULT NULL,
  `updated_at` timestamp NULL DEFAULT NULL,
  `deleted_at` timestamp NULL DEFAULT NULL
) ENGINE=InnoDB DEFAULT CHARSET=utf8mb4 COLLATE=utf8mb4_unicode_ci;

--
-- Dumping data for table `departments`
--

INSERT INTO `departments` (`id`, `faculty_id`, `image`, `status`, `created_at`, `updated_at`, `deleted_at`) VALUES
(1, 1, 'WqqL4oKozlRxFhF23198581655410384_6757158.png', 'active', '2022-06-15 12:48:04', '2022-06-16 17:13:04', NULL),
(2, 1, 'WhMTrfFNVkEke6H72441631655410406_8218116.png', 'active', '2022-06-15 12:48:32', '2022-06-16 17:13:26', NULL),
(3, 2, '82GrplaA88Kk7UJ48226481655410417_7786480.png', 'active', '2022-06-16 14:44:47', '2022-06-16 17:13:37', NULL),
(4, 4, NULL, 'active', '2022-06-20 17:43:22', '2022-06-20 17:43:22', NULL),
(5, 5, NULL, 'active', '2022-06-23 16:50:01', '2022-06-23 16:50:12', '2022-06-23 16:50:12'),
(6, 1, NULL, 'active', '2022-06-24 12:49:41', '2022-06-24 12:49:41', NULL),
(7, 1, NULL, 'active', '2022-06-24 12:51:05', '2022-06-24 12:51:05', NULL),
(8, 1, NULL, 'active', '2022-06-24 12:51:36', '2022-06-24 12:51:36', NULL),
(9, 1, NULL, 'active', '2022-06-24 12:51:56', '2022-06-24 15:18:26', NULL);

-- --------------------------------------------------------

--
-- Table structure for table `department_translations`
--

CREATE TABLE `department_translations` (
  `id` bigint(20) UNSIGNED NOT NULL,
  `department_id` int(11) NOT NULL,
  `locale` varchar(191) COLLATE utf8mb4_unicode_ci NOT NULL,
  `name` varchar(191) COLLATE utf8mb4_unicode_ci NOT NULL,
  `deleted_at` timestamp NULL DEFAULT NULL,
  `created_at` timestamp NULL DEFAULT NULL,
  `updated_at` timestamp NULL DEFAULT NULL
) ENGINE=InnoDB DEFAULT CHARSET=utf8mb4 COLLATE=utf8mb4_unicode_ci;

--
-- Dumping data for table `department_translations`
--

INSERT INTO `department_translations` (`id`, `department_id`, `locale`, `name`, `deleted_at`, `created_at`, `updated_at`) VALUES
(1, 1, 'en', 'mobile computing', NULL, '2022-06-15 12:48:04', '2022-06-15 12:48:04'),
(2, 1, 'ar', 'الحوسبة المتنقلة و تطبيقات الأجهزة الذكية', NULL, '2022-06-15 12:48:04', '2022-06-15 12:48:04'),
(3, 2, 'en', 'Multimedia technology and web development', NULL, '2022-06-15 12:48:32', '2022-06-24 14:30:12'),
(4, 2, 'ar', 'تكنولوجيا الوسائط المتعددة و تطوير الويب', NULL, '2022-06-15 12:48:32', '2022-06-24 14:30:12'),
(5, 3, 'en', 'MEDICAL', NULL, '2022-06-16 14:44:47', '2022-06-16 14:44:47'),
(6, 3, 'ar', 'التحاليل الطبية', NULL, '2022-06-16 14:44:47', '2022-06-16 14:44:47'),
(7, 4, 'en', 'Human Medicine', NULL, '2022-06-20 17:43:22', '2022-06-20 17:43:22'),
(8, 4, 'ar', 'الطب البشري', NULL, '2022-06-20 17:43:22', '2022-06-20 17:43:22'),
(9, 5, 'en', '22', NULL, '2022-06-23 16:50:01', '2022-06-23 16:50:01'),
(10, 5, 'ar', '22', NULL, '2022-06-23 16:50:01', '2022-06-23 16:50:01'),
(11, 6, 'en', 'Computer science', NULL, '2022-06-24 12:49:41', '2022-06-24 12:49:41'),
(12, 6, 'ar', 'علم الحاسوب', NULL, '2022-06-24 12:49:41', '2022-06-24 12:49:41'),
(13, 7, 'en', 'IT systems', NULL, '2022-06-24 12:51:05', '2022-06-24 12:51:05'),
(14, 7, 'ar', 'نظم تكنولوجيا المعلومات', NULL, '2022-06-24 12:51:05', '2022-06-24 12:51:05'),
(15, 8, 'en', 'Software development', NULL, '2022-06-24 12:51:36', '2022-06-24 12:51:36'),
(16, 8, 'ar', 'تطوير البرمجيات', NULL, '2022-06-24 12:51:36', '2022-06-24 12:51:36'),
(17, 9, 'en', 'Multimedia technology and web development', NULL, '2022-06-24 12:51:56', '2022-06-24 12:51:56'),
(18, 9, 'ar', 'تكنولوجيا الوسائط المتعددة و تطوير الويب', NULL, '2022-06-24 12:51:56', '2022-06-24 12:51:56');

-- --------------------------------------------------------

--
-- Table structure for table `department_years`
--

CREATE TABLE `department_years` (
  `id` bigint(20) UNSIGNED NOT NULL,
  `department_id` int(11) NOT NULL,
  `year_id` int(11) NOT NULL,
  `created_at` timestamp NULL DEFAULT NULL,
  `updated_at` timestamp NULL DEFAULT NULL,
  `deleted_at` timestamp NULL DEFAULT NULL
) ENGINE=InnoDB DEFAULT CHARSET=utf8mb4 COLLATE=utf8mb4_unicode_ci;

--
-- Dumping data for table `department_years`
--

INSERT INTO `department_years` (`id`, `department_id`, `year_id`, `created_at`, `updated_at`, `deleted_at`) VALUES
(25, 1, 1, NULL, NULL, NULL),
(26, 1, 2, NULL, NULL, NULL),
(27, 1, 3, NULL, NULL, NULL),
(28, 1, 4, NULL, NULL, NULL),
(33, 3, 1, NULL, NULL, NULL),
(34, 3, 2, NULL, NULL, NULL),
(35, 3, 3, NULL, NULL, NULL),
(36, 3, 4, NULL, NULL, NULL),
(37, 4, 1, NULL, NULL, NULL),
(38, 4, 2, NULL, NULL, NULL),
(39, 4, 3, NULL, NULL, NULL),
(40, 4, 4, NULL, NULL, NULL),
(41, 4, 5, NULL, NULL, NULL),
(42, 4, 6, NULL, NULL, NULL),
(43, 5, 1, NULL, NULL, NULL),
(44, 5, 2, NULL, NULL, NULL),
(45, 5, 3, NULL, NULL, NULL),
(46, 5, 4, NULL, NULL, NULL),
(47, 6, 1, NULL, NULL, NULL),
(48, 6, 2, NULL, NULL, NULL),
(49, 6, 3, NULL, NULL, NULL),
(50, 6, 4, NULL, NULL, NULL),
(51, 7, 1, NULL, NULL, NULL),
(52, 7, 2, NULL, NULL, NULL),
(53, 7, 3, NULL, NULL, NULL),
(54, 7, 4, NULL, NULL, NULL),
(55, 8, 1, NULL, NULL, NULL),
(56, 8, 2, NULL, NULL, NULL),
(57, 8, 3, NULL, NULL, NULL),
(58, 8, 4, NULL, NULL, NULL),
(59, 9, 1, NULL, NULL, NULL),
(60, 9, 2, NULL, NULL, NULL),
(61, 9, 3, NULL, NULL, NULL),
(62, 9, 4, NULL, NULL, NULL),
(63, 2, 1, NULL, NULL, NULL),
(64, 2, 2, NULL, NULL, NULL),
(65, 2, 3, NULL, NULL, NULL),
(66, 2, 4, NULL, NULL, NULL);

-- --------------------------------------------------------

--
-- Table structure for table `faculties`
--

CREATE TABLE `faculties` (
  `id` bigint(20) UNSIGNED NOT NULL,
  `image` varchar(191) COLLATE utf8mb4_unicode_ci NOT NULL,
  `status` enum('active','not_active') COLLATE utf8mb4_unicode_ci NOT NULL DEFAULT 'active',
  `created_at` timestamp NULL DEFAULT NULL,
  `updated_at` timestamp NULL DEFAULT NULL,
  `deleted_at` timestamp NULL DEFAULT NULL
) ENGINE=InnoDB DEFAULT CHARSET=utf8mb4 COLLATE=utf8mb4_unicode_ci;

--
-- Dumping data for table `faculties`
--

INSERT INTO `faculties` (`id`, `image`, `status`, `created_at`, `updated_at`, `deleted_at`) VALUES
(1, 'DrlT2IWEqELmArQ47248201655757548_3645546.png', 'active', '2022-06-15 12:39:33', '2022-06-20 17:39:08', NULL),
(2, 'w066wLXpX9YmXGe86675391655834685_4218341.png', 'active', '2022-06-15 12:40:33', '2022-06-21 15:21:18', NULL),
(3, 'up207oDzEQ0bfT740175141655757500_6512024.png', 'active', '2022-06-20 17:38:20', '2022-06-20 17:38:20', NULL),
(4, 'lNtGQns4dbArRQi24331871655757683_5569333.png', 'active', '2022-06-20 17:41:04', '2022-06-20 17:41:23', NULL),
(5, 'wsvgOrsLEPs5vMc73832611655834718_7986703.png', 'active', '2022-06-21 15:05:18', '2022-06-21 15:05:18', NULL),
(6, 'rFKc7hF0BRsS9cB82654011655834753_7518756.png', 'active', '2022-06-21 15:05:53', '2022-06-21 15:05:53', NULL),
(7, '3TybXamyYcX0CsV99884081655834801_4326025.png', 'active', '2022-06-21 15:06:41', '2022-06-21 15:06:41', NULL),
(8, 'mk2vEqOCHvouzWP68234231655834829_2984806.png', 'active', '2022-06-21 15:07:10', '2022-06-21 15:07:10', NULL),
(9, 'dWqp0Mw6oA4Ffwu61052321655834856_8566352.png', 'active', '2022-06-21 15:07:36', '2022-06-21 15:07:36', NULL),
(10, 'oqrwUTAEiGtq3wt15567371655834887_1857780.png', 'active', '2022-06-21 15:08:08', '2022-06-21 15:08:08', NULL),
(11, 'dxDD7IqVQSGc9E439026711655834918_3570762.png', 'active', '2022-06-21 15:08:38', '2022-06-21 15:21:18', NULL),
(12, 'ZZ4LOLKqegC4ejJ17687461656013697_3600422.png', 'active', '2022-06-23 16:48:17', '2022-06-23 16:49:12', '2022-06-23 16:49:12');

-- --------------------------------------------------------

--
-- Table structure for table `faculty_translations`
--

CREATE TABLE `faculty_translations` (
  `id` bigint(20) UNSIGNED NOT NULL,
  `faculty_id` int(10) UNSIGNED NOT NULL,
  `locale` varchar(191) COLLATE utf8mb4_unicode_ci NOT NULL,
  `name` varchar(191) COLLATE utf8mb4_unicode_ci NOT NULL,
  `created_at` timestamp NULL DEFAULT NULL,
  `updated_at` timestamp NULL DEFAULT NULL,
  `deleted_at` timestamp NULL DEFAULT NULL
) ENGINE=InnoDB DEFAULT CHARSET=utf8mb4 COLLATE=utf8mb4_unicode_ci;

--
-- Dumping data for table `faculty_translations`
--

INSERT INTO `faculty_translations` (`id`, `faculty_id`, `locale`, `name`, `created_at`, `updated_at`, `deleted_at`) VALUES
(1, 1, 'en', 'Faculty of Information Technology', '2022-06-15 12:39:33', '2022-06-21 15:09:09', NULL),
(2, 1, 'ar', 'كلية تكنولوجيا المعلومات', '2022-06-15 12:39:33', '2022-06-21 15:09:09', NULL),
(3, 2, 'en', 'Faculty of Nursing', '2022-06-15 12:40:33', '2022-06-21 15:04:45', NULL),
(4, 2, 'ar', 'كلية التمريض', '2022-06-15 12:40:33', '2022-06-21 15:04:45', NULL),
(5, 3, 'en', 'Faculty of Engineering', '2022-06-20 17:38:20', '2022-06-21 15:03:45', NULL),
(6, 3, 'ar', 'كلية الهندسة', '2022-06-20 17:38:20', '2022-06-20 17:38:20', NULL),
(7, 4, 'en', 'Faculty of Medicine', '2022-06-20 17:41:04', '2022-06-21 15:03:19', NULL),
(8, 4, 'ar', 'كلية الطب', '2022-06-20 17:41:04', '2022-06-20 17:41:04', NULL),
(9, 5, 'en', 'Faculty of Health Science', '2022-06-21 15:05:18', '2022-06-21 15:05:18', NULL),
(10, 5, 'ar', 'كلية العلوم الصحية', '2022-06-21 15:05:18', '2022-06-21 15:05:18', NULL),
(11, 6, 'en', 'Faculty of Science', '2022-06-21 15:05:53', '2022-06-21 15:05:53', NULL),
(12, 6, 'ar', 'كلية العلوم', '2022-06-21 15:05:53', '2022-06-21 15:05:53', NULL),
(13, 7, 'en', 'Faculty of Arts', '2022-06-21 15:06:41', '2022-06-21 15:06:41', NULL),
(14, 7, 'ar', 'كلية الآداب', '2022-06-21 15:06:41', '2022-06-21 15:06:41', NULL),
(15, 8, 'en', 'Faculty of Sharia & Law', '2022-06-21 15:07:10', '2022-06-21 15:07:10', NULL),
(16, 8, 'ar', 'كلية الشريعة والقانون', '2022-06-21 15:07:10', '2022-06-21 15:07:10', NULL),
(17, 9, 'en', 'Faculty of Osoul Eddin', '2022-06-21 15:07:36', '2022-06-21 15:07:36', NULL),
(18, 9, 'ar', 'كلية أصول الدين', '2022-06-21 15:07:36', '2022-06-21 15:07:36', NULL),
(19, 10, 'en', 'Faculty of Education', '2022-06-21 15:08:08', '2022-06-21 15:08:08', NULL),
(20, 10, 'ar', 'كلية التربية', '2022-06-21 15:08:08', '2022-06-21 15:08:08', NULL),
(21, 11, 'en', 'Faculty of Commerce', '2022-06-21 15:08:38', '2022-06-21 15:08:38', NULL),
(22, 11, 'ar', 'كلية الاقتصاد والعلوم الإدارية', '2022-06-21 15:08:38', '2022-06-21 15:08:38', NULL),
(23, 12, 'en', 'كلية ابو محمد للنساء والتجارة العامة والمقاولات', '2022-06-23 16:48:17', '2022-06-23 16:48:52', NULL),
(24, 12, 'ar', 'كلية ابو محمد للنساء والتجارة العامة والمقاولات', '2022-06-23 16:48:17', '2022-06-23 16:48:52', NULL);

-- --------------------------------------------------------

--
-- Table structure for table `favorites`
--

CREATE TABLE `favorites` (
  `id` bigint(20) UNSIGNED NOT NULL,
  `user_key` varchar(191) COLLATE utf8mb4_unicode_ci NOT NULL,
  `user_id` int(11) NOT NULL,
  `video_id` int(11) NOT NULL,
  `created_at` timestamp NULL DEFAULT NULL,
  `updated_at` timestamp NULL DEFAULT NULL,
  `deleted_at` timestamp NULL DEFAULT NULL
) ENGINE=InnoDB DEFAULT CHARSET=utf8mb4 COLLATE=utf8mb4_unicode_ci;

--
-- Dumping data for table `favorites`
--

INSERT INTO `favorites` (`id`, `user_key`, `user_id`, `video_id`, `created_at`, `updated_at`, `deleted_at`) VALUES
(1, '62ac63caae6221oo0ZW8gODi', 0, 1, '2022-06-17 08:21:46', '2022-06-17 08:30:22', '2022-06-17 08:30:22'),
(2, '62ac63caae6221oo0ZW8gODi', 0, 1, '2022-06-17 08:26:34', '2022-06-17 08:30:22', '2022-06-17 08:30:22'),
(3, '62ac63caae6221oo0ZW8gODi', 0, 1, '2022-06-17 08:30:34', '2022-06-17 08:30:52', '2022-06-17 08:30:52'),
(4, '62ac63caae6221oo0ZW8gODi', 0, 1, '2022-06-17 08:31:04', '2022-06-17 09:34:34', '2022-06-17 09:34:34'),
(5, '62ac63caae6221oo0ZW8gODi', 0, 4, '2022-06-17 09:29:49', '2022-06-17 15:27:00', '2022-06-17 15:27:00'),
(6, '62ac63caae6221oo0ZW8gODi', 0, 4, '2022-06-17 09:29:50', '2022-06-17 15:27:00', '2022-06-17 15:27:00'),
(7, '62ac63caae6221oo0ZW8gODi', 0, 1, '2022-06-17 09:34:35', '2022-06-17 15:27:09', '2022-06-17 15:27:09'),
(8, '62ac63caae6221oo0ZW8gODi', 0, 1, '2022-06-17 09:34:35', '2022-06-17 15:27:09', '2022-06-17 15:27:09'),
(9, '62ac63caae6221oo0ZW8gODi', 0, 6, '2022-06-17 09:43:42', '2022-06-17 09:43:46', '2022-06-17 09:43:46'),
(10, '62ac63caae6221oo0ZW8gODi', 0, 6, '2022-06-17 09:43:42', '2022-06-17 09:43:46', '2022-06-17 09:43:46'),
(11, '62ac63caae6221oo0ZW8gODi', 1, 6, '2022-06-17 12:53:56', '2022-06-17 16:47:43', '2022-06-17 16:47:43'),
(12, '62ac63caae6221oo0ZW8gODi', 1, 6, '2022-06-17 12:53:56', '2022-06-17 16:47:43', '2022-06-17 16:47:43'),
(13, '62ac63caae6221oo0ZW8gODi', 1, 1, '2022-06-17 14:18:07', '2022-06-17 15:27:09', '2022-06-17 15:27:09'),
(14, '62ac63caae6221oo0ZW8gODi', 1, 1, '2022-06-17 14:18:08', '2022-06-17 15:27:09', '2022-06-17 15:27:09'),
(15, '62ac63caae6221oo0ZW8gODi', 1, 1, '2022-06-17 14:19:58', '2022-06-17 15:27:09', '2022-06-17 15:27:09'),
(16, '62ac63caae6221oo0ZW8gODi', 1, 1, '2022-06-17 14:19:58', '2022-06-17 15:27:09', '2022-06-17 15:27:09'),
(17, '62ac63caae6221oo0ZW8gODi', 1, 1, '2022-06-17 14:20:24', '2022-06-17 15:27:09', '2022-06-17 15:27:09'),
(18, '62ac63caae6221oo0ZW8gODi', 1, 1, '2022-06-17 14:20:24', '2022-06-17 15:27:09', '2022-06-17 15:27:09'),
(19, '62ac63caae6221oo0ZW8gODi', 1, 1, '2022-06-17 14:20:27', '2022-06-17 15:27:09', '2022-06-17 15:27:09'),
(20, '62ac63caae6221oo0ZW8gODi', 1, 1, '2022-06-17 14:20:27', '2022-06-17 15:27:09', '2022-06-17 15:27:09'),
(21, '62ac63caae6221oo0ZW8gODi', 1, 1, '2022-06-17 14:21:21', '2022-06-17 15:27:09', '2022-06-17 15:27:09'),
(22, '62ac63caae6221oo0ZW8gODi', 1, 1, '2022-06-17 14:21:41', '2022-06-17 15:27:09', '2022-06-17 15:27:09'),
(23, '62ac63caae6221oo0ZW8gODi', 1, 1, '2022-06-17 14:21:42', '2022-06-17 15:27:09', '2022-06-17 15:27:09'),
(24, '62ac63caae6221oo0ZW8gODi', 1, 1, '2022-06-17 14:22:27', '2022-06-17 15:27:09', '2022-06-17 15:27:09'),
(25, '62ac63caae6221oo0ZW8gODi', 1, 1, '2022-06-17 14:22:28', '2022-06-17 15:27:09', '2022-06-17 15:27:09'),
(26, '62ac63caae6221oo0ZW8gODi', 1, 1, '2022-06-17 14:22:31', '2022-06-17 15:27:09', '2022-06-17 15:27:09'),
(27, '62ac63caae6221oo0ZW8gODi', 1, 1, '2022-06-17 14:22:32', '2022-06-17 15:27:09', '2022-06-17 15:27:09'),
(28, '62ac63caae6221oo0ZW8gODi', 1, 4, '2022-06-17 15:27:54', '2022-06-17 15:28:02', '2022-06-17 15:28:02'),
(29, '62ac63caae6221oo0ZW8gODi', 1, 4, '2022-06-17 15:28:14', '2022-06-17 16:48:27', '2022-06-17 16:48:27'),
(30, '62ac63caae6221oo0ZW8gODi', 1, 6, '2022-06-17 16:47:44', '2022-06-17 16:48:06', '2022-06-17 16:48:06'),
(31, '62ac63caae6221oo0ZW8gODi', 1, 6, '2022-06-17 16:48:08', '2022-06-17 16:48:25', '2022-06-17 16:48:25'),
(32, '62ac63caae6221oo0ZW8gODi', 1, 4, '2022-06-17 16:48:28', '2022-06-21 17:12:47', '2022-06-21 17:12:47'),
(33, '62ac63caae6221oo0ZW8gODi', 1, 6, '2022-06-17 16:48:30', '2022-06-17 16:51:01', '2022-06-17 16:51:01'),
(34, '62ac63caae6221oo0ZW8gODi', 1, 6, '2022-06-17 16:51:03', '2022-06-17 16:51:03', NULL),
(35, '62acdd68ca51a3nhZm52X8Rj', 1, 3, '2022-06-17 17:00:40', '2022-06-17 17:01:17', '2022-06-17 17:01:17'),
(36, '62acdd68ca51a3nhZm52X8Rj', 1, 3, '2022-06-17 17:01:18', '2022-06-17 17:01:18', NULL),
(37, '62acdd68ca51a3nhZm52X8Rj', 1, 1, '2022-06-20 06:02:55', '2022-06-20 06:03:10', '2022-06-20 06:03:10'),
(38, '62acdd68ca51a3nhZm52X8Rj', 1, 1, '2022-06-20 06:03:11', '2022-06-24 15:29:34', '2022-06-24 15:29:34'),
(39, '62b20ad16b3552uxQX7eQpjb', 0, 2, '2022-06-21 15:15:45', '2022-06-21 15:15:45', NULL),
(40, '62b20ad16b3552uxQX7eQpjb', 0, 7, '2022-06-21 16:09:13', '2022-06-21 16:09:14', '2022-06-21 16:09:14'),
(41, '62b20ad16b3552uxQX7eQpjb', 0, 7, '2022-06-21 16:26:53', '2022-06-21 17:12:53', '2022-06-21 17:12:53'),
(42, '62b20ad16b3552uxQX7eQpjb', 1, 4, '2022-06-21 17:12:48', '2022-06-21 17:12:49', '2022-06-21 17:12:49'),
(43, '62b20ad16b3552uxQX7eQpjb', 1, 4, '2022-06-21 17:12:51', '2022-06-23 17:06:02', '2022-06-23 17:06:02'),
(44, '62b4c708289184pgjaXI95XB', 0, 4, '2022-06-23 17:03:20', '2022-06-23 17:06:02', '2022-06-23 17:06:02'),
(45, '62b4c708289184pgjaXI95XB', 1, 4, '2022-06-23 17:06:29', '2022-06-23 17:06:30', '2022-06-23 17:06:30'),
(46, '62b4c708289184pgjaXI95XB', 1, 4, '2022-06-23 17:06:31', '2022-06-23 17:06:50', '2022-06-23 17:06:50'),
(47, '62b4c708289184pgjaXI95XB', 1, 4, '2022-06-23 17:06:51', '2022-06-23 17:06:51', NULL),
(48, '62b4c708289184pgjaXI95XB', 1, 2, '2022-06-24 14:46:13', '2022-06-24 14:46:14', '2022-06-24 14:46:14'),
(49, '62b4c708289184pgjaXI95XB', 1, 2, '2022-06-24 15:29:25', '2022-06-24 16:33:35', '2022-06-24 16:33:35'),
(50, '62b4c708289184pgjaXI95XB', 1, 2, '2022-06-24 16:33:38', '2022-06-24 16:33:38', NULL),
(51, '62b4c708289184pgjaXI95XB', 1, 1, '2022-06-24 16:34:13', '2022-06-24 16:34:13', NULL),
(52, '62b4c708289184pgjaXI95XB', 1, 19, '2022-06-24 18:02:00', '2022-06-24 18:02:00', '2022-06-24 18:02:00'),
(53, '62b4c708289184pgjaXI95XB', 1, 19, '2022-06-24 18:02:02', '2022-06-24 18:02:02', NULL);

-- --------------------------------------------------------

--
-- Table structure for table `files`
--

CREATE TABLE `files` (
  `id` bigint(20) UNSIGNED NOT NULL,
  `name` varchar(191) COLLATE utf8mb4_unicode_ci NOT NULL,
  `file` varchar(191) COLLATE utf8mb4_unicode_ci NOT NULL,
  `faculty_id` int(11) DEFAULT NULL,
  `department_id` int(11) DEFAULT NULL,
  `course_id` int(11) NOT NULL,
  `year_id` int(11) DEFAULT NULL,
  `semester_id` int(11) DEFAULT NULL,
  `is_requirement` int(11) DEFAULT 0 COMMENT '1->yes , 0->no',
  `status` enum('active','not_active') COLLATE utf8mb4_unicode_ci NOT NULL DEFAULT 'active',
  `created_at` timestamp NULL DEFAULT NULL,
  `updated_at` timestamp NULL DEFAULT NULL,
  `deleted_at` timestamp NULL DEFAULT NULL
) ENGINE=InnoDB DEFAULT CHARSET=utf8mb4 COLLATE=utf8mb4_unicode_ci;

--
-- Dumping data for table `files`
--

INSERT INTO `files` (`id`, `name`, `file`, `faculty_id`, `department_id`, `course_id`, `year_id`, `semester_id`, `is_requirement`, `status`, `created_at`, `updated_at`, `deleted_at`) VALUES
(1, 'المحاضرة الأولى', 'ooOZRT6DVBz01Kv67079391655405030_7514286.sql', 1, 1, 2, 1, 1, 0, 'active', '2022-06-16 15:43:50', '2022-06-16 15:57:07', NULL),
(2, 'المحاضرة  الثانية', 'G30MDaV7ds3eLUh57202861655405787_9791743.php', 2, 3, 4, 1, 2, 0, 'active', '2022-06-16 15:56:27', '2022-06-24 15:21:55', NULL),
(3, 'امتحان نصفي', 'qYj8eDIyrNkQXOZ96535101655468813_9943058.png', 1, 1, 2, 1, 1, 0, 'active', '2022-06-17 09:26:53', '2022-06-17 09:26:53', NULL),
(5, 's', 'ykirdu3qzewXSBl36947731655670765_1175540.png', NULL, NULL, 6, NULL, NULL, 1, 'active', '2022-06-19 17:32:45', '2022-06-19 17:32:45', NULL),
(6, 's', 'BYbU337jAKxiHnW31501631655670765_7882862.png', NULL, NULL, 6, NULL, NULL, 1, 'active', '2022-06-19 17:32:45', '2022-06-19 17:32:45', NULL),
(7, 'admin', 'Txp3Vo1SyRILwwo28712961655670781_2172973.png', NULL, NULL, 6, NULL, NULL, 1, 'active', '2022-06-19 17:33:01', '2022-06-19 17:33:01', NULL),
(9, 'm', 'DEltIWKZYpme5XA13021971656014193_7250050.png', NULL, NULL, 7, NULL, NULL, 1, 'active', '2022-06-23 16:56:33', '2022-06-24 15:26:19', NULL),
(11, 'امتحان نهائي', 'xgnDeyZWXvP58Cs75774091656104687_8834074.JPG', 1, 1, 2, 1, 1, 0, 'active', '2022-06-24 18:04:47', '2022-06-24 18:04:47', NULL),
(12, 'شابتر 1', 'mu1Ba5sWi1nCS7739216031656104714_8485780.JPG', 1, 1, 2, 1, 1, 0, 'active', '2022-06-24 18:05:14', '2022-06-24 18:05:14', NULL),
(13, 'شابتر 2', 'ej8rjEVldy9k5EH53934041656104730_2983255.JPG', 1, 1, 2, 1, 1, 0, 'active', '2022-06-24 18:05:30', '2022-06-24 18:05:30', NULL),
(14, 'شابتر 3', 'O0ARq1Abisd2Mrl84535961656104747_5479396.JPG', 1, 1, 2, 1, 1, 0, 'active', '2022-06-24 18:05:47', '2022-06-24 18:05:47', NULL),
(15, 'شابتر 4', 'EGL75Ze9t6dsQHY31247831656104764_7921003.JPG', 1, 1, 2, 1, 1, 0, 'active', '2022-06-24 18:06:04', '2022-06-24 18:06:04', NULL);

-- --------------------------------------------------------

--
-- Table structure for table `languages`
--

CREATE TABLE `languages` (
  `id` bigint(20) UNSIGNED NOT NULL,
  `lang` varchar(191) COLLATE utf8mb4_unicode_ci NOT NULL,
  `flag` varchar(191) COLLATE utf8mb4_unicode_ci NOT NULL,
  `created_at` timestamp NULL DEFAULT NULL,
  `updated_at` timestamp NULL DEFAULT NULL,
  `deleted_at` timestamp NULL DEFAULT NULL
) ENGINE=InnoDB DEFAULT CHARSET=utf8mb4 COLLATE=utf8mb4_unicode_ci;

--
-- Dumping data for table `languages`
--

INSERT INTO `languages` (`id`, `lang`, `flag`, `created_at`, `updated_at`, `deleted_at`) VALUES
(1, 'en', '', NULL, NULL, NULL),
(2, 'ar', '', NULL, NULL, NULL);

-- --------------------------------------------------------

--
-- Table structure for table `language_translation`
--

CREATE TABLE `language_translation` (
  `id` bigint(20) UNSIGNED NOT NULL,
  `language_id` int(11) NOT NULL,
  `locale` varchar(191) COLLATE utf8mb4_unicode_ci NOT NULL,
  `name` varchar(191) COLLATE utf8mb4_unicode_ci NOT NULL,
  `created_at` timestamp NULL DEFAULT NULL,
  `updated_at` timestamp NULL DEFAULT NULL,
  `deleted_at` timestamp NULL DEFAULT NULL
) ENGINE=InnoDB DEFAULT CHARSET=utf8mb4 COLLATE=utf8mb4_unicode_ci;

--
-- Dumping data for table `language_translation`
--

INSERT INTO `language_translation` (`id`, `language_id`, `locale`, `name`, `created_at`, `updated_at`, `deleted_at`) VALUES
(1, 1, 'en', 'English', NULL, NULL, NULL),
(2, 1, 'ar', 'إنجليزي', NULL, NULL, NULL),
(3, 2, 'en', 'Arabic', NULL, NULL, NULL),
(4, 2, 'ar', 'عربي', NULL, NULL, NULL);

-- --------------------------------------------------------

--
-- Table structure for table `migrations`
--

CREATE TABLE `migrations` (
  `id` int(10) UNSIGNED NOT NULL,
  `migration` varchar(191) COLLATE utf8mb4_unicode_ci NOT NULL,
  `batch` int(11) NOT NULL
) ENGINE=InnoDB DEFAULT CHARSET=utf8mb4 COLLATE=utf8mb4_unicode_ci;

--
-- Dumping data for table `migrations`
--

INSERT INTO `migrations` (`id`, `migration`, `batch`) VALUES
(1, '2014_10_12_000000_create_users_table', 1),
(2, '2022_02_05_120404_create_settings_table', 1),
(3, '2022_02_05_120430_create_setting_translations_table', 1),
(4, '2022_02_28_125214_create_faculties_table', 1),
(5, '2022_02_28_125336_create_faculty_translations_table', 1),
(6, '2022_03_04_115027_create_contacts_table', 1),
(7, '2022_03_06_072541_create_admin_roles_table', 1),
(8, '2022_03_06_072637_create_roles_table', 1),
(9, '2022_03_06_081530_create_role_translations_table', 1),
(10, '2022_03_06_081604_create_role_permissions_table', 1),
(11, '2022_03_07_201822_create_pages_table', 1),
(12, '2022_03_07_201850_create_page_translations_table', 1),
(13, '2022_03_20_132959_create_languages_table', 1),
(14, '2022_03_20_133027_create_language_translation_table', 1),
(15, '2022_05_23_181435_create_departments_table', 1),
(16, '2022_05_23_181459_create_department_translations_table', 1),
(17, '2022_06_13_173053_create_years_table', 1),
(18, '2022_06_13_173110_create_year_translations_table', 1),
(19, '2022_06_13_173134_create_semesters_table', 1),
(20, '2022_06_13_173200_create_semester_translations_table', 1),
(21, '2022_06_13_173835_create_department_years_table', 1),
(22, '2022_06_14_173358_create_courses_table', 1),
(23, '2022_06_15_155933_create_videos_table', 2),
(24, '2022_06_16_181913_create_files_table', 3),
(25, '2022_03_08_185520_create_favorites_table', 4),
(26, '2022_06_17_113235_create_comments_table', 5),
(27, '2022_03_22_122348_create_partners_table', 6),
(28, '2022_03_06_072708_create_permissions_table', 7),
(29, '2022_03_06_072813_create_permission_translations_table', 7);

-- --------------------------------------------------------

--
-- Table structure for table `pages`
--

CREATE TABLE `pages` (
  `id` bigint(20) UNSIGNED NOT NULL,
  `image` varchar(191) COLLATE utf8mb4_unicode_ci NOT NULL,
  `views` int(11) NOT NULL,
  `slug` varchar(191) COLLATE utf8mb4_unicode_ci NOT NULL,
  `status` enum('active','not_active') COLLATE utf8mb4_unicode_ci NOT NULL,
  `created_at` timestamp NULL DEFAULT NULL,
  `updated_at` timestamp NULL DEFAULT NULL,
  `deleted_at` timestamp NULL DEFAULT NULL
) ENGINE=InnoDB DEFAULT CHARSET=utf8mb4 COLLATE=utf8mb4_unicode_ci;

--
-- Dumping data for table `pages`
--

INSERT INTO `pages` (`id`, `image`, `views`, `slug`, `status`, `created_at`, `updated_at`, `deleted_at`) VALUES
(1, 'image.png', 1, 'about-us', 'active', NULL, NULL, NULL),
(2, 'image.png', 1, 'privacy-policy', 'active', NULL, NULL, NULL),
(3, 'image.png', 1, 'terms-of-use', 'active', NULL, NULL, NULL),
(4, 'image.png', 1, 'return_policy_page', 'active', NULL, NULL, NULL);

-- --------------------------------------------------------

--
-- Table structure for table `page_translations`
--

CREATE TABLE `page_translations` (
  `id` bigint(20) UNSIGNED NOT NULL,
  `page_id` int(11) NOT NULL,
  `locale` varchar(191) COLLATE utf8mb4_unicode_ci NOT NULL,
  `title` varchar(191) COLLATE utf8mb4_unicode_ci NOT NULL,
  `description` text COLLATE utf8mb4_unicode_ci NOT NULL,
  `created_at` timestamp NULL DEFAULT NULL,
  `updated_at` timestamp NULL DEFAULT NULL,
  `deleted_at` timestamp NULL DEFAULT NULL
) ENGINE=InnoDB DEFAULT CHARSET=utf8mb4 COLLATE=utf8mb4_unicode_ci;

--
-- Dumping data for table `page_translations`
--

INSERT INTO `page_translations` (`id`, `page_id`, `locale`, `title`, `description`, `created_at`, `updated_at`, `deleted_at`) VALUES
(1, 1, 'en', 'about us', 'description', NULL, NULL, NULL),
(2, 1, 'ar', 'من نحن', 'description', NULL, NULL, NULL),
(3, 2, 'en', 'privacy policy', 'description', NULL, NULL, NULL),
(4, 2, 'ar', 'سياسة الخصوصية', 'description', NULL, NULL, NULL),
(5, 3, 'en', 'terms of use', 'description', NULL, NULL, NULL),
(6, 3, 'ar', 'شروط الاستخدام', 'description', NULL, NULL, NULL),
(7, 4, 'en', 'return policy page', 'description', NULL, NULL, NULL),
(8, 4, 'ar', 'سياسة الارجاع', 'description', NULL, NULL, NULL);

-- --------------------------------------------------------

--
-- Table structure for table `partners`
--

CREATE TABLE `partners` (
  `id` bigint(20) UNSIGNED NOT NULL,
  `image` varchar(191) COLLATE utf8mb4_unicode_ci NOT NULL,
  `link` text COLLATE utf8mb4_unicode_ci NOT NULL,
  `status` enum('active','not_active') COLLATE utf8mb4_unicode_ci NOT NULL,
  `created_at` timestamp NULL DEFAULT NULL,
  `updated_at` timestamp NULL DEFAULT NULL,
  `deleted_at` timestamp NULL DEFAULT NULL
) ENGINE=InnoDB DEFAULT CHARSET=utf8mb4 COLLATE=utf8mb4_unicode_ci;

--
-- Dumping data for table `partners`
--

INSERT INTO `partners` (`id`, `image`, `link`, `status`, `created_at`, `updated_at`, `deleted_at`) VALUES
(1, 'o3Lbcy5mcVaMuYF74793421655492632_6761735.png', 'https://stackoverflow.com/questions/34364672/equivalent-strpos-function-in-the-blade', 'active', '2022-06-17 16:03:52', '2022-06-17 16:03:52', NULL),
(2, 'WVHBHK0ODbxZBqs63666141655492651_3238350.png', 'https://www.google.com/search?q=Error+reading+structure+for+table+%231932&sxsrf=ALiCzsaV2HiDfnqo4wOJHB63gs5-75ezJQ%3A1655278521783&ei=uYupYo21L_iG9u8Pq9uNwAw&ved=0ahUKEwjN9a2C-a74AhV4g_0HHattA8gQ4dUDCA4&uact=5&oq=Error+reading+structure+for+table+%231932&gs_lcp=Cgdnd3Mtd2l6EAM6BwgAEEcQsAM6BggAEB4QFkoECEEYAEoECEYYAFC2BFjJD2DaFWgBcAF4AIAB_AGIAYIDkgEFMC4xLjGYAQCgAQGgAQLIAQjAAQE&sclient=gws-wiz', 'active', '2022-06-17 16:04:11', '2022-06-17 16:04:11', NULL),
(3, 'XjcyLfeqfrwDHp044067591655492659_5362067.png', 'https://www.google.com/search?q=Error+reading+structure+for+table+%231932&sxsrf=ALiCzsaV2HiDfnqo4wOJHB63gs5-75ezJQ%3A1655278521783&ei=uYupYo21L_iG9u8Pq9uNwAw&ved=0ahUKEwjN9a2C-a74AhV4g_0HHattA8gQ4dUDCA4&uact=5&oq=Error+reading+structure+for+table+%231932&gs_lcp=Cgdnd3Mtd2l6EAM6BwgAEEcQsAM6BggAEB4QFkoECEEYAEoECEYYAFC2BFjJD2DaFWgBcAF4AIAB_AGIAYIDkgEFMC4xLjGYAQCgAQGgAQLIAQjAAQE&sclient=gws-wiz', 'active', '2022-06-17 16:04:19', '2022-06-17 16:04:19', NULL),
(4, '2Iv1cl1sJY99GeD62605521655492671_5065940.png', 'https://www.google.com/search?q=Error+reading+structure+for+table+%231932&sxsrf=ALiCzsaV2HiDfnqo4wOJHB63gs5-75ezJQ%3A1655278521783&ei=uYupYo21L_iG9u8Pq9uNwAw&ved=0ahUKEwjN9a2C-a74AhV4g_0HHattA8gQ4dUDCA4&uact=5&oq=Error+reading+structure+for+table+%231932&gs_lcp=Cgdnd3Mtd2l6EAM6BwgAEEcQsAM6BggAEB4QFkoECEEYAEoECEYYAFC2BFjJD2DaFWgBcAF4AIAB_AGIAYIDkgEFMC4xLjGYAQCgAQGgAQLIAQjAAQE&sclient=gws-wiz', 'active', '2022-06-17 16:04:32', '2022-06-17 16:04:32', NULL),
(5, 'EjsY33cFfC8EFMz96264461655492679_3041837.png', 'https://www.google.com/search?q=Error+reading+structure+for+table+%231932&sxsrf=ALiCzsaV2HiDfnqo4wOJHB63gs5-75ezJQ%3A1655278521783&ei=uYupYo21L_iG9u8Pq9uNwAw&ved=0ahUKEwjN9a2C-a74AhV4g_0HHattA8gQ4dUDCA4&uact=5&oq=Error+reading+structure+for+table+%231932&gs_lcp=Cgdnd3Mtd2l6EAM6BwgAEEcQsAM6BggAEB4QFkoECEEYAEoECEYYAFC2BFjJD2DaFWgBcAF4AIAB_AGIAYIDkgEFMC4xLjGYAQCgAQGgAQLIAQjAAQE&sclient=gws-wiz', 'active', '2022-06-17 16:04:39', '2022-06-17 16:04:39', NULL);

-- --------------------------------------------------------

--
-- Table structure for table `permissions`
--

CREATE TABLE `permissions` (
  `id` bigint(20) UNSIGNED NOT NULL,
  `slug` varchar(191) COLLATE utf8mb4_unicode_ci NOT NULL,
  `created_at` timestamp NULL DEFAULT NULL,
  `updated_at` timestamp NULL DEFAULT NULL,
  `deleted_at` timestamp NULL DEFAULT NULL
) ENGINE=InnoDB DEFAULT CHARSET=utf8mb4 COLLATE=utf8mb4_unicode_ci;

--
-- Dumping data for table `permissions`
--

INSERT INTO `permissions` (`id`, `slug`, `created_at`, `updated_at`, `deleted_at`) VALUES
(1, 'admins-show', NULL, NULL, NULL),
(2, 'admins-create', NULL, NULL, NULL),
(3, 'admins-edit', NULL, NULL, NULL),
(4, 'admins-delete', NULL, NULL, NULL),
(5, 'users-show', NULL, NULL, NULL),
(6, 'admins-create', NULL, NULL, NULL),
(7, 'users-edit', NULL, NULL, NULL),
(8, 'users-delete', NULL, NULL, NULL),
(9, 'faculties-show', NULL, NULL, NULL),
(10, 'faculties-create', NULL, NULL, NULL),
(11, 'faculties-edit', NULL, NULL, NULL),
(12, 'faculties-delete', NULL, NULL, NULL),
(13, 'departments-show', NULL, NULL, NULL),
(14, 'departments-create', NULL, NULL, NULL),
(15, 'departments-edit', NULL, NULL, NULL),
(16, 'departments-delete', NULL, NULL, NULL),
(17, 'courses-show', NULL, NULL, NULL),
(18, 'courses-create', NULL, NULL, NULL),
(19, 'courses-edit', NULL, NULL, NULL),
(20, 'courses-delete', NULL, NULL, NULL),
(21, 'videos-show', NULL, NULL, NULL),
(22, 'videos-create', NULL, NULL, NULL),
(23, 'videos-edit', NULL, NULL, NULL),
(24, 'videos-delete', NULL, NULL, NULL),
(25, 'files-show', NULL, NULL, NULL),
(26, 'files-create', NULL, NULL, NULL),
(27, 'files-edit', NULL, NULL, NULL),
(28, 'files-delete', NULL, NULL, NULL),
(29, 'roles-show', NULL, NULL, NULL),
(30, 'roles-create', NULL, NULL, NULL),
(31, 'roles-edit', NULL, NULL, NULL),
(32, 'roles-delete', NULL, NULL, NULL),
(33, 'requirements-show', NULL, NULL, NULL),
(34, 'requirements-create', NULL, NULL, NULL),
(35, 'requirements-edit', NULL, NULL, NULL),
(36, 'requirements-delete', NULL, NULL, NULL);

-- --------------------------------------------------------

--
-- Table structure for table `permission_translations`
--

CREATE TABLE `permission_translations` (
  `id` bigint(20) UNSIGNED NOT NULL,
  `permission_id` int(11) NOT NULL,
  `locale` varchar(191) COLLATE utf8mb4_unicode_ci NOT NULL,
  `name` varchar(191) COLLATE utf8mb4_unicode_ci NOT NULL,
  `created_at` timestamp NULL DEFAULT NULL,
  `updated_at` timestamp NULL DEFAULT NULL,
  `deleted_at` timestamp NULL DEFAULT NULL
) ENGINE=InnoDB DEFAULT CHARSET=utf8mb4 COLLATE=utf8mb4_unicode_ci;

--
-- Dumping data for table `permission_translations`
--

INSERT INTO `permission_translations` (`id`, `permission_id`, `locale`, `name`, `created_at`, `updated_at`, `deleted_at`) VALUES
(1, 1, 'en', 'admins-show', NULL, NULL, NULL),
(2, 1, 'ar', 'عرض المدراء', NULL, NULL, NULL),
(3, 2, 'en', 'admins-create', NULL, NULL, NULL),
(4, 2, 'ar', 'إضافة المدراء', NULL, NULL, NULL),
(5, 3, 'en', 'admins-edit', NULL, NULL, NULL),
(6, 3, 'ar', 'تعديل المدراء', NULL, NULL, NULL),
(7, 4, 'en', 'admins-delete', NULL, NULL, NULL),
(8, 4, 'ar', 'حذف المدراء', NULL, NULL, NULL),
(9, 5, 'en', 'users-show', NULL, NULL, NULL),
(10, 5, 'ar', 'عرض المستخدمين', NULL, NULL, NULL),
(11, 6, 'en', 'users-create', NULL, NULL, NULL),
(12, 6, 'ar', 'إضافة المستخدمين', NULL, NULL, NULL),
(13, 7, 'en', 'users-edit', NULL, NULL, NULL),
(14, 7, 'ar', 'تعديل المستخدمين', NULL, NULL, NULL),
(15, 8, 'en', 'users-delete', NULL, NULL, NULL),
(16, 8, 'ar', 'حذف المستخدمين', NULL, NULL, NULL),
(17, 9, 'en', 'faculties-show', NULL, NULL, NULL),
(18, 9, 'ar', 'عرض الكليات', NULL, NULL, NULL),
(19, 10, 'en', 'faculties-create', NULL, NULL, NULL),
(20, 10, 'ar', 'إضافة الكليات', NULL, NULL, NULL),
(21, 11, 'en', 'faculties-edit', NULL, NULL, NULL),
(22, 11, 'ar', 'تعديل الكليات', NULL, NULL, NULL),
(23, 12, 'en', 'faculties-delete', NULL, NULL, NULL),
(24, 12, 'ar', 'حذف الكليات', NULL, NULL, NULL),
(25, 13, 'en', 'departments-show', NULL, NULL, NULL),
(26, 13, 'ar', 'عرض الأقسام', NULL, NULL, NULL),
(27, 14, 'en', 'departments-create', NULL, NULL, NULL),
(28, 14, 'ar', 'إضافة الأقسام', NULL, NULL, NULL),
(29, 25, 'en', 'departments-edit', NULL, NULL, NULL),
(30, 25, 'ar', 'تعديل الأقسام', NULL, NULL, NULL),
(31, 16, 'en', 'departments-delete', NULL, NULL, NULL),
(32, 16, 'ar', 'حذف الأقسام', NULL, NULL, NULL),
(33, 17, 'en', 'courses-show', NULL, NULL, NULL),
(34, 17, 'ar', 'عرض المساقات', NULL, NULL, NULL),
(35, 18, 'en', 'courses-create', NULL, NULL, NULL),
(36, 18, 'ar', 'إضافة المساقات', NULL, NULL, NULL),
(37, 19, 'en', 'courses-edit', NULL, NULL, NULL),
(38, 19, 'ar', 'تعديل المساقات', NULL, NULL, NULL),
(39, 20, 'en', 'courses-delete', NULL, NULL, NULL),
(40, 20, 'ar', 'حذف المساقات', NULL, NULL, NULL),
(41, 21, 'en', 'videos-show', NULL, NULL, NULL),
(42, 21, 'ar', 'عرض المحاضرات المصورة', NULL, NULL, NULL),
(43, 22, 'en', 'videos-create', NULL, NULL, NULL),
(44, 22, 'ar', 'إضافة المحاضرات المصورة', NULL, NULL, NULL),
(45, 23, 'en', 'videos-edit', NULL, NULL, NULL),
(46, 23, 'ar', 'تعديل المحاضرات المصورة', NULL, NULL, NULL),
(47, 24, 'en', 'videos-delete', NULL, NULL, NULL),
(48, 24, 'ar', 'حذف المحاضرات المصورة', NULL, NULL, NULL),
(49, 25, 'en', 'files-show', NULL, NULL, NULL),
(50, 25, 'ar', 'عرض الملفات المرفقة', NULL, NULL, NULL),
(51, 26, 'en', 'files-create', NULL, NULL, NULL),
(52, 26, 'ar', 'إضافة الملفات المرفقة', NULL, NULL, NULL),
(53, 27, 'en', 'files-edit', NULL, NULL, NULL),
(54, 27, 'ar', 'تعديل الملفات المرفقة', NULL, NULL, NULL),
(55, 28, 'en', 'files-delete', NULL, NULL, NULL),
(56, 28, 'ar', 'حذف الملفات المرفقة', NULL, NULL, NULL),
(57, 29, 'en', 'roles-show', NULL, NULL, NULL),
(58, 29, 'ar', 'عرض الصلاحيات', NULL, NULL, NULL),
(59, 30, 'en', 'roles-create', NULL, NULL, NULL),
(60, 30, 'ar', 'إضافة الصلاحيات', NULL, NULL, NULL),
(61, 31, 'en', 'roles-edit', NULL, NULL, NULL),
(62, 31, 'ar', 'تعديل الصلاحيات', NULL, NULL, NULL),
(63, 32, 'en', 'roles-delete', NULL, NULL, NULL),
(64, 32, 'ar', 'حذف الصلاحيات', NULL, NULL, NULL),
(65, 33, 'en', 'requirements-show', NULL, NULL, NULL),
(66, 33, 'ar', 'عرض المتطلبات الجامعية', NULL, NULL, NULL),
(67, 34, 'en', 'requirements-create', NULL, NULL, NULL),
(68, 34, 'ar', 'إضافة المتطلبات الجامعية', NULL, NULL, NULL),
(69, 35, 'en', 'requirements-edit', NULL, NULL, NULL),
(70, 35, 'ar', 'تعديل المتطلبات الجامعية', NULL, NULL, NULL),
(71, 36, 'en', 'requirements-delete', NULL, NULL, NULL),
(72, 36, 'ar', 'حذف المتطلبات الجامعية', NULL, NULL, NULL);

-- --------------------------------------------------------

--
-- Table structure for table `roles`
--

CREATE TABLE `roles` (
  `id` bigint(20) UNSIGNED NOT NULL,
  `slug` varchar(191) COLLATE utf8mb4_unicode_ci NOT NULL,
  `created_at` timestamp NULL DEFAULT NULL,
  `updated_at` timestamp NULL DEFAULT NULL,
  `deleted_at` timestamp NULL DEFAULT NULL
) ENGINE=InnoDB DEFAULT CHARSET=utf8mb4 COLLATE=utf8mb4_unicode_ci;

--
-- Dumping data for table `roles`
--

INSERT INTO `roles` (`id`, `slug`, `created_at`, `updated_at`, `deleted_at`) VALUES
(1, '', '2022-06-17 17:49:22', '2022-06-17 17:49:22', NULL);

-- --------------------------------------------------------

--
-- Table structure for table `role_permissions`
--

CREATE TABLE `role_permissions` (
  `id` bigint(20) UNSIGNED NOT NULL,
  `role_id` int(11) NOT NULL,
  `permission_id` int(11) NOT NULL,
  `created_at` timestamp NULL DEFAULT NULL,
  `updated_at` timestamp NULL DEFAULT NULL,
  `deleted_at` timestamp NULL DEFAULT NULL
) ENGINE=InnoDB DEFAULT CHARSET=utf8mb4 COLLATE=utf8mb4_unicode_ci;

--
-- Dumping data for table `role_permissions`
--

INSERT INTO `role_permissions` (`id`, `role_id`, `permission_id`, `created_at`, `updated_at`, `deleted_at`) VALUES
(1, 1, 1, NULL, NULL, NULL),
(2, 1, 2, NULL, NULL, NULL),
(3, 1, 3, NULL, NULL, NULL),
(4, 1, 4, NULL, NULL, NULL),
(5, 1, 5, NULL, NULL, NULL),
(6, 1, 6, NULL, NULL, NULL),
(7, 1, 7, NULL, NULL, NULL),
(8, 1, 8, NULL, NULL, NULL),
(9, 1, 9, NULL, NULL, NULL),
(10, 1, 10, NULL, NULL, NULL),
(11, 1, 11, NULL, NULL, NULL),
(12, 1, 12, NULL, NULL, NULL),
(13, 1, 13, NULL, NULL, NULL),
(14, 1, 14, NULL, NULL, NULL),
(15, 1, 15, NULL, NULL, NULL),
(16, 1, 16, NULL, NULL, NULL),
(17, 1, 17, NULL, NULL, NULL),
(18, 1, 18, NULL, NULL, NULL),
(19, 1, 19, NULL, NULL, NULL),
(20, 1, 20, NULL, NULL, NULL),
(21, 1, 21, NULL, NULL, NULL),
(22, 1, 22, NULL, NULL, NULL),
(23, 1, 23, NULL, NULL, NULL),
(24, 1, 24, NULL, NULL, NULL),
(25, 1, 25, NULL, NULL, NULL),
(26, 1, 26, NULL, NULL, NULL),
(27, 1, 27, NULL, NULL, NULL),
(28, 1, 28, NULL, NULL, NULL),
(29, 1, 29, NULL, NULL, NULL),
(30, 1, 30, NULL, NULL, NULL),
(31, 1, 31, NULL, NULL, NULL),
(32, 1, 32, NULL, NULL, NULL),
(33, 1, 33, NULL, NULL, NULL),
(34, 1, 34, NULL, NULL, NULL),
(35, 1, 35, NULL, NULL, NULL),
(36, 1, 36, NULL, NULL, NULL);

-- --------------------------------------------------------

--
-- Table structure for table `role_translations`
--

CREATE TABLE `role_translations` (
  `id` bigint(20) UNSIGNED NOT NULL,
  `role_id` int(11) NOT NULL,
  `locale` varchar(191) COLLATE utf8mb4_unicode_ci NOT NULL,
  `name` varchar(191) COLLATE utf8mb4_unicode_ci NOT NULL,
  `created_at` timestamp NULL DEFAULT NULL,
  `updated_at` timestamp NULL DEFAULT NULL,
  `deleted_at` timestamp NULL DEFAULT NULL
) ENGINE=InnoDB DEFAULT CHARSET=utf8mb4 COLLATE=utf8mb4_unicode_ci;

--
-- Dumping data for table `role_translations`
--

INSERT INTO `role_translations` (`id`, `role_id`, `locale`, `name`, `created_at`, `updated_at`, `deleted_at`) VALUES
(1, 1, 'en', 'admins', '2022-06-17 17:49:22', '2022-06-17 17:49:22', NULL),
(2, 1, 'ar', 'المدراء', '2022-06-17 17:49:22', '2022-06-17 17:49:22', NULL);

-- --------------------------------------------------------

--
-- Table structure for table `semesters`
--

CREATE TABLE `semesters` (
  `id` bigint(20) UNSIGNED NOT NULL,
  `slug` varchar(191) COLLATE utf8mb4_unicode_ci NOT NULL,
  `created_at` timestamp NULL DEFAULT NULL,
  `updated_at` timestamp NULL DEFAULT NULL,
  `deleted_at` timestamp NULL DEFAULT NULL
) ENGINE=InnoDB DEFAULT CHARSET=utf8mb4 COLLATE=utf8mb4_unicode_ci;

--
-- Dumping data for table `semesters`
--

INSERT INTO `semesters` (`id`, `slug`, `created_at`, `updated_at`, `deleted_at`) VALUES
(1, '1', NULL, NULL, NULL),
(2, '2', NULL, NULL, NULL);

-- --------------------------------------------------------

--
-- Table structure for table `semester_translations`
--

CREATE TABLE `semester_translations` (
  `id` bigint(20) UNSIGNED NOT NULL,
  `semester_id` int(11) NOT NULL,
  `locale` varchar(191) COLLATE utf8mb4_unicode_ci NOT NULL,
  `name` varchar(191) COLLATE utf8mb4_unicode_ci NOT NULL,
  `created_at` timestamp NULL DEFAULT NULL,
  `updated_at` timestamp NULL DEFAULT NULL,
  `deleted_at` timestamp NULL DEFAULT NULL
) ENGINE=InnoDB DEFAULT CHARSET=utf8mb4 COLLATE=utf8mb4_unicode_ci;

--
-- Dumping data for table `semester_translations`
--

INSERT INTO `semester_translations` (`id`, `semester_id`, `locale`, `name`, `created_at`, `updated_at`, `deleted_at`) VALUES
(1, 1, 'en', 'First Semester', NULL, NULL, NULL),
(2, 1, 'ar', 'الفصل الدراسي الأول', NULL, NULL, NULL),
(3, 2, 'en', 'Second Semester', NULL, NULL, NULL),
(4, 2, 'ar', 'الفصل الدراسي الثاني', NULL, NULL, NULL);

-- --------------------------------------------------------

--
-- Table structure for table `settings`
--

CREATE TABLE `settings` (
  `id` bigint(20) UNSIGNED NOT NULL,
  `logo` varchar(191) COLLATE utf8mb4_unicode_ci NOT NULL,
  `info_email` varchar(191) COLLATE utf8mb4_unicode_ci NOT NULL,
  `mobile` varchar(191) COLLATE utf8mb4_unicode_ci NOT NULL,
  `facebook` varchar(191) COLLATE utf8mb4_unicode_ci NOT NULL,
  `twitter` varchar(191) COLLATE utf8mb4_unicode_ci NOT NULL,
  `whatsApp` varchar(191) COLLATE utf8mb4_unicode_ci NOT NULL,
  `instagram` varchar(191) COLLATE utf8mb4_unicode_ci NOT NULL,
  `is_maintenance_mode` enum('0','1') COLLATE utf8mb4_unicode_ci NOT NULL COMMENT '0->of 1->on',
  `created_at` timestamp NULL DEFAULT NULL,
  `updated_at` timestamp NULL DEFAULT NULL,
  `deleted_at` timestamp NULL DEFAULT NULL
) ENGINE=InnoDB DEFAULT CHARSET=utf8mb4 COLLATE=utf8mb4_unicode_ci;

--
-- Dumping data for table `settings`
--

INSERT INTO `settings` (`id`, `logo`, `info_email`, `mobile`, `facebook`, `twitter`, `whatsApp`, `instagram`, `is_maintenance_mode`, `created_at`, `updated_at`, `deleted_at`) VALUES
(1, '1', '1', '1', '1', '1', '1', '1', '0', NULL, NULL, NULL);

-- --------------------------------------------------------

--
-- Table structure for table `setting_translations`
--

CREATE TABLE `setting_translations` (
  `id` bigint(20) UNSIGNED NOT NULL,
  `locale` varchar(191) COLLATE utf8mb4_unicode_ci NOT NULL,
  `setting_id` int(10) UNSIGNED NOT NULL,
  `address` varchar(191) COLLATE utf8mb4_unicode_ci NOT NULL,
  `title` varchar(191) COLLATE utf8mb4_unicode_ci NOT NULL,
  `description` varchar(191) COLLATE utf8mb4_unicode_ci NOT NULL,
  `key_words` text COLLATE utf8mb4_unicode_ci NOT NULL,
  `login_cover` text COLLATE utf8mb4_unicode_ci NOT NULL,
  `plan_cover` text COLLATE utf8mb4_unicode_ci NOT NULL,
  `videos_cover` text COLLATE utf8mb4_unicode_ci NOT NULL,
  `created_at` timestamp NULL DEFAULT NULL,
  `updated_at` timestamp NULL DEFAULT NULL,
  `deleted_at` timestamp NULL DEFAULT NULL
) ENGINE=InnoDB DEFAULT CHARSET=utf8mb4 COLLATE=utf8mb4_unicode_ci;

--
-- Dumping data for table `setting_translations`
--

INSERT INTO `setting_translations` (`id`, `locale`, `setting_id`, `address`, `title`, `description`, `key_words`, `login_cover`, `plan_cover`, `videos_cover`, `created_at`, `updated_at`, `deleted_at`) VALUES
(1, 'en', 1, '60 Grant Ave. Carteret NJ 0708', '', 'description', 'key_words', '', '', '', NULL, NULL, NULL),
(2, 'ar', 1, '60 جرانت افي. كارتريت نيوجيرسي 0708', '', 'الوصف', 'الكلمات المفتاحية', '', '', '', NULL, NULL, NULL);

-- --------------------------------------------------------

--
-- Table structure for table `users`
--

CREATE TABLE `users` (
  `id` bigint(20) UNSIGNED NOT NULL,
  `name` varchar(191) COLLATE utf8mb4_unicode_ci NOT NULL,
  `email` varchar(191) COLLATE utf8mb4_unicode_ci NOT NULL,
  `mobile` varchar(191) COLLATE utf8mb4_unicode_ci NOT NULL,
  `image` varchar(191) COLLATE utf8mb4_unicode_ci NOT NULL,
  `status` enum('active','not_active') COLLATE utf8mb4_unicode_ci NOT NULL,
  `email_verified_at` timestamp NULL DEFAULT NULL,
  `password` varchar(191) COLLATE utf8mb4_unicode_ci NOT NULL,
  `remember_token` varchar(100) COLLATE utf8mb4_unicode_ci DEFAULT NULL,
  `created_at` timestamp NULL DEFAULT NULL,
  `updated_at` timestamp NULL DEFAULT NULL,
  `deleted_at` timestamp NULL DEFAULT NULL
) ENGINE=InnoDB DEFAULT CHARSET=utf8mb4 COLLATE=utf8mb4_unicode_ci;

--
-- Dumping data for table `users`
--

INSERT INTO `users` (`id`, `name`, `email`, `mobile`, `image`, `status`, `email_verified_at`, `password`, `remember_token`, `created_at`, `updated_at`, `deleted_at`) VALUES
(1, 'Mahmoud', 'a@a.com', '123456789', '', 'active', NULL, '$2y$10$Qt.KJ50J/aI21efNq0k/u.OGzgpgPpWkJCRrGYjjfk2GagAOG9twi', NULL, '2022-06-17 12:53:05', '2022-06-21 16:53:49', NULL),
(2, 'ali', 'b@b.com', '1234457667', '', 'active', NULL, '$2y$10$4PFftRRayGc5wbTJicvMlu29.KdwBR.Q.ExAnoPXnqZ1Ssju6OI3i', NULL, '2022-06-17 17:13:40', '2022-06-17 17:13:40', NULL);

-- --------------------------------------------------------

--
-- Table structure for table `videos`
--

CREATE TABLE `videos` (
  `id` bigint(20) UNSIGNED NOT NULL,
  `name` varchar(191) COLLATE utf8mb4_unicode_ci NOT NULL,
  `description` text COLLATE utf8mb4_unicode_ci DEFAULT NULL,
  `url` text COLLATE utf8mb4_unicode_ci NOT NULL,
  `image` varchar(191) COLLATE utf8mb4_unicode_ci NOT NULL,
  `faculty_id` int(11) DEFAULT NULL,
  `department_id` int(11) DEFAULT NULL,
  `course_id` int(11) NOT NULL,
  `year_id` int(11) DEFAULT NULL,
  `semester_id` int(11) DEFAULT NULL,
  `is_requirement` int(11) DEFAULT 0 COMMENT '1->yes , 0->no',
  `status` enum('active','not_active') COLLATE utf8mb4_unicode_ci NOT NULL DEFAULT 'active',
  `created_at` timestamp NULL DEFAULT current_timestamp(),
  `updated_at` timestamp NULL DEFAULT NULL,
  `deleted_at` timestamp NULL DEFAULT NULL
) ENGINE=InnoDB DEFAULT CHARSET=utf8mb4 COLLATE=utf8mb4_unicode_ci;

--
-- Dumping data for table `videos`
--

INSERT INTO `videos` (`id`, `name`, `description`, `url`, `image`, `faculty_id`, `department_id`, `course_id`, `year_id`, `semester_id`, `is_requirement`, `status`, `created_at`, `updated_at`, `deleted_at`) VALUES
(1, 'المحاضرة الأولى', '.تتناول هذه المحاضرة المهارات المستخدمة في تصميم صفحات الإنترنت حيث يتم  التركيز على تصميم (Front end) للموقع الإلكتروني. يتعلم الطالب أساسيات برمجة الصفحات باستخدام HTML5 ومن ثم تنسيق هذه الصفحات وهيكلتها باستخدام CSS3. كذلك يتناول المساق لغات البرمجة                        JavaScript و JQuery واستخداماتها للتفاعل مع محتوى الصفحات الإلكترونية.', 'https://www.youtube.com/embed/B1bukSUIKW0', '6U16HvK1U9OHIsd90362401655758614_1697773.png', 1, 1, 2, 1, 1, 0, 'active', '2022-06-15 13:57:23', '2022-06-20 17:59:01', NULL),
(2, 'المحاضرة الثانية', 'المحاضرة الثانيةيتناول هذا المساق المهارات المستخدمة في تصميم صفحات الإنترنت حيث يتم  التركيز على تصميم (Front end) للموقع الإلكتروني. يتعلم الطالب أساسيات برمجة الصفحات باستخدام HTML5 ومن ثم تنسيق هذه الصفحات وهيكلتها باستخدام CSS3. كذلك يتناول المساق لغات البرمجة                        JavaScript و JQuery واستخداماتها للتفاعل مع محتوى الصفحات الإلكترونية.', 'https://www.youtube.com/embed/B1bukSUIKW0', 'Dn9VAqmUCOzExlw40408631655758600_3716804.png', 1, 1, 3, 1, 2, 0, 'active', '2022-06-15 14:01:00', '2022-06-20 17:56:40', NULL),
(3, 'المحاضرة الثالثة', 'يتناول هذا المساق المهارات المستخدمة في تصميم صفحات الإنترنت حيث يتم  التركيز على تصميم (Front end) للموقع الإلكتروني. يتعلم الطالب أساسيات برمجة الصفحات باستخدام HTML5 ومن ثم تنسيق هذه الصفحات وهيكلتها باستخدام CSS3. كذلك يتناول المساق لغات البرمجة                        JavaScript و JQuery واستخداماتها للتفاعل مع محتوى الصفحات الإلكترونية.', 'https://www.youtube.com/embed/B1bukSUIKW0', 'cNITofXXZeJEwiJ18766241655758583_4365051.png', 1, 2, 1, 1, 1, 0, 'active', '2022-06-15 14:02:10', '2022-06-20 17:56:23', NULL),
(6, 'المحاضرة النهائية', NULL, 'https://www.youtube.com/embed/fN-rbQ1e2hw', 'c5NWdT4LEQRYgHz23093931655758554_9439955.png', 1, 1, 2, 1, 1, 0, 'not_active', '2022-06-17 09:39:56', '2022-06-23 16:52:21', NULL),
(7, 'المحاضرة الأولى', '11', 'https://www.youtube.com/embed/B1bukSUIKW0', 'u9SJxscdW8VYiyN18826091655669915_6942423.jpeg', NULL, NULL, 7, NULL, NULL, 1, 'active', '2022-06-19 17:18:36', '2022-06-24 15:25:48', NULL),
(8, 'Discrete Mathematics', NULL, 'https://www.youtube.com/embed/gAlSRgSeIsQ', 'YaACZOhPa4Yn0HU31254241656100969_2441712.JPG', 1, 1, 13, 1, 1, 0, 'active', '2022-06-24 17:02:50', '2022-06-24 18:01:32', NULL),
(9, 'Predicates Quantifiers', NULL, 'https://www.youtube.com/watch?v=WNoF4_EDCFs', 'uc5jKytCdBhc9Ja38450001656103082_2054707.JPG', 1, 1, 13, 1, 1, 0, 'active', '2022-06-24 20:36:29', '2022-06-24 17:38:03', NULL),
(10, 'Nested Quantifiers', NULL, 'https://www.youtube.com/watch?v=mnboMT4aXMw', 'WKCKnNKbR6jlXYj62816411656103093_7985805.JPG', 1, 1, 13, 1, 1, 0, 'active', '2022-06-24 20:36:36', '2022-06-24 17:38:13', NULL),
(11, 'Rules Inference', NULL, 'https://www.youtube.com/watch?v=xeTWnmt0OTo', 'YNckYcWB0qKfq0f31071751656103104_9959249.JPG', 1, 1, 13, 1, 1, 0, 'active', '2022-06-24 20:36:40', '2022-06-24 17:38:25', NULL),
(12, 'Basic Structures', NULL, 'https://www.youtube.com/watch?v=0HTI94jFUyM', 'xClJCSAldmxlc2J28697321656103114_2976074.JPG', 1, 1, 13, 1, 1, 0, 'active', '2022-06-24 20:36:46', '2022-06-24 17:38:34', NULL),
(13, 'Sequences Matrices', NULL, 'https://www.youtube.com/watch?v=0HTI94jFUyM', 'rHfuT5cnfQIlPbU54271041656103123_7609305.JPG', 1, 1, 13, 1, 1, 0, 'active', '2022-06-24 20:36:50', '2022-06-24 17:38:44', NULL),
(14, 'Relations', NULL, 'https://www.youtube.com/watch?v=0HTI94jFUyM', 'Ksou4FZgNvWUPPI82407951656103133_2387641.JPG', 1, 1, 13, 1, 1, 0, 'active', '2022-06-24 20:36:53', '2022-06-24 17:38:54', NULL),
(15, 'Algorithms', NULL, 'https://www.youtube.com/watch?v=0HTI94jFUyM', 'bmbrGlBlWtgo0fz62060171656103145_6775951.JPG', 1, 1, 13, 1, 1, 0, 'active', '2022-06-24 20:36:58', '2022-06-24 17:39:05', NULL),
(16, 'Number Theory', NULL, 'https://www.youtube.com/watch?v=0HTI94jFUyM', 'ZIMLXJGwoCPHN2r13321261656103156_8899228.JPG', 1, 1, 13, 1, 1, 0, 'active', '2022-06-24 20:37:02', '2022-06-24 17:39:16', NULL),
(17, 'Proof Techniques', NULL, 'https://www.youtube.com/watch?v=0HTI94jFUyM', '97VTByUgJngOJJI94639371656103167_3848815.JPG', 1, 1, 13, 1, 1, 0, 'active', '2022-06-24 20:37:06', '2022-06-24 17:39:27', NULL),
(18, 'Graphs', NULL, 'https://www.youtube.com/watch?v=0HTI94jFUyM', 'l9ac3uNgBfOuoG624204271656103185_5179139.JPG', 1, 1, 13, 1, 1, 0, 'active', '2022-06-24 20:37:09', '2022-06-24 17:39:45', NULL),
(19, 'المحاضرة الاولى', NULL, 'https://www.youtube.com/watch?v=lNWXoBFJR5I', 'OXQ7gQTWOtnpOxe13628111656104054_1318811.JPG', 1, 1, 2, 1, 1, 0, 'active', '2022-06-24 17:54:15', '2022-06-24 17:54:15', NULL),
(20, 'المحاضرة الثانية', NULL, 'https://www.youtube.com/watch?v=BXTA4YQrSO8', 'PjwEv5m4UaceCrH43077491656104091_1070289.JPG', 1, 1, 2, 1, 1, 0, 'active', '2022-06-24 17:54:51', '2022-06-24 17:54:51', NULL),
(21, 'المحاضرة الثالثة', NULL, 'https://www.youtube.com/watch?v=-pb3pWhMtBU', 'r3RTD6z6FCxi1Lq66123131656104148_4226681.JPG', 1, 1, 2, 1, 1, 0, 'active', '2022-06-24 17:55:49', '2022-06-24 17:55:49', NULL),
(22, 'المحاضرة الرابعة', NULL, 'https://www.youtube.com/watch?v=s7hUqOTQpdU', 'SEsY8DWa4GvXcoQ45642871656104182_6901824.JPG', 1, 1, 2, 1, 1, 0, 'active', '2022-06-24 17:56:22', '2022-06-24 17:56:22', NULL),
(23, 'المحاضرة الخامسة', NULL, 'https://www.youtube.com/watch?v=DosI6QpoRMQ', 'bvu2kNVGmBr5pWP78519321656104218_7500864.JPG', 1, 1, 2, 1, 1, 0, 'active', '2022-06-24 17:56:58', '2022-06-24 17:56:58', NULL),
(24, 'المحاضرة السادسة', NULL, 'https://www.youtube.com/watch?v=O-F403KqfkA', 'S2dfVWfOn2oXmJ438776861656104253_7181152.JPG', 1, 1, 2, 1, 1, 0, 'active', '2022-06-24 17:57:34', '2022-06-24 17:57:34', NULL),
(25, 'المحاضرة السابعة', NULL, 'https://www.youtube.com/watch?v=FDkRtdDHbxs', 'MMhinQ2hn69apGv98575291656104286_8396725.JPG', 1, 1, 2, 1, 1, 0, 'active', '2022-06-24 17:58:06', '2022-06-24 17:58:06', NULL),
(26, 'المحاضرة الثامنة', NULL, 'https://www.youtube.com/watch?v=M-q2b4d__NY', 'EWCBEQwJkG6iWzl69757261656104316_4867384.JPG', 1, 1, 2, 1, 1, 0, 'active', '2022-06-24 17:58:36', '2022-06-24 17:58:36', NULL),
(27, 'المحاضرة التاسعة', NULL, 'https://www.youtube.com/watch?v=S-lkB9U2D0M', '0bHu9WsDauC1Kwq74250191656104347_2941614.JPG', 1, 1, 2, 1, 1, 0, 'active', '2022-06-24 17:59:07', '2022-06-24 17:59:07', NULL),
(28, 'المحاضرة الاولى', NULL, 'https://www.youtube.com/watch?v=0HTI94jFUyM', 'gvxpbz1Drv6hxn640427221656104857_9155983.JPG', 1, 1, 9, 1, 1, 0, 'active', '2022-06-24 18:07:37', '2022-06-24 18:07:37', NULL),
(29, 'المحاضرة الاولى', NULL, 'https://www.youtube.com/watch?v=0HTI94jFUyM', '4RkED9k0pjth3me36462901656104893_6497012.JPG', 1, 1, 11, 1, 1, 0, 'active', '2022-06-24 18:08:13', '2022-06-24 18:08:13', NULL),
(30, 'المحاضرة الأولى', NULL, 'https://www.youtube.com/watch?v=0HTI94jFUyM', 'kxzjTeM9VmEFNqQ34453981656104925_3601585.JPG', 1, 1, 12, 1, 1, 0, 'active', '2022-06-24 18:08:45', '2022-06-24 18:08:45', NULL),
(31, 'المحاضرة الاولى', NULL, 'https://www.youtube.com/watch?v=0HTI94jFUyM', '2xz8kt6M8lrGbc620775651656104972_7437742.JPG', 1, 1, 16, 1, 2, 0, 'active', '2022-06-24 18:09:32', '2022-06-24 18:09:32', NULL),
(32, 'المحاضرة الاولى', NULL, 'https://www.youtube.com/watch?v=0HTI94jFUyM', '7ANkmTUa4eYNE7w80359801656105008_2522601.JPG', 1, 1, 17, 1, 2, 0, 'active', '2022-06-24 18:10:08', '2022-06-24 18:10:08', NULL),
(33, 'المحاضرة الأولى', NULL, 'https://www.youtube.com/watch?v=0HTI94jFUyM', 'mGCGnu8qp1F0Grq46982051656105051_3574885.JPG', 1, 1, 19, 1, 2, 0, 'active', '2022-06-24 18:10:52', '2022-06-24 18:10:52', NULL);

-- --------------------------------------------------------

--
-- Table structure for table `years`
--

CREATE TABLE `years` (
  `id` bigint(20) UNSIGNED NOT NULL,
  `slug` varchar(191) COLLATE utf8mb4_unicode_ci NOT NULL,
  `created_at` timestamp NULL DEFAULT NULL,
  `updated_at` timestamp NULL DEFAULT NULL,
  `deleted_at` timestamp NULL DEFAULT NULL
) ENGINE=InnoDB DEFAULT CHARSET=utf8mb4 COLLATE=utf8mb4_unicode_ci;

--
-- Dumping data for table `years`
--

INSERT INTO `years` (`id`, `slug`, `created_at`, `updated_at`, `deleted_at`) VALUES
(1, '1', NULL, NULL, NULL),
(2, '2', NULL, NULL, NULL),
(3, '3', NULL, NULL, NULL),
(4, '4', NULL, NULL, NULL),
(5, '5', NULL, NULL, NULL),
(6, '6', NULL, NULL, NULL);

-- --------------------------------------------------------

--
-- Table structure for table `year_translations`
--

CREATE TABLE `year_translations` (
  `id` bigint(20) UNSIGNED NOT NULL,
  `year_id` int(11) NOT NULL,
  `locale` varchar(191) COLLATE utf8mb4_unicode_ci NOT NULL,
  `name` varchar(191) COLLATE utf8mb4_unicode_ci NOT NULL,
  `created_at` timestamp NULL DEFAULT NULL,
  `updated_at` timestamp NULL DEFAULT NULL,
  `deleted_at` timestamp NULL DEFAULT NULL
) ENGINE=InnoDB DEFAULT CHARSET=utf8mb4 COLLATE=utf8mb4_unicode_ci;

--
-- Dumping data for table `year_translations`
--

INSERT INTO `year_translations` (`id`, `year_id`, `locale`, `name`, `created_at`, `updated_at`, `deleted_at`) VALUES
(1, 1, 'en', 'First Year', NULL, NULL, NULL),
(2, 1, 'ar', 'العام الدراسي الأول', NULL, NULL, NULL),
(3, 2, 'en', 'Second Year', NULL, NULL, NULL),
(4, 2, 'ar', 'العام الدراسي الثاني', NULL, NULL, NULL),
(5, 3, 'en', 'Third Year', NULL, NULL, NULL),
(6, 3, 'ar', 'العام الدراسي الثالث', NULL, NULL, NULL),
(7, 4, 'en', 'Fourth Year', NULL, NULL, NULL),
(8, 4, 'ar', 'العام الدراسي الرابع', NULL, NULL, NULL),
(9, 5, 'en', 'Fifth Year', NULL, NULL, NULL),
(10, 5, 'ar', 'العام الدراسي الخامس', NULL, NULL, NULL),
(11, 6, 'en', 'Sixth year', NULL, NULL, NULL),
(12, 6, 'ar', 'العام الدراسي السادس', NULL, NULL, NULL);

--
-- Indexes for dumped tables
--

--
-- Indexes for table `admins`
--
ALTER TABLE `admins`
  ADD PRIMARY KEY (`id`),
  ADD UNIQUE KEY `admins_email_unique` (`email`);

--
-- Indexes for table `admin_roles`
--
ALTER TABLE `admin_roles`
  ADD PRIMARY KEY (`id`);

--
-- Indexes for table `comments`
--
ALTER TABLE `comments`
  ADD PRIMARY KEY (`id`);

--
-- Indexes for table `courses`
--
ALTER TABLE `courses`
  ADD PRIMARY KEY (`id`);

--
-- Indexes for table `departments`
--
ALTER TABLE `departments`
  ADD PRIMARY KEY (`id`);

--
-- Indexes for table `department_translations`
--
ALTER TABLE `department_translations`
  ADD PRIMARY KEY (`id`);

--
-- Indexes for table `department_years`
--
ALTER TABLE `department_years`
  ADD PRIMARY KEY (`id`);

--
-- Indexes for table `faculties`
--
ALTER TABLE `faculties`
  ADD PRIMARY KEY (`id`);

--
-- Indexes for table `faculty_translations`
--
ALTER TABLE `faculty_translations`
  ADD PRIMARY KEY (`id`),
  ADD KEY `faculty_translations_locale_index` (`locale`);

--
-- Indexes for table `favorites`
--
ALTER TABLE `favorites`
  ADD PRIMARY KEY (`id`);

--
-- Indexes for table `files`
--
ALTER TABLE `files`
  ADD PRIMARY KEY (`id`);

--
-- Indexes for table `languages`
--
ALTER TABLE `languages`
  ADD PRIMARY KEY (`id`);

--
-- Indexes for table `language_translation`
--
ALTER TABLE `language_translation`
  ADD PRIMARY KEY (`id`);

--
-- Indexes for table `migrations`
--
ALTER TABLE `migrations`
  ADD PRIMARY KEY (`id`);

--
-- Indexes for table `pages`
--
ALTER TABLE `pages`
  ADD PRIMARY KEY (`id`);

--
-- Indexes for table `page_translations`
--
ALTER TABLE `page_translations`
  ADD PRIMARY KEY (`id`);

--
-- Indexes for table `partners`
--
ALTER TABLE `partners`
  ADD PRIMARY KEY (`id`);

--
-- Indexes for table `permissions`
--
ALTER TABLE `permissions`
  ADD PRIMARY KEY (`id`);

--
-- Indexes for table `permission_translations`
--
ALTER TABLE `permission_translations`
  ADD PRIMARY KEY (`id`);

--
-- Indexes for table `roles`
--
ALTER TABLE `roles`
  ADD PRIMARY KEY (`id`);

--
-- Indexes for table `role_permissions`
--
ALTER TABLE `role_permissions`
  ADD PRIMARY KEY (`id`);

--
-- Indexes for table `role_translations`
--
ALTER TABLE `role_translations`
  ADD PRIMARY KEY (`id`);

--
-- Indexes for table `semesters`
--
ALTER TABLE `semesters`
  ADD PRIMARY KEY (`id`);

--
-- Indexes for table `semester_translations`
--
ALTER TABLE `semester_translations`
  ADD PRIMARY KEY (`id`);

--
-- Indexes for table `settings`
--
ALTER TABLE `settings`
  ADD PRIMARY KEY (`id`);

--
-- Indexes for table `setting_translations`
--
ALTER TABLE `setting_translations`
  ADD PRIMARY KEY (`id`),
  ADD KEY `setting_translations_locale_index` (`locale`);

--
-- Indexes for table `users`
--
ALTER TABLE `users`
  ADD PRIMARY KEY (`id`),
  ADD UNIQUE KEY `users_email_unique` (`email`);

--
-- Indexes for table `videos`
--
ALTER TABLE `videos`
  ADD PRIMARY KEY (`id`);

--
-- Indexes for table `years`
--
ALTER TABLE `years`
  ADD PRIMARY KEY (`id`);

--
-- Indexes for table `year_translations`
--
ALTER TABLE `year_translations`
  ADD PRIMARY KEY (`id`);

--
-- AUTO_INCREMENT for dumped tables
--

--
-- AUTO_INCREMENT for table `admins`
--
ALTER TABLE `admins`
  MODIFY `id` int(10) UNSIGNED NOT NULL AUTO_INCREMENT, AUTO_INCREMENT=10;

--
-- AUTO_INCREMENT for table `admin_roles`
--
ALTER TABLE `admin_roles`
  MODIFY `id` bigint(20) UNSIGNED NOT NULL AUTO_INCREMENT, AUTO_INCREMENT=3;

--
-- AUTO_INCREMENT for table `comments`
--
ALTER TABLE `comments`
  MODIFY `id` bigint(20) UNSIGNED NOT NULL AUTO_INCREMENT, AUTO_INCREMENT=21;

--
-- AUTO_INCREMENT for table `courses`
--
ALTER TABLE `courses`
  MODIFY `id` bigint(20) UNSIGNED NOT NULL AUTO_INCREMENT, AUTO_INCREMENT=222;

--
-- AUTO_INCREMENT for table `departments`
--
ALTER TABLE `departments`
  MODIFY `id` bigint(20) UNSIGNED NOT NULL AUTO_INCREMENT, AUTO_INCREMENT=10;

--
-- AUTO_INCREMENT for table `department_translations`
--
ALTER TABLE `department_translations`
  MODIFY `id` bigint(20) UNSIGNED NOT NULL AUTO_INCREMENT, AUTO_INCREMENT=19;

--
-- AUTO_INCREMENT for table `department_years`
--
ALTER TABLE `department_years`
  MODIFY `id` bigint(20) UNSIGNED NOT NULL AUTO_INCREMENT, AUTO_INCREMENT=67;

--
-- AUTO_INCREMENT for table `faculties`
--
ALTER TABLE `faculties`
  MODIFY `id` bigint(20) UNSIGNED NOT NULL AUTO_INCREMENT, AUTO_INCREMENT=13;

--
-- AUTO_INCREMENT for table `faculty_translations`
--
ALTER TABLE `faculty_translations`
  MODIFY `id` bigint(20) UNSIGNED NOT NULL AUTO_INCREMENT, AUTO_INCREMENT=25;

--
-- AUTO_INCREMENT for table `favorites`
--
ALTER TABLE `favorites`
  MODIFY `id` bigint(20) UNSIGNED NOT NULL AUTO_INCREMENT, AUTO_INCREMENT=54;

--
-- AUTO_INCREMENT for table `files`
--
ALTER TABLE `files`
  MODIFY `id` bigint(20) UNSIGNED NOT NULL AUTO_INCREMENT, AUTO_INCREMENT=16;

--
-- AUTO_INCREMENT for table `languages`
--
ALTER TABLE `languages`
  MODIFY `id` bigint(20) UNSIGNED NOT NULL AUTO_INCREMENT, AUTO_INCREMENT=3;

--
-- AUTO_INCREMENT for table `language_translation`
--
ALTER TABLE `language_translation`
  MODIFY `id` bigint(20) UNSIGNED NOT NULL AUTO_INCREMENT, AUTO_INCREMENT=5;

--
-- AUTO_INCREMENT for table `migrations`
--
ALTER TABLE `migrations`
  MODIFY `id` int(10) UNSIGNED NOT NULL AUTO_INCREMENT, AUTO_INCREMENT=30;

--
-- AUTO_INCREMENT for table `pages`
--
ALTER TABLE `pages`
  MODIFY `id` bigint(20) UNSIGNED NOT NULL AUTO_INCREMENT, AUTO_INCREMENT=5;

--
-- AUTO_INCREMENT for table `page_translations`
--
ALTER TABLE `page_translations`
  MODIFY `id` bigint(20) UNSIGNED NOT NULL AUTO_INCREMENT, AUTO_INCREMENT=9;

--
-- AUTO_INCREMENT for table `partners`
--
ALTER TABLE `partners`
  MODIFY `id` bigint(20) UNSIGNED NOT NULL AUTO_INCREMENT, AUTO_INCREMENT=6;

--
-- AUTO_INCREMENT for table `permissions`
--
ALTER TABLE `permissions`
  MODIFY `id` bigint(20) UNSIGNED NOT NULL AUTO_INCREMENT, AUTO_INCREMENT=37;

--
-- AUTO_INCREMENT for table `permission_translations`
--
ALTER TABLE `permission_translations`
  MODIFY `id` bigint(20) UNSIGNED NOT NULL AUTO_INCREMENT, AUTO_INCREMENT=73;

--
-- AUTO_INCREMENT for table `roles`
--
ALTER TABLE `roles`
  MODIFY `id` bigint(20) UNSIGNED NOT NULL AUTO_INCREMENT, AUTO_INCREMENT=2;

--
-- AUTO_INCREMENT for table `role_permissions`
--
ALTER TABLE `role_permissions`
  MODIFY `id` bigint(20) UNSIGNED NOT NULL AUTO_INCREMENT, AUTO_INCREMENT=37;

--
-- AUTO_INCREMENT for table `role_translations`
--
ALTER TABLE `role_translations`
  MODIFY `id` bigint(20) UNSIGNED NOT NULL AUTO_INCREMENT, AUTO_INCREMENT=3;

--
-- AUTO_INCREMENT for table `semesters`
--
ALTER TABLE `semesters`
  MODIFY `id` bigint(20) UNSIGNED NOT NULL AUTO_INCREMENT, AUTO_INCREMENT=3;

--
-- AUTO_INCREMENT for table `semester_translations`
--
ALTER TABLE `semester_translations`
  MODIFY `id` bigint(20) UNSIGNED NOT NULL AUTO_INCREMENT, AUTO_INCREMENT=5;

--
-- AUTO_INCREMENT for table `settings`
--
ALTER TABLE `settings`
  MODIFY `id` bigint(20) UNSIGNED NOT NULL AUTO_INCREMENT, AUTO_INCREMENT=2;

--
-- AUTO_INCREMENT for table `setting_translations`
--
ALTER TABLE `setting_translations`
  MODIFY `id` bigint(20) UNSIGNED NOT NULL AUTO_INCREMENT, AUTO_INCREMENT=3;

--
-- AUTO_INCREMENT for table `users`
--
ALTER TABLE `users`
  MODIFY `id` bigint(20) UNSIGNED NOT NULL AUTO_INCREMENT, AUTO_INCREMENT=3;

--
-- AUTO_INCREMENT for table `videos`
--
ALTER TABLE `videos`
  MODIFY `id` bigint(20) UNSIGNED NOT NULL AUTO_INCREMENT, AUTO_INCREMENT=34;

--
-- AUTO_INCREMENT for table `years`
--
ALTER TABLE `years`
  MODIFY `id` bigint(20) UNSIGNED NOT NULL AUTO_INCREMENT, AUTO_INCREMENT=7;

--
-- AUTO_INCREMENT for table `year_translations`
--
ALTER TABLE `year_translations`
  MODIFY `id` bigint(20) UNSIGNED NOT NULL AUTO_INCREMENT, AUTO_INCREMENT=13;
COMMIT;

/*!40101 SET CHARACTER_SET_CLIENT=@OLD_CHARACTER_SET_CLIENT */;
/*!40101 SET CHARACTER_SET_RESULTS=@OLD_CHARACTER_SET_RESULTS */;
/*!40101 SET COLLATION_CONNECTION=@OLD_COLLATION_CONNECTION */;
